text,intent,template_family
"hola, ¿cuáles son las etapas de la inscripción del rut para alguien de pereira?",CONSULTA_INFORMATIVA,CONSULTA_INFORMATIVA:17
"buenas, ¿me colaboras? quisiera presentar una solicitud de la cédula digital en medellín.",SOLICITUD_TRAMITE,SOLICITUD_TRAMITE:05
"buenas, ¿me colaboras? ¿hay una sede que atienda consultas sobre la actualización del rut en cartagena?",DERIVACION_ENTIDAD,DERIVACION_ENTIDAD:07
una preguntica: ¿debo presentar originales o copias paral duplicado de la cédula en bogotá?,CONSULTA_INFORMATIVA,CONSULTA_INFORMATIVA:19
la cita de la cédula digital en medellín desapareció del sistema.,REPORTE_PROBLEMA,REPORTE_PROBLEMA:19
"disculpa, ¿puedo revisar el progreso del registro civil de nacimiento que entregué en bogotá?",VERIFICACION_ESTADO,VERIFICACION_ESTADO:09
una preguntica: se borró la información mientras hacía la encuesta del sisbén en bucaramanga.,REPORTE_PROBLEMA,REPORTE_PROBLEMA:07
"buenas, ¿hay una sede que atienda consultas sobre el pasaporte ordinario en cali?",DERIVACION_ENTIDAD,DERIVACION_ENTIDAD:07
"disculpa, busco información general sobre el certificado de antecedentes disciplinarios en pasto.",CONSULTA_INFORMATIVA,CONSULTA_INFORMATIVA:11
"buenos días, hay un problema: el portal del duplicado de la cédula en barranquilla no termina de procesar.",REPORTE_PROBLEMA,REPORTE_PROBLEMA:20
"disculpa, deseo comenzar el proceso de la corrección del registro civil en medellín.",SOLICITUD_TRAMITE,SOLICITUD_TRAMITE:06
¿con qué institución hablo sobre el certificado de antecedentes disciplinarios en pasto?,DERIVACION_ENTIDAD,DERIVACION_ENTIDAD:05
"disculpa, me sale un error al llenar el formulario de la consulta de historia laboral en pereira.",REPORTE_PROBLEMA,REPORTE_PROBLEMA:02
"por favor, ¿qué entidad atiende la corrección del registro civil en medellín?",DERIVACION_ENTIDAD,DERIVACION_ENTIDAD:01
¿puedo revisar el progreso de la inscripción del rut que entregué en barranquilla?,VERIFICACION_ESTADO,VERIFICACION_ESTADO:09
busco atención presencial de la institución que lleva la cédula digital en medellín.,DERIVACION_ENTIDAD,DERIVACION_ENTIDAD:19
"hola, ¿qué edad mínima se exige para la actualización del rut en cartagena?",CONSULTA_INFORMATIVA,CONSULTA_INFORMATIVA:09
"por favor, tengo un radicado de la corrección del registro civil en medellín y busco su estado.",VERIFICACION_ESTADO,VERIFICACION_ESTADO:05
"hola, busco atención presencial de la institución que lleva la consulta de historia laboral en pasto.",DERIVACION_ENTIDAD,DERIVACION_ENTIDAD:19
"hola, ¿cómo hago seguimiento a mi solicitud existente de la cédula digital en medellín?",VERIFICACION_ESTADO,VERIFICACION_ESTADO:04
"por favor, ¿existe una línea de atención oficial para la renovación de la licencia de conducción en manizales?",DERIVACION_ENTIDAD,DERIVACION_ENTIDAD:18
"buenas tardes, aparece un cobro repetido durante el certificado de antecedentes fiscales en ibagué.",REPORTE_PROBLEMA,REPORTE_PROBLEMA:17
"disculpa, deseo comenzar el proceso de la presentación de peticiones quejas reclamos sugerencias en cali.",SOLICITUD_TRAMITE,SOLICITUD_TRAMITE:06
"hola, el comprobante de la inscripción del rut en pereira no se puede descargar.",REPORTE_PROBLEMA,REPORTE_PROBLEMA:16
quisiera presentar una solicitud del certificado de antecedentes fiscales en ibagué.,SOLICITUD_TRAMITE,SOLICITUD_TRAMITE:05
hace unos días presenté el certificado de antecedentes judiciales en villavicencio; ¿en qué etapa va?,VERIFICACION_ESTADO,VERIFICACION_ESTADO:11
"hola, el sistema del registro civil de nacimiento en bogotá se queda bloqueado.",REPORTE_PROBLEMA,REPORTE_PROBLEMA:03
"buenas tardes, ¿a cuál oficina debo dirigirme por la encuesta del sisbén en bucaramanga?",DERIVACION_ENTIDAD,DERIVACION_ENTIDAD:02
"por favor, ¿qué diferencia hay entre la atención presencial y virtual para la inscripción del rut en pereira?",CONSULTA_INFORMATIVA,CONSULTA_INFORMATIVA:07
una preguntica: ¿cómo contacto al área de atención ciudadana del pasaporte ordinario en cali?,DERIVACION_ENTIDAD,DERIVACION_ENTIDAD:17
una preguntica: quisiera presentar una solicitud del registro civil de nacimiento en bogotá.,SOLICITUD_TRAMITE,SOLICITUD_TRAMITE:05
el sistema de la consulta de historia laboral en pereira se queda bloqueado.,REPORTE_PROBLEMA,REPORTE_PROBLEMA:03
"buenas tardes, ¿a cuál oficina debo dirigirme por la actualización del rut en cartagena?",DERIVACION_ENTIDAD,DERIVACION_ENTIDAD:02
me haces el favor: ¿dónde me atiende una persona por el pasaporte ordinario en bucaramanga?,DERIVACION_ENTIDAD,DERIVACION_ENTIDAD:11
"por favor, el comprobante de la renovación de la licencia de conducción en manizales no se puede descargar.",REPORTE_PROBLEMA,REPORTE_PROBLEMA:16
una preguntica: ya decidí hacer el duplicado de la cédula en bogotá; orienta mi solicitud.,SOLICITUD_TRAMITE,SOLICITUD_TRAMITE:18
"buenas tardes, ¿hay una guía para entender la renovación de la licencia de conducción en ibagué?",CONSULTA_INFORMATIVA,CONSULTA_INFORMATIVA:18
"buenas tardes, ¿a quién le corresponde orientarme sobre la corrección del registro civil en medellín?",DERIVACION_ENTIDAD,DERIVACION_ENTIDAD:20
me haces el favor: me dieron un comprobante de la inscripción del rut en barranquilla; quiero revisar la gestión.,VERIFICACION_ESTADO,VERIFICACION_ESTADO:13
me haces el favor: la plataforma muestra un error de conexión al hacer la renovación de la licencia de conducción en ibagué.,REPORTE_PROBLEMA,REPORTE_PROBLEMA:10
"por favor, ¿a qué dependencia le corresponde la consulta de historia laboral en pasto?",DERIVACION_ENTIDAD,DERIVACION_ENTIDAD:09
"disculpa, ¿qué edad mínima se exige para la inscripción del rut en pereira?",CONSULTA_INFORMATIVA,CONSULTA_INFORMATIVA:09
me haces el favor: busco atención presencial de la institución que lleva la renovación de la licencia de conducción en ibagué.,DERIVACION_ENTIDAD,DERIVACION_ENTIDAD:19
"por favor, el sistema de la cédula digital en medellín se queda bloqueado.",REPORTE_PROBLEMA,REPORTE_PROBLEMA:03
me haces el favor: hace unos días presenté el certificado de afiliación a salud en villavicencio; ¿en qué etapa va?,VERIFICACION_ESTADO,VERIFICACION_ESTADO:11
una preguntica: ¿hay una guía para entender la consulta de historia laboral en pasto?,CONSULTA_INFORMATIVA,CONSULTA_INFORMATIVA:18
"buenos días, ¿dónde me atiende una persona por la actualización del rut en cartagena?",DERIVACION_ENTIDAD,DERIVACION_ENTIDAD:11
"buenas tardes, quiero pasar de la información a la solicitud de la encuesta del sisbén en cúcuta.",SOLICITUD_TRAMITE,SOLICITUD_TRAMITE:14
hay un problema: el portal de la inscripción del rut en barranquilla no termina de procesar.,REPORTE_PROBLEMA,REPORTE_PROBLEMA:20
una preguntica: me explicas en palabras sencillas en qué consiste el certificado de antecedentes fiscales en ibagué.,CONSULTA_INFORMATIVA,CONSULTA_INFORMATIVA:13
"buenas tardes, necesito el enlace para iniciar el pasaporte ordinario desde bucaramanga.",SOLICITUD_TRAMITE,SOLICITUD_TRAMITE:13
"buenas, ¿me colaboras? necesito hacer el certificado de antecedentes judiciales en cúcuta, ¿cómo empiezo?",SOLICITUD_TRAMITE,SOLICITUD_TRAMITE:03
"buenas, ¿me colaboras? el comprobante de la cédula digital en cartagena no se puede descargar.",REPORTE_PROBLEMA,REPORTE_PROBLEMA:16
"buenas, ¿me colaboras? ya envié los documentos de la corrección del registro civil en medellín; busco la respuesta.",VERIFICACION_ESTADO,VERIFICACION_ESTADO:16
"hola, ¿dónde me atiende una persona por la actualización del rut en manizales?",DERIVACION_ENTIDAD,DERIVACION_ENTIDAD:11
"me haces el favor: presenté la encuesta del sisbén en cúcuta, ¿sigue en revisión?",VERIFICACION_ESTADO,VERIFICACION_ESTADO:07
"buenos días, no puedo adjuntar los documentos de la consulta de historia laboral en pereira; aparece un fallo.",REPORTE_PROBLEMA,REPORTE_PROBLEMA:06
"buenas tardes, quiero la dirección de la sede competente para la cédula digital en cartagena.",DERIVACION_ENTIDAD,DERIVACION_ENTIDAD:16
"buenas, ¿me colaboras? el sistema del pasaporte ordinario en bucaramanga se queda bloqueado.",REPORTE_PROBLEMA,REPORTE_PROBLEMA:03
¿hay algún pago relacionado con el pasaporte ordinario en cali?,CONSULTA_INFORMATIVA,CONSULTA_INFORMATIVA:12
"buenos días, oriéntame hacial canal oficial de atención de la renovación de la licencia de conducción en ibagué.",DERIVACION_ENTIDAD,DERIVACION_ENTIDAD:06
"buenas tardes, deseo comenzar el proceso de la consulta de historia laboral en pereira.",SOLICITUD_TRAMITE,SOLICITUD_TRAMITE:06
ya decidí hacer la corrección del registro civil en medellín; orienta mi solicitud.,SOLICITUD_TRAMITE,SOLICITUD_TRAMITE:18
una preguntica: el sistema de la encuesta del sisbén en cúcuta se queda bloqueado.,REPORTE_PROBLEMA,REPORTE_PROBLEMA:03
"buenos días, ¿dónde miro la respuesta a mi radicación del pasaporte ordinario en bucaramanga?",VERIFICACION_ESTADO,VERIFICACION_ESTADO:12
hace unos días presenté la inscripción del rut en barranquilla; ¿en qué etapa va?,VERIFICACION_ESTADO,VERIFICACION_ESTADO:11
"buenas tardes, ¿mi solicitud anterior de la actualización del rut en cartagena continúa pendiente?",VERIFICACION_ESTADO,VERIFICACION_ESTADO:15
"buenas, ¿me colaboras? intenté pagar la actualización del rut en cartagena y el portal rechazó la operación.",REPORTE_PROBLEMA,REPORTE_PROBLEMA:04
"buenas tardes, necesito hacer la actualización del rut en manizales, ¿cómo empiezo?",SOLICITUD_TRAMITE,SOLICITUD_TRAMITE:03
una preguntica: la cita del certificado de antecedentes judiciales en cúcuta desapareció del sistema.,REPORTE_PROBLEMA,REPORTE_PROBLEMA:19
me haces el favor: tengo un radicado del certificado de antecedentes judiciales en cúcuta y busco su estado.,VERIFICACION_ESTADO,VERIFICACION_ESTADO:05
una preguntica: busco información general sobre la encuesta del sisbén en bucaramanga.,CONSULTA_INFORMATIVA,CONSULTA_INFORMATIVA:11
"buenos días, aparece un cobro repetido durante la consulta de historia laboral en pereira.",REPORTE_PROBLEMA,REPORTE_PROBLEMA:17
"por favor, explícame los requisitos de la presentación de peticiones quejas reclamos sugerencias en cali.",CONSULTA_INFORMATIVA,CONSULTA_INFORMATIVA:04
"hola, vivo en medellín, ¿dónde leo los requisitos oficiales de la cédula digital?",CONSULTA_INFORMATIVA,CONSULTA_INFORMATIVA:16
"disculpa, estoy listo para tramitar la actualización del rut en manizales, ¿cuál es el paso inicial?",SOLICITUD_TRAMITE,SOLICITUD_TRAMITE:20
¿cuáles son las etapas de la renovación de la licencia de conducción para alguien de ibagué?,CONSULTA_INFORMATIVA,CONSULTA_INFORMATIVA:17
¿debo presentar originales o copias para la inscripción del rut en pereira?,CONSULTA_INFORMATIVA,CONSULTA_INFORMATIVA:19
una preguntica: ¿qué entidad atiende la inscripción del rut en pereira?,DERIVACION_ENTIDAD,DERIVACION_ENTIDAD:01
"por favor, ¿hay algún pago relacionado con la renovación de la licencia de conducción en manizales?",CONSULTA_INFORMATIVA,CONSULTA_INFORMATIVA:12
"por favor, intenté pagar la renovación de la licencia de conducción en ibagué y el portal rechazó la operación.",REPORTE_PROBLEMA,REPORTE_PROBLEMA:04
"buenos días, busco atención presencial de la institución que lleva la consulta de historia laboral en pereira.",DERIVACION_ENTIDAD,DERIVACION_ENTIDAD:19
"buenas, tengo un radicado del certificado de antecedentes judiciales en villavicencio y busco su estado.",VERIFICACION_ESTADO,VERIFICACION_ESTADO:05
"buenas, ¿me colaboras? ¿cómo contacto al área de atención ciudadana del certificado de antecedentes disciplinarios en pasto?",DERIVACION_ENTIDAD,DERIVACION_ENTIDAD:17
"buenas, ¿me colaboras? ¿debo presentar originales o copias para la cédula digital en medellín?",CONSULTA_INFORMATIVA,CONSULTA_INFORMATIVA:19
"buenas, presenté el duplicado de la cédula en bogotá, ¿sigue en revisión?",VERIFICACION_ESTADO,VERIFICACION_ESTADO:07
"hola, ¿qué edad mínima se exige paral pasaporte ordinario en bucaramanga?",CONSULTA_INFORMATIVA,CONSULTA_INFORMATIVA:09
"buenas, ¿me colaboras? ¿qué entidad atiende la consulta de historia laboral en pasto?",DERIVACION_ENTIDAD,DERIVACION_ENTIDAD:01
"buenas, busco información general sobre la encuesta del sisbén en cúcuta.",CONSULTA_INFORMATIVA,CONSULTA_INFORMATIVA:11
"buenas, necesito el enlace para iniciar la inscripción del rut desde pereira.",SOLICITUD_TRAMITE,SOLICITUD_TRAMITE:13
"hola, estoy listo para tramitar la consulta de historia laboral en pasto, ¿cuál es el paso inicial?",SOLICITUD_TRAMITE,SOLICITUD_TRAMITE:20
"buenas, ¿cómo veo el resultado de mi solicitud registrada de la consulta de historia laboral en pereira?",VERIFICACION_ESTADO,VERIFICACION_ESTADO:18
"hola, ¿qué documentos piden paral pasaporte ordinario en bucaramanga?",CONSULTA_INFORMATIVA,CONSULTA_INFORMATIVA:01
"por favor, ayúdame a tramitar la corrección del registro civil desde medellín.",SOLICITUD_TRAMITE,SOLICITUD_TRAMITE:02
"buenas tardes, explícame los requisitos de la encuesta del sisbén en bucaramanga.",CONSULTA_INFORMATIVA,CONSULTA_INFORMATIVA:04
"por favor, busco el contacto de la autoridad competente paral duplicado de la cédula en barranquilla.",DERIVACION_ENTIDAD,DERIVACION_ENTIDAD:08
"buenas, ayúdame a tramitar el certificado de antecedentes judiciales desde cúcuta.",SOLICITUD_TRAMITE,SOLICITUD_TRAMITE:02
"hola, antes de empezar, quiero conocer los pasos del registro civil de nacimiento en bogotá.",CONSULTA_INFORMATIVA,CONSULTA_INFORMATIVA:08
"disculpa, ¿dónde me atiende una persona por el duplicado de la cédula en barranquilla?",DERIVACION_ENTIDAD,DERIVACION_ENTIDAD:11
"hola, tengo una gestión abierta de la actualización del rut en cartagena y quiero ver su avance.",VERIFICACION_ESTADO,VERIFICACION_ESTADO:19
"disculpa, ayúdame a tramitar el certificado de antecedentes fiscales desde ibagué.",SOLICITUD_TRAMITE,SOLICITUD_TRAMITE:02
me haces el favor: quiero abrir una gestión nueva del certificado de antecedentes fiscales en ibagué.,SOLICITUD_TRAMITE,SOLICITUD_TRAMITE:16
"buenas tardes, tengo una gestión abierta de la encuesta del sisbén en cúcuta y quiero ver su avance.",VERIFICACION_ESTADO,VERIFICACION_ESTADO:19
"por favor, tengo una gestión abierta del pasaporte ordinario en cali y quiero ver su avance.",VERIFICACION_ESTADO,VERIFICACION_ESTADO:19
"buenas, deseo comenzar el proceso de la renovación de la licencia de conducción en manizales.",SOLICITUD_TRAMITE,SOLICITUD_TRAMITE:06
"hola, deseo comenzar el proceso de la inscripción del rut en barranquilla.",SOLICITUD_TRAMITE,SOLICITUD_TRAMITE:06
una preguntica: me interesa realizar la cédula digital en cartagena ahora.,SOLICITUD_TRAMITE,SOLICITUD_TRAMITE:07
"buenas tardes, deseo comenzar el proceso de la actualización del rut en cartagena.",SOLICITUD_TRAMITE,SOLICITUD_TRAMITE:06
"hola, ¿qué diferencia hay entre la atención presencial y virtual para la inscripción del rut en barranquilla?",CONSULTA_INFORMATIVA,CONSULTA_INFORMATIVA:07
"buenas tardes, el sistema de la actualización del rut en manizales se queda bloqueado.",REPORTE_PROBLEMA,REPORTE_PROBLEMA:03
"por favor, busco información general sobre la consulta de historia laboral en pasto.",CONSULTA_INFORMATIVA,CONSULTA_INFORMATIVA:11
¿qué diferencia hay entre la atención presencial y virtual paral certificado de antecedentes fiscales en ibagué?,CONSULTA_INFORMATIVA,CONSULTA_INFORMATIVA:07
"hola, ¿hay una guía para entender el duplicado de la cédula en bogotá?",CONSULTA_INFORMATIVA,CONSULTA_INFORMATIVA:18
"buenas, ¿me colaboras? indícame cómo radicar una nueva solicitud de la encuesta del sisbén en bucaramanga.",SOLICITUD_TRAMITE,SOLICITUD_TRAMITE:08
"buenas, ¿con qué institución hablo sobre el duplicado de la cédula en bogotá?",DERIVACION_ENTIDAD,DERIVACION_ENTIDAD:05
quiero abrir una gestión nueva del certificado de antecedentes judiciales en cúcuta.,SOLICITUD_TRAMITE,SOLICITUD_TRAMITE:16
"hola, por favor, guíame para solicitar la cédula digital en cartagena.",SOLICITUD_TRAMITE,SOLICITUD_TRAMITE:19
"buenas, ¿me colaboras? busco información general sobre la inscripción del rut en pereira.",CONSULTA_INFORMATIVA,CONSULTA_INFORMATIVA:11
"buenos días, la pantalla del pasaporte ordinario en bucaramanga queda en blanco.",REPORTE_PROBLEMA,REPORTE_PROBLEMA:14
"buenas, me interesa realizar la actualización del rut en cartagena ahora.",SOLICITUD_TRAMITE,SOLICITUD_TRAMITE:07
busco el contacto de la autoridad competente para la corrección del registro civil en medellín.,DERIVACION_ENTIDAD,DERIVACION_ENTIDAD:08
"presenté la encuesta del sisbén en bucaramanga, ¿sigue en revisión?",VERIFICACION_ESTADO,VERIFICACION_ESTADO:07
"hola, vivo en pereira, ¿dónde leo los requisitos oficiales de la consulta de historia laboral?",CONSULTA_INFORMATIVA,CONSULTA_INFORMATIVA:16
"hola, ¿hay algún pago relacionado con la cédula digital en cartagena?",CONSULTA_INFORMATIVA,CONSULTA_INFORMATIVA:12
"buenos días, busco información general sobre la consulta de historia laboral en pereira.",CONSULTA_INFORMATIVA,CONSULTA_INFORMATIVA:11
"buenos días, el enlace de la actualización del rut para cartagena está roto.",REPORTE_PROBLEMA,REPORTE_PROBLEMA:08
"buenos días, indícame cómo radicar una nueva solicitud del certificado de antecedentes disciplinarios en pasto.",SOLICITUD_TRAMITE,SOLICITUD_TRAMITE:08
"por favor, ¿cómo hago seguimiento a mi solicitud existente de la consulta de historia laboral en pasto?",VERIFICACION_ESTADO,VERIFICACION_ESTADO:04
"buenos días, ¿mi solicitud anterior de la encuesta del sisbén en bucaramanga continúa pendiente?",VERIFICACION_ESTADO,VERIFICACION_ESTADO:15
una preguntica: necesito consultar si finalizaron el certificado de antecedentes fiscales que inicié en ibagué.,VERIFICACION_ESTADO,VERIFICACION_ESTADO:17
me haces el favor: intenté pagar el pasaporte ordinario en cali y el portal rechazó la operación.,REPORTE_PROBLEMA,REPORTE_PROBLEMA:04
la plataforma muestra un error de conexión al hacer la consulta de historia laboral en pasto.,REPORTE_PROBLEMA,REPORTE_PROBLEMA:10
"buenas, ¿me colaboras? explícame los requisitos de la inscripción del rut en barranquilla.",CONSULTA_INFORMATIVA,CONSULTA_INFORMATIVA:04
una preguntica: ¿cómo contacto al área de atención ciudadana de la consulta de historia laboral en pasto?,DERIVACION_ENTIDAD,DERIVACION_ENTIDAD:17
¿hay una sede que atienda consultas sobre el certificado de antecedentes disciplinarios en pasto?,DERIVACION_ENTIDAD,DERIVACION_ENTIDAD:07
"buenos días, la cita de la encuesta del sisbén en bucaramanga desapareció del sistema.",REPORTE_PROBLEMA,REPORTE_PROBLEMA:19
"buenas, ¿me colaboras? ¿hay algún pago relacionado con la inscripción del rut en pereira?",CONSULTA_INFORMATIVA,CONSULTA_INFORMATIVA:12
"por favor, la pantalla del certificado de afiliación a salud en villavicencio queda en blanco.",REPORTE_PROBLEMA,REPORTE_PROBLEMA:14
"buenos días, ¿qué diferencia hay entre la atención presencial y virtual paral pasaporte ordinario en bucaramanga?",CONSULTA_INFORMATIVA,CONSULTA_INFORMATIVA:07
"por favor, necesito el enlace para iniciar la renovación de la licencia de conducción desde ibagué.",SOLICITUD_TRAMITE,SOLICITUD_TRAMITE:13
"buenos días, intenté pagar el registro civil de nacimiento en bogotá y el portal rechazó la operación.",REPORTE_PROBLEMA,REPORTE_PROBLEMA:04
me explicas en palabras sencillas en qué consiste la renovación de la licencia de conducción en manizales.,CONSULTA_INFORMATIVA,CONSULTA_INFORMATIVA:13
"disculpa, tengo un radicado del certificado de antecedentes disciplinarios en pasto y busco su estado.",VERIFICACION_ESTADO,VERIFICACION_ESTADO:05
¿qué documentos piden para la consulta de historia laboral en pasto?,CONSULTA_INFORMATIVA,CONSULTA_INFORMATIVA:01
"buenos días, no me deja ingresar a la plataforma de la actualización del rut en manizales.",REPORTE_PROBLEMA,REPORTE_PROBLEMA:18
"buenas, ¿me colaboras? busco atención presencial de la institución que lleva la presentación de peticiones quejas reclamos sugerencias en cali.",DERIVACION_ENTIDAD,DERIVACION_ENTIDAD:19
"buenas, tengo una gestión abierta del pasaporte ordinario en bucaramanga y quiero ver su avance.",VERIFICACION_ESTADO,VERIFICACION_ESTADO:19
"buenas, ¿me colaboras? hay un problema: el portal del registro civil de nacimiento en bogotá no termina de procesar.",REPORTE_PROBLEMA,REPORTE_PROBLEMA:20
una preguntica: ¿a cuál oficina debo dirigirme por la renovación de la licencia de conducción en manizales?,DERIVACION_ENTIDAD,DERIVACION_ENTIDAD:02
"por favor, ¿mi solicitud anterior del pasaporte ordinario en cali continúa pendiente?",VERIFICACION_ESTADO,VERIFICACION_ESTADO:15
"buenas tardes, ¿hay algún pago relacionado con la consulta de historia laboral en pereira?",CONSULTA_INFORMATIVA,CONSULTA_INFORMATIVA:12
"por favor, quisiera presentar una solicitud del duplicado de la cédula en barranquilla.",SOLICITUD_TRAMITE,SOLICITUD_TRAMITE:05
una preguntica: hace unos días presenté el duplicado de la cédula en barranquilla; ¿en qué etapa va?,VERIFICACION_ESTADO,VERIFICACION_ESTADO:11
una preguntica: ¿debo presentar originales o copias paral registro civil de nacimiento en bogotá?,CONSULTA_INFORMATIVA,CONSULTA_INFORMATIVA:19
"hola, no puedo adjuntar los documentos del pasaporte ordinario en cali; aparece un fallo.",REPORTE_PROBLEMA,REPORTE_PROBLEMA:06
me haces el favor: aparece un cobro repetido durante la cédula digital en medellín.,REPORTE_PROBLEMA,REPORTE_PROBLEMA:17
me haces el favor: quiero contactar a la entidad encargada de la renovación de la licencia de conducción en ibagué.,DERIVACION_ENTIDAD,DERIVACION_ENTIDAD:04
"buenas, tengo una gestión abierta del certificado de antecedentes fiscales en ibagué y quiero ver su avance.",VERIFICACION_ESTADO,VERIFICACION_ESTADO:19
"me haces el favor: estoy listo para tramitar la inscripción del rut en barranquilla, ¿cuál es el paso inicial?",SOLICITUD_TRAMITE,SOLICITUD_TRAMITE:20
"buenos días, ¿a quién le corresponde orientarme sobre el certificado de afiliación a salud en villavicencio?",DERIVACION_ENTIDAD,DERIVACION_ENTIDAD:20
"disculpa, ¿cómo contacto al área de atención ciudadana de la encuesta del sisbén en bucaramanga?",DERIVACION_ENTIDAD,DERIVACION_ENTIDAD:17
"buenas, ¿me colaboras? busco saber si aprobaron mi solicitud del certificado de antecedentes judiciales en villavicencio.",VERIFICACION_ESTADO,VERIFICACION_ESTADO:08
"buenos días, estoy listo para tramitar el duplicado de la cédula en bogotá, ¿cuál es el paso inicial?",SOLICITUD_TRAMITE,SOLICITUD_TRAMITE:20
"disculpa, ¿con qué institución hablo sobre la actualización del rut en cartagena?",DERIVACION_ENTIDAD,DERIVACION_ENTIDAD:05
"buenas tardes, intenté pagar la renovación de la licencia de conducción en manizales y el portal rechazó la operación.",REPORTE_PROBLEMA,REPORTE_PROBLEMA:04
"buenos días, tengo una gestión abierta de la consulta de historia laboral en pasto y quiero ver su avance.",VERIFICACION_ESTADO,VERIFICACION_ESTADO:19
me haces el favor: ¿a cuál oficina debo dirigirme por el duplicado de la cédula en barranquilla?,DERIVACION_ENTIDAD,DERIVACION_ENTIDAD:02
"buenas, ¿me colaboras? presenté la presentación de peticiones quejas reclamos sugerencias en cali, ¿sigue en revisión?",VERIFICACION_ESTADO,VERIFICACION_ESTADO:07
me haces el favor: ¿a quién le corresponde orientarme sobre la actualización del rut en manizales?,DERIVACION_ENTIDAD,DERIVACION_ENTIDAD:20
la pantalla del duplicado de la cédula en bogotá queda en blanco.,REPORTE_PROBLEMA,REPORTE_PROBLEMA:14
¿con qué institución hablo sobre la encuesta del sisbén en bucaramanga?,DERIVACION_ENTIDAD,DERIVACION_ENTIDAD:05
"buenas, ¿me colaboras? quiero abrir una gestión nueva del certificado de antecedentes judiciales en villavicencio.",SOLICITUD_TRAMITE,SOLICITUD_TRAMITE:16
"hola, hay un problema: el portal de la encuesta del sisbén en cúcuta no termina de procesar.",REPORTE_PROBLEMA,REPORTE_PROBLEMA:20
"disculpa, ¿mi solicitud anterior de la inscripción del rut en pereira continúa pendiente?",VERIFICACION_ESTADO,VERIFICACION_ESTADO:15
"buenas tardes, me interesa realizar el certificado de antecedentes judiciales en cúcuta ahora.",SOLICITUD_TRAMITE,SOLICITUD_TRAMITE:07
"buenas, presenté la consulta de historia laboral en pasto, ¿sigue en revisión?",VERIFICACION_ESTADO,VERIFICACION_ESTADO:07
quiero la dirección de la sede competente paral pasaporte ordinario en bucaramanga.,DERIVACION_ENTIDAD,DERIVACION_ENTIDAD:16
"buenas, ¿me colaboras? ¿cuál es el plazo habitual de la inscripción del rut en barranquilla?",CONSULTA_INFORMATIVA,CONSULTA_INFORMATIVA:03
una preguntica: tengo una gestión abierta del certificado de afiliación a salud en villavicencio y quiero ver su avance.,VERIFICACION_ESTADO,VERIFICACION_ESTADO:19
"buenas tardes, el comprobante de la consulta de historia laboral en pereira no se puede descargar.",REPORTE_PROBLEMA,REPORTE_PROBLEMA:16
una preguntica: ¿a quién le corresponde orientarme sobre la encuesta del sisbén en cúcuta?,DERIVACION_ENTIDAD,DERIVACION_ENTIDAD:20
"disculpa, hace unos días presenté la actualización del rut en cartagena; ¿en qué etapa va?",VERIFICACION_ESTADO,VERIFICACION_ESTADO:11
"disculpa, me dieron un comprobante de la corrección del registro civil en medellín; quiero revisar la gestión.",VERIFICACION_ESTADO,VERIFICACION_ESTADO:13
me haces el favor: oriéntame hacial canal oficial de atención de la encuesta del sisbén en cúcuta.,DERIVACION_ENTIDAD,DERIVACION_ENTIDAD:06
"buenos días, ¿a cuál oficina debo dirigirme por el certificado de antecedentes judiciales en cúcuta?",DERIVACION_ENTIDAD,DERIVACION_ENTIDAD:02
"disculpa, necesito el enlace para iniciar la encuesta del sisbén desde bucaramanga.",SOLICITUD_TRAMITE,SOLICITUD_TRAMITE:13
"buenos días, por favor, guíame para solicitar la inscripción del rut en barranquilla.",SOLICITUD_TRAMITE,SOLICITUD_TRAMITE:19
"buenas, no me deja ingresar a la plataforma de la renovación de la licencia de conducción en manizales.",REPORTE_PROBLEMA,REPORTE_PROBLEMA:18
"disculpa, el enlace de la encuesta del sisbén para cúcuta está roto.",REPORTE_PROBLEMA,REPORTE_PROBLEMA:08
"disculpa, aparece un cobro repetido durante la renovación de la licencia de conducción en ibagué.",REPORTE_PROBLEMA,REPORTE_PROBLEMA:17
"por favor, ¿hay una sede que atienda consultas sobre la consulta de historia laboral en pereira?",DERIVACION_ENTIDAD,DERIVACION_ENTIDAD:07
"buenas tardes, quisiera presentar una solicitud de la presentación de peticiones quejas reclamos sugerencias en cali.",SOLICITUD_TRAMITE,SOLICITUD_TRAMITE:05
"disculpa, ¿cuál es el plazo habitual del certificado de afiliación a salud en villavicencio?",CONSULTA_INFORMATIVA,CONSULTA_INFORMATIVA:03
"disculpa, ¿cuánto cuesta la inscripción del rut en barranquilla?",CONSULTA_INFORMATIVA,CONSULTA_INFORMATIVA:02
"buenas, ¿me colaboras? presenté el certificado de afiliación a salud en villavicencio, ¿sigue en revisión?",VERIFICACION_ESTADO,VERIFICACION_ESTADO:07
"buenos días, deseo comenzar el proceso del pasaporte ordinario en cali.",SOLICITUD_TRAMITE,SOLICITUD_TRAMITE:06
"buenas, ¿me colaboras? ¿cómo hago seguimiento a mi solicitud existente de la inscripción del rut en barranquilla?",VERIFICACION_ESTADO,VERIFICACION_ESTADO:04
"buenas, explícame los requisitos de la corrección del registro civil en medellín.",CONSULTA_INFORMATIVA,CONSULTA_INFORMATIVA:04
"por favor, me explicas en palabras sencillas en qué consiste el certificado de antecedentes judiciales en villavicencio.",CONSULTA_INFORMATIVA,CONSULTA_INFORMATIVA:13
¿dónde miro la respuesta a mi radicación de la corrección del registro civil en medellín?,VERIFICACION_ESTADO,VERIFICACION_ESTADO:12
"buenos días, ¿me ayudas a arrancar con el duplicado de la cédula en barranquilla?",SOLICITUD_TRAMITE,SOLICITUD_TRAMITE:10
el enlace de la inscripción del rut para pereira está roto.,REPORTE_PROBLEMA,REPORTE_PROBLEMA:08
"buenos días, intenté pagar la cédula digital en medellín y el portal rechazó la operación.",REPORTE_PROBLEMA,REPORTE_PROBLEMA:04
"disculpa, ¿cómo hago seguimiento a mi solicitud existente de la consulta de historia laboral en pereira?",VERIFICACION_ESTADO,VERIFICACION_ESTADO:04
"buenas tardes, no me deja ingresar a la plataforma de la actualización del rut en cartagena.",REPORTE_PROBLEMA,REPORTE_PROBLEMA:18
"buenas tardes, ¿qué diferencia hay entre la atención presencial y virtual para la renovación de la licencia de conducción en manizales?",CONSULTA_INFORMATIVA,CONSULTA_INFORMATIVA:07
"buenas, ¿me colaboras? necesito consultar si finalizaron la cédula digital que inicié en cartagena.",VERIFICACION_ESTADO,VERIFICACION_ESTADO:17
"buenas, indícame cómo radicar una nueva solicitud de la consulta de historia laboral en pasto.",SOLICITUD_TRAMITE,SOLICITUD_TRAMITE:08
tengo un radicado del pasaporte ordinario en cali y busco su estado.,VERIFICACION_ESTADO,VERIFICACION_ESTADO:05
me haces el favor: ¿existe una línea de atención oficial paral certificado de antecedentes disciplinarios en pasto?,DERIVACION_ENTIDAD,DERIVACION_ENTIDAD:18
"por favor, estoy listo para tramitar el certificado de antecedentes judiciales en villavicencio, ¿cuál es el paso inicial?",SOLICITUD_TRAMITE,SOLICITUD_TRAMITE:20
me haces el favor: ¿a qué dependencia le corresponde la cédula digital en cartagena?,DERIVACION_ENTIDAD,DERIVACION_ENTIDAD:09
"por favor, ¿hay algún pago relacionado con el certificado de antecedentes fiscales en ibagué?",CONSULTA_INFORMATIVA,CONSULTA_INFORMATIVA:12
"por favor, ¿dónde miro la respuesta a mi radicación de la cédula digital en medellín?",VERIFICACION_ESTADO,VERIFICACION_ESTADO:12
"por favor, ¿cuánto cuesta la actualización del rut en cartagena?",CONSULTA_INFORMATIVA,CONSULTA_INFORMATIVA:02
"buenos días, me dieron un comprobante del certificado de antecedentes disciplinarios en pasto; quiero revisar la gestión.",VERIFICACION_ESTADO,VERIFICACION_ESTADO:13
"buenos días, ¿cómo hago seguimiento a mi solicitud existente del certificado de antecedentes judiciales en cúcuta?",VERIFICACION_ESTADO,VERIFICACION_ESTADO:04
"buenas, se borró la información mientras hacía la inscripción del rut en pereira.",REPORTE_PROBLEMA,REPORTE_PROBLEMA:07
"hola, ¿existe una línea de atención oficial para la inscripción del rut en barranquilla?",DERIVACION_ENTIDAD,DERIVACION_ENTIDAD:18
"buenas tardes, no me deja ingresar a la plataforma de la cédula digital en medellín.",REPORTE_PROBLEMA,REPORTE_PROBLEMA:18
¿cuál es el plazo habitual del duplicado de la cédula en barranquilla?,CONSULTA_INFORMATIVA,CONSULTA_INFORMATIVA:03
"buenas, ¿me colaboras? ¿a quién le corresponde orientarme sobre el certificado de antecedentes judiciales en villavicencio?",DERIVACION_ENTIDAD,DERIVACION_ENTIDAD:20
me haces el favor: aparece un cobro repetido durante la consulta de historia laboral en pasto.,REPORTE_PROBLEMA,REPORTE_PROBLEMA:17
una preguntica: ¿dónde miro la respuesta a mi radicación de la consulta de historia laboral en pasto?,VERIFICACION_ESTADO,VERIFICACION_ESTADO:12
una preguntica: ¿a qué dependencia le corresponde la encuesta del sisbén en bucaramanga?,DERIVACION_ENTIDAD,DERIVACION_ENTIDAD:09
"buenas, ¿me colaboras? el enlace del certificado de afiliación a salud para villavicencio está roto.",REPORTE_PROBLEMA,REPORTE_PROBLEMA:08
"buenas, ¿me colaboras? la pantalla de la encuesta del sisbén en cúcuta queda en blanco.",REPORTE_PROBLEMA,REPORTE_PROBLEMA:14
me haces el favor: el enlace de la cédula digital para medellín está roto.,REPORTE_PROBLEMA,REPORTE_PROBLEMA:08
"disculpa, quiero abrir una gestión nueva de la inscripción del rut en barranquilla.",SOLICITUD_TRAMITE,SOLICITUD_TRAMITE:16
"buenas, ¿me colaboras? hay un problema: el portal del certificado de antecedentes disciplinarios en pasto no termina de procesar.",REPORTE_PROBLEMA,REPORTE_PROBLEMA:20
"por favor, ¿debo presentar originales o copias para la presentación de peticiones quejas reclamos sugerencias en cali?",CONSULTA_INFORMATIVA,CONSULTA_INFORMATIVA:19
"buenas, ¿me colaboras? necesito consultar si finalizaron el certificado de antecedentes judiciales que inicié en cúcuta.",VERIFICACION_ESTADO,VERIFICACION_ESTADO:17
"buenas, ¿me colaboras? ¿a qué dependencia le correspondel certificado de antecedentes fiscales en ibagué?",DERIVACION_ENTIDAD,DERIVACION_ENTIDAD:09
"buenas, el comprobante del registro civil de nacimiento en bogotá no se puede descargar.",REPORTE_PROBLEMA,REPORTE_PROBLEMA:16
"disculpa, quiero la dirección de la sede competente para la inscripción del rut en barranquilla.",DERIVACION_ENTIDAD,DERIVACION_ENTIDAD:16
"buenas, la plataforma muestra un error de conexión al hacer la encuesta del sisbén en bucaramanga.",REPORTE_PROBLEMA,REPORTE_PROBLEMA:10
una preguntica: el comprobante de la actualización del rut en manizales no se puede descargar.,REPORTE_PROBLEMA,REPORTE_PROBLEMA:16
"por favor, ¿a qué dependencia le corresponde la inscripción del rut en barranquilla?",DERIVACION_ENTIDAD,DERIVACION_ENTIDAD:09
"hola, estoy listo para tramitar el registro civil de nacimiento en bogotá, ¿cuál es el paso inicial?",SOLICITUD_TRAMITE,SOLICITUD_TRAMITE:20
"disculpa, ¿cómo hago seguimiento a mi solicitud existente de la inscripción del rut en pereira?",VERIFICACION_ESTADO,VERIFICACION_ESTADO:04
"hola, antes de empezar, quiero conocer los pasos de la encuesta del sisbén en cúcuta.",CONSULTA_INFORMATIVA,CONSULTA_INFORMATIVA:08
una preguntica: la plataforma muestra un error de conexión al hacer la cédula digital en medellín.,REPORTE_PROBLEMA,REPORTE_PROBLEMA:10
"hola, ¿cuánto cuesta la corrección del registro civil en medellín?",CONSULTA_INFORMATIVA,CONSULTA_INFORMATIVA:02
"una preguntica: presenté el certificado de antecedentes judiciales en cúcuta, ¿sigue en revisión?",VERIFICACION_ESTADO,VERIFICACION_ESTADO:07
"buenas, ¿me colaboras? me dieron un comprobante del certificado de antecedentes fiscales en ibagué; quiero revisar la gestión.",VERIFICACION_ESTADO,VERIFICACION_ESTADO:13
me haces el favor: el botón para continuar con la encuesta del sisbén en bucaramanga no funciona.,REPORTE_PROBLEMA,REPORTE_PROBLEMA:05
"buenas tardes, aparece un cobro repetido durante el pasaporte ordinario en bucaramanga.",REPORTE_PROBLEMA,REPORTE_PROBLEMA:17
me haces el favor: el enlace del certificado de antecedentes judiciales para cúcuta está roto.,REPORTE_PROBLEMA,REPORTE_PROBLEMA:08
"buenas, ¿me colaboras? busco el contacto de la autoridad competente para la inscripción del rut en pereira.",DERIVACION_ENTIDAD,DERIVACION_ENTIDAD:08
"buenas, ¿cómo contacto al área de atención ciudadana de la cédula digital en medellín?",DERIVACION_ENTIDAD,DERIVACION_ENTIDAD:17
me haces el favor: quiero pasar de la información a la solicitud de la renovación de la licencia de conducción en ibagué.,SOLICITUD_TRAMITE,SOLICITUD_TRAMITE:14
necesito el enlace para iniciar el certificado de antecedentes judiciales desde cúcuta.,SOLICITUD_TRAMITE,SOLICITUD_TRAMITE:13
me haces el favor: ¿con qué institución hablo sobre la actualización del rut en manizales?,DERIVACION_ENTIDAD,DERIVACION_ENTIDAD:05
"hola, presenté el pasaporte ordinario en cali, ¿sigue en revisión?",VERIFICACION_ESTADO,VERIFICACION_ESTADO:07
"por favor, necesito el enlace para iniciar la actualización del rut desde cartagena.",SOLICITUD_TRAMITE,SOLICITUD_TRAMITE:13
"disculpa, ya hice la consulta de historia laboral en pasto, ¿cómo va la gestión?",VERIFICACION_ESTADO,VERIFICACION_ESTADO:02
ya decidí hacer el certificado de antecedentes judiciales en villavicencio; orienta mi solicitud.,SOLICITUD_TRAMITE,SOLICITUD_TRAMITE:18
"hola, ¿dónde me atiende una persona por la inscripción del rut en pereira?",DERIVACION_ENTIDAD,DERIVACION_ENTIDAD:11
"buenas tardes, ayúdame a tramitar la cédula digital desde medellín.",SOLICITUD_TRAMITE,SOLICITUD_TRAMITE:02
una preguntica: el sistema de la renovación de la licencia de conducción en manizales se queda bloqueado.,REPORTE_PROBLEMA,REPORTE_PROBLEMA:03
me haces el favor: me dieron un comprobante del pasaporte ordinario en cali; quiero revisar la gestión.,VERIFICACION_ESTADO,VERIFICACION_ESTADO:13
"disculpa, ¿dónde miro la respuesta a mi radicación de la renovación de la licencia de conducción en manizales?",VERIFICACION_ESTADO,VERIFICACION_ESTADO:12
aparece un cobro repetido durante el registro civil de nacimiento en bogotá.,REPORTE_PROBLEMA,REPORTE_PROBLEMA:17
"hola, ¿cómo contacto al área de atención ciudadana de la inscripción del rut en pereira?",DERIVACION_ENTIDAD,DERIVACION_ENTIDAD:17
"disculpa, quiero abrir una gestión nueva de la inscripción del rut en pereira.",SOLICITUD_TRAMITE,SOLICITUD_TRAMITE:16
"disculpa, ¿debo presentar originales o copias paral pasaporte ordinario en cali?",CONSULTA_INFORMATIVA,CONSULTA_INFORMATIVA:19
"buenas, ¿me colaboras? ¿dónde miro la respuesta a mi radicación de la consulta de historia laboral en pereira?",VERIFICACION_ESTADO,VERIFICACION_ESTADO:12
"buenas, ¿me colaboras? el enlace del duplicado de la cédula para barranquilla está roto.",REPORTE_PROBLEMA,REPORTE_PROBLEMA:08
"por favor, la pantalla de la corrección del registro civil en medellín queda en blanco.",REPORTE_PROBLEMA,REPORTE_PROBLEMA:14
"por favor, oriéntame hacial canal oficial de atención de la cédula digital en medellín.",DERIVACION_ENTIDAD,DERIVACION_ENTIDAD:06
"buenas, ¿me colaboras? ya envié los documentos del certificado de antecedentes judiciales en villavicencio; busco la respuesta.",VERIFICACION_ESTADO,VERIFICACION_ESTADO:16
"hola, quiero contactar a la entidad encargada de la cédula digital en cartagena.",DERIVACION_ENTIDAD,DERIVACION_ENTIDAD:04
"hola, necesito consultar si finalizaron la inscripción del rut que inicié en barranquilla.",VERIFICACION_ESTADO,VERIFICACION_ESTADO:17
"hola, el enlace de la renovación de la licencia de conducción para manizales está roto.",REPORTE_PROBLEMA,REPORTE_PROBLEMA:08
"buenas tardes, deseo comenzar el proceso del certificado de antecedentes fiscales en ibagué.",SOLICITUD_TRAMITE,SOLICITUD_TRAMITE:06
una preguntica: quiero la dirección de la sede competente para la encuesta del sisbén en bucaramanga.,DERIVACION_ENTIDAD,DERIVACION_ENTIDAD:16
"por favor, ¿qué documentos piden para la inscripción del rut en pereira?",CONSULTA_INFORMATIVA,CONSULTA_INFORMATIVA:01
"por favor, ¿cómo contacto al área de atención ciudadana del registro civil de nacimiento en bogotá?",DERIVACION_ENTIDAD,DERIVACION_ENTIDAD:17
"disculpa, ¿cuáles son las etapas del certificado de afiliación a salud para alguien de villavicencio?",CONSULTA_INFORMATIVA,CONSULTA_INFORMATIVA:17
"disculpa, hace unos días presenté la cédula digital en cartagena; ¿en qué etapa va?",VERIFICACION_ESTADO,VERIFICACION_ESTADO:11
una preguntica: quiero abrir una gestión nueva del registro civil de nacimiento en bogotá.,SOLICITUD_TRAMITE,SOLICITUD_TRAMITE:16
"por favor, no me deja ingresar a la plataforma de la inscripción del rut en barranquilla.",REPORTE_PROBLEMA,REPORTE_PROBLEMA:18
"por favor, ayúdame a tramitar la renovación de la licencia de conducción desde manizales.",SOLICITUD_TRAMITE,SOLICITUD_TRAMITE:02
"buenos días, ¿con qué institución hablo sobre la consulta de historia laboral en pasto?",DERIVACION_ENTIDAD,DERIVACION_ENTIDAD:05
"buenos días, ¿puedo revisar el progreso de la actualización del rut que entregué en cartagena?",VERIFICACION_ESTADO,VERIFICACION_ESTADO:09
deseo comenzar el proceso de la encuesta del sisbén en cúcuta.,SOLICITUD_TRAMITE,SOLICITUD_TRAMITE:06
"disculpa, ¿cuáles son las etapas de la renovación de la licencia de conducción para alguien de manizales?",CONSULTA_INFORMATIVA,CONSULTA_INFORMATIVA:17
"hola, la plataforma muestra un error de conexión al hacer la inscripción del rut en barranquilla.",REPORTE_PROBLEMA,REPORTE_PROBLEMA:10
"buenos días, necesito el enlace para iniciar el duplicado de la cédula desde barranquilla.",SOLICITUD_TRAMITE,SOLICITUD_TRAMITE:13
"buenos días, quiero la dirección de la sede competente para la cédula digital en medellín.",DERIVACION_ENTIDAD,DERIVACION_ENTIDAD:16
"hola, quisiera presentar una solicitud del pasaporte ordinario en bucaramanga.",SOLICITUD_TRAMITE,SOLICITUD_TRAMITE:05
quiero iniciar el duplicado de la cédula en barranquilla.,SOLICITUD_TRAMITE,SOLICITUD_TRAMITE:01
"disculpa, ¿hay algún pago relacionado con el registro civil de nacimiento en bogotá?",CONSULTA_INFORMATIVA,CONSULTA_INFORMATIVA:12
"buenas, ya hice la consulta de historia laboral en pereira, ¿cómo va la gestión?",VERIFICACION_ESTADO,VERIFICACION_ESTADO:02
"disculpa, intenté pagar la consulta de historia laboral en pereira y el portal rechazó la operación.",REPORTE_PROBLEMA,REPORTE_PROBLEMA:04
"hola, se borró la información mientras hacíal certificado de antecedentes disciplinarios en pasto.",REPORTE_PROBLEMA,REPORTE_PROBLEMA:07
"buenas tardes, el botón para continuar con la consulta de historia laboral en pereira no funciona.",REPORTE_PROBLEMA,REPORTE_PROBLEMA:05
"buenas tardes, el enlace de la corrección del registro civil para medellín está roto.",REPORTE_PROBLEMA,REPORTE_PROBLEMA:08
me haces el favor: ¿cómo contacto al área de atención ciudadana de la encuesta del sisbén en cúcuta?,DERIVACION_ENTIDAD,DERIVACION_ENTIDAD:17
"buenas, ¿me colaboras? ¿mi solicitud anterior del certificado de afiliación a salud en villavicencio continúa pendiente?",VERIFICACION_ESTADO,VERIFICACION_ESTADO:15
"buenas tardes, ¿dónde me atiende una persona por el certificado de antecedentes disciplinarios en pasto?",DERIVACION_ENTIDAD,DERIVACION_ENTIDAD:11
"buenas, ¿me colaboras? tengo un radicado de la renovación de la licencia de conducción en ibagué y busco su estado.",VERIFICACION_ESTADO,VERIFICACION_ESTADO:05
"por favor, aparece un cobro repetido durante la encuesta del sisbén en cúcuta.",REPORTE_PROBLEMA,REPORTE_PROBLEMA:17
"buenas, oriéntame hacial canal oficial de atención de la renovación de la licencia de conducción en manizales.",DERIVACION_ENTIDAD,DERIVACION_ENTIDAD:06
"buenas, intenté pagar la corrección del registro civil en medellín y el portal rechazó la operación.",REPORTE_PROBLEMA,REPORTE_PROBLEMA:04
"buenas, ¿cuál es el plazo habitual de la renovación de la licencia de conducción en ibagué?",CONSULTA_INFORMATIVA,CONSULTA_INFORMATIVA:03
una preguntica: tengo un radicado de la encuesta del sisbén en cúcuta y busco su estado.,VERIFICACION_ESTADO,VERIFICACION_ESTADO:05
"por favor, necesito el enlace para iniciar la cédula digital desde medellín.",SOLICITUD_TRAMITE,SOLICITUD_TRAMITE:13
"buenos días, estoy listo para tramitar la consulta de historia laboral en pereira, ¿cuál es el paso inicial?",SOLICITUD_TRAMITE,SOLICITUD_TRAMITE:20
"buenos días, ¿mi solicitud anterior de la consulta de historia laboral en pasto continúa pendiente?",VERIFICACION_ESTADO,VERIFICACION_ESTADO:15
"buenos días, ¿cómo contacto al área de atención ciudadana de la actualización del rut en manizales?",DERIVACION_ENTIDAD,DERIVACION_ENTIDAD:17
"buenas, ¿me colaboras? ¿qué edad mínima se exige paral certificado de antecedentes judiciales en cúcuta?",CONSULTA_INFORMATIVA,CONSULTA_INFORMATIVA:09
una preguntica: la plataforma muestra un error de conexión al hacer el duplicado de la cédula en bogotá.,REPORTE_PROBLEMA,REPORTE_PROBLEMA:10
"buenas, ¿me colaboras? necesito hacer la consulta de historia laboral en pereira, ¿cómo empiezo?",SOLICITUD_TRAMITE,SOLICITUD_TRAMITE:03
"por favor, ¿puedo revisar el progreso de la presentación de peticiones quejas reclamos sugerencias que entregué en cali?",VERIFICACION_ESTADO,VERIFICACION_ESTADO:09
"hola, me sale un error al llenar el formulario del certificado de antecedentes judiciales en villavicencio.",REPORTE_PROBLEMA,REPORTE_PROBLEMA:02
quiero la dirección de la sede competente para la inscripción del rut en pereira.,DERIVACION_ENTIDAD,DERIVACION_ENTIDAD:16
"buenas, ya hice la inscripción del rut en pereira, ¿cómo va la gestión?",VERIFICACION_ESTADO,VERIFICACION_ESTADO:02
"disculpa, busco atención presencial de la institución que lleval certificado de antecedentes judiciales en cúcuta.",DERIVACION_ENTIDAD,DERIVACION_ENTIDAD:19
me haces el favor: deseo comenzar el proceso del certificado de antecedentes judiciales en villavicencio.,SOLICITUD_TRAMITE,SOLICITUD_TRAMITE:06
"disculpa, busco el contacto de la autoridad competente paral certificado de antecedentes judiciales en cúcuta.",DERIVACION_ENTIDAD,DERIVACION_ENTIDAD:08
"buenos días, antes de empezar, quiero conocer los pasos de la actualización del rut en cartagena.",CONSULTA_INFORMATIVA,CONSULTA_INFORMATIVA:08
"buenas, ¿me colaboras? ¿existe una línea de atención oficial paral certificado de antecedentes judiciales en cúcuta?",DERIVACION_ENTIDAD,DERIVACION_ENTIDAD:18
"buenas, quiero iniciar el certificado de antecedentes judiciales en cúcuta.",SOLICITUD_TRAMITE,SOLICITUD_TRAMITE:01
"buenas, ¿qué edad mínima se exige paral registro civil de nacimiento en bogotá?",CONSULTA_INFORMATIVA,CONSULTA_INFORMATIVA:09
"buenas tardes, ¿cuáles son las etapas del certificado de antecedentes fiscales para alguien de ibagué?",CONSULTA_INFORMATIVA,CONSULTA_INFORMATIVA:17
una preguntica: necesito el enlace para iniciar el certificado de antecedentes judiciales desde villavicencio.,SOLICITUD_TRAMITE,SOLICITUD_TRAMITE:13
"buenas, el sistema del duplicado de la cédula en bogotá se queda bloqueado.",REPORTE_PROBLEMA,REPORTE_PROBLEMA:03
"buenas tardes, busco saber si aprobaron mi solicitud del certificado de antecedentes judiciales en cúcuta.",VERIFICACION_ESTADO,VERIFICACION_ESTADO:08
"buenos días, necesito el enlace para iniciar el certificado de antecedentes fiscales desde ibagué.",SOLICITUD_TRAMITE,SOLICITUD_TRAMITE:13
"buenas, ¿me colaboras? hace unos días presenté la renovación de la licencia de conducción en ibagué; ¿en qué etapa va?",VERIFICACION_ESTADO,VERIFICACION_ESTADO:11
me haces el favor: busco atención presencial de la institución que lleva la actualización del rut en cartagena.,DERIVACION_ENTIDAD,DERIVACION_ENTIDAD:19
"buenos días, quiero la dirección de la sede competente paral certificado de antecedentes disciplinarios en pasto.",DERIVACION_ENTIDAD,DERIVACION_ENTIDAD:16
me haces el favor: busco saber si aprobaron mi solicitud de la actualización del rut en manizales.,VERIFICACION_ESTADO,VERIFICACION_ESTADO:08
"por favor, ¿dónde miro la respuesta a mi radicación del certificado de antecedentes judiciales en cúcuta?",VERIFICACION_ESTADO,VERIFICACION_ESTADO:12
me haces el favor: no me deja ingresar a la plataforma de la encuesta del sisbén en bucaramanga.,REPORTE_PROBLEMA,REPORTE_PROBLEMA:18
"hola, ¿con qué institución hablo sobre la renovación de la licencia de conducción en manizales?",DERIVACION_ENTIDAD,DERIVACION_ENTIDAD:05
"buenas, vivo en ibagué, ¿dónde leo los requisitos oficiales del certificado de antecedentes fiscales?",CONSULTA_INFORMATIVA,CONSULTA_INFORMATIVA:16
el enlace del duplicado de la cédula para bogotá está roto.,REPORTE_PROBLEMA,REPORTE_PROBLEMA:08
"buenas tardes, quisiera presentar una solicitud de la inscripción del rut en barranquilla.",SOLICITUD_TRAMITE,SOLICITUD_TRAMITE:05
"por favor, busco información general sobre la renovación de la licencia de conducción en manizales.",CONSULTA_INFORMATIVA,CONSULTA_INFORMATIVA:11
"buenas, ¿me colaboras? por favor, guíame para solicitar la actualización del rut en cartagena.",SOLICITUD_TRAMITE,SOLICITUD_TRAMITE:19
me haces el favor: ¿cómo veo el resultado de mi solicitud registrada del certificado de antecedentes disciplinarios en pasto?,VERIFICACION_ESTADO,VERIFICACION_ESTADO:18
"disculpa, me explicas en palabras sencillas en qué consiste la inscripción del rut en barranquilla.",CONSULTA_INFORMATIVA,CONSULTA_INFORMATIVA:13
"hola, necesito el enlace para iniciar la consulta de historia laboral desde pasto.",SOLICITUD_TRAMITE,SOLICITUD_TRAMITE:13
me haces el favor: ¿existe una línea de atención oficial paral pasaporte ordinario en bucaramanga?,DERIVACION_ENTIDAD,DERIVACION_ENTIDAD:18
"buenas, ¿me colaboras? me sale un error al llenar el formulario de la inscripción del rut en pereira.",REPORTE_PROBLEMA,REPORTE_PROBLEMA:02
"buenas, ¿qué entidad atiendel certificado de antecedentes fiscales en ibagué?",DERIVACION_ENTIDAD,DERIVACION_ENTIDAD:01
"buenos días, ¿hay algún pago relacionado con la consulta de historia laboral en pasto?",CONSULTA_INFORMATIVA,CONSULTA_INFORMATIVA:12
"hola, ¿puedo revisar el progreso de la cédula digital que entregué en cartagena?",VERIFICACION_ESTADO,VERIFICACION_ESTADO:09
me haces el favor: ¿a quién le corresponde orientarme sobre la consulta de historia laboral en pasto?,DERIVACION_ENTIDAD,DERIVACION_ENTIDAD:20
"por favor, intenté pagar la actualización del rut en manizales y el portal rechazó la operación.",REPORTE_PROBLEMA,REPORTE_PROBLEMA:04
"buenas, ¿me colaboras? no me deja ingresar a la plataforma del certificado de afiliación a salud en villavicencio.",REPORTE_PROBLEMA,REPORTE_PROBLEMA:18
"por favor, ¿puedo revisar el progreso de la encuesta del sisbén que entregué en bucaramanga?",VERIFICACION_ESTADO,VERIFICACION_ESTADO:09
"hola, ¿debo presentar originales o copias para la renovación de la licencia de conducción en manizales?",CONSULTA_INFORMATIVA,CONSULTA_INFORMATIVA:19
"por favor, ya hice la cédula digital en cartagena, ¿cómo va la gestión?",VERIFICACION_ESTADO,VERIFICACION_ESTADO:02
me haces el favor: tengo un radicado de la consulta de historia laboral en pasto y busco su estado.,VERIFICACION_ESTADO,VERIFICACION_ESTADO:05
"buenos días, ¿hay una sede que atienda consultas sobre la renovación de la licencia de conducción en manizales?",DERIVACION_ENTIDAD,DERIVACION_ENTIDAD:07
una preguntica: quiero la dirección de la sede competente para la actualización del rut en cartagena.,DERIVACION_ENTIDAD,DERIVACION_ENTIDAD:16
"por favor, quiero pasar de la información a la solicitud del duplicado de la cédula en barranquilla.",SOLICITUD_TRAMITE,SOLICITUD_TRAMITE:14
"buenas, ¿me colaboras? el comprobante de la encuesta del sisbén en cúcuta no se puede descargar.",REPORTE_PROBLEMA,REPORTE_PROBLEMA:16
"buenas tardes, ¿con qué institución hablo sobre la cédula digital en cartagena?",DERIVACION_ENTIDAD,DERIVACION_ENTIDAD:05
"buenos días, ya decidí hacer la consulta de historia laboral en pasto; orienta mi solicitud.",SOLICITUD_TRAMITE,SOLICITUD_TRAMITE:18
oriéntame hacial canal oficial de atención del certificado de antecedentes disciplinarios en pasto.,DERIVACION_ENTIDAD,DERIVACION_ENTIDAD:06
"disculpa, ya envié los documentos de la consulta de historia laboral en pereira; busco la respuesta.",VERIFICACION_ESTADO,VERIFICACION_ESTADO:16
"disculpa, el comprobante de la actualización del rut en cartagena no se puede descargar.",REPORTE_PROBLEMA,REPORTE_PROBLEMA:16
"buenas, ¿me colaboras? hay un problema: el portal de la cédula digital en medellín no termina de procesar.",REPORTE_PROBLEMA,REPORTE_PROBLEMA:20
"hola, quiero pasar de la información a la solicitud de la cédula digital en medellín.",SOLICITUD_TRAMITE,SOLICITUD_TRAMITE:14
"hola, quiero abrir una gestión nueva de la consulta de historia laboral en pereira.",SOLICITUD_TRAMITE,SOLICITUD_TRAMITE:16
"buenas tardes, ¿qué diferencia hay entre la atención presencial y virtual paral pasaporte ordinario en cali?",CONSULTA_INFORMATIVA,CONSULTA_INFORMATIVA:07
"buenos días, ¿hay una guía para entender la actualización del rut en cartagena?",CONSULTA_INFORMATIVA,CONSULTA_INFORMATIVA:18
el comprobante de la corrección del registro civil en medellín no se puede descargar.,REPORTE_PROBLEMA,REPORTE_PROBLEMA:16
"buenas, no me deja ingresar a la plataforma de la inscripción del rut en pereira.",REPORTE_PROBLEMA,REPORTE_PROBLEMA:18
"buenas, ¿debo presentar originales o copias para la consulta de historia laboral en pereira?",CONSULTA_INFORMATIVA,CONSULTA_INFORMATIVA:19
"buenas tardes, ya hice la actualización del rut en manizales, ¿cómo va la gestión?",VERIFICACION_ESTADO,VERIFICACION_ESTADO:02
"buenas, ¿me colaboras? la cita de la consulta de historia laboral en pereira desapareció del sistema.",REPORTE_PROBLEMA,REPORTE_PROBLEMA:19
"buenas tardes, el comprobante de la cédula digital en medellín no se puede descargar.",REPORTE_PROBLEMA,REPORTE_PROBLEMA:16
"hola, me dieron un comprobante de la renovación de la licencia de conducción en ibagué; quiero revisar la gestión.",VERIFICACION_ESTADO,VERIFICACION_ESTADO:13
"hola, ayúdame a tramitar el certificado de antecedentes disciplinarios desde pasto.",SOLICITUD_TRAMITE,SOLICITUD_TRAMITE:02
una preguntica: el botón para continuar con el certificado de antecedentes fiscales en ibagué no funciona.,REPORTE_PROBLEMA,REPORTE_PROBLEMA:05
"disculpa, ¿mi solicitud anterior de la inscripción del rut en barranquilla continúa pendiente?",VERIFICACION_ESTADO,VERIFICACION_ESTADO:15
"una preguntica: por favor, guíame para solicitar la consulta de historia laboral en pereira.",SOLICITUD_TRAMITE,SOLICITUD_TRAMITE:19
me sale un error al llenar el formulario del certificado de afiliación a salud en villavicencio.,REPORTE_PROBLEMA,REPORTE_PROBLEMA:02
"buenas, ¿cuáles son las etapas de la corrección del registro civil para alguien de medellín?",CONSULTA_INFORMATIVA,CONSULTA_INFORMATIVA:17
"buenas, ¿me colaboras? ¿hay una guía para entender la presentación de peticiones quejas reclamos sugerencias en cali?",CONSULTA_INFORMATIVA,CONSULTA_INFORMATIVA:18
"disculpa, aparece un cobro repetido durante la presentación de peticiones quejas reclamos sugerencias en cali.",REPORTE_PROBLEMA,REPORTE_PROBLEMA:17
"buenas, ¿me colaboras? ¿existe una línea de atención oficial para la presentación de peticiones quejas reclamos sugerencias en cali?",DERIVACION_ENTIDAD,DERIVACION_ENTIDAD:18
"buenas tardes, quiero contactar a la entidad encargada de la inscripción del rut en barranquilla.",DERIVACION_ENTIDAD,DERIVACION_ENTIDAD:04
"buenas, la plataforma muestra un error de conexión al hacer el pasaporte ordinario en bucaramanga.",REPORTE_PROBLEMA,REPORTE_PROBLEMA:10
"por favor, ¿cómo hago seguimiento a mi solicitud existente de la cédula digital en cartagena?",VERIFICACION_ESTADO,VERIFICACION_ESTADO:04
"por favor, explícame los requisitos de la consulta de historia laboral en pasto.",CONSULTA_INFORMATIVA,CONSULTA_INFORMATIVA:04
indícame cómo radicar una nueva solicitud del certificado de antecedentes judiciales en cúcuta.,SOLICITUD_TRAMITE,SOLICITUD_TRAMITE:08
una preguntica: ya decidí hacer el certificado de antecedentes fiscales en ibagué; orienta mi solicitud.,SOLICITUD_TRAMITE,SOLICITUD_TRAMITE:18
"por favor, el enlace de la encuesta del sisbén para bucaramanga está roto.",REPORTE_PROBLEMA,REPORTE_PROBLEMA:08
"buenas, oriéntame hacial canal oficial de atención de la cédula digital en cartagena.",DERIVACION_ENTIDAD,DERIVACION_ENTIDAD:06
"por favor, me sale un error al llenar el formulario de la actualización del rut en cartagena.",REPORTE_PROBLEMA,REPORTE_PROBLEMA:02
"disculpa, el botón para continuar con la presentación de peticiones quejas reclamos sugerencias en cali no funciona.",REPORTE_PROBLEMA,REPORTE_PROBLEMA:05
"disculpa, el botón para continuar con el certificado de antecedentes disciplinarios en pasto no funciona.",REPORTE_PROBLEMA,REPORTE_PROBLEMA:05
"buenos días, ya hice el pasaporte ordinario en cali, ¿cómo va la gestión?",VERIFICACION_ESTADO,VERIFICACION_ESTADO:02
me haces el favor: ¿cuáles son las etapas de la encuesta del sisbén para alguien de cúcuta?,CONSULTA_INFORMATIVA,CONSULTA_INFORMATIVA:17
"buenos días, no puedo adjuntar los documentos del certificado de antecedentes judiciales en cúcuta; aparece un fallo.",REPORTE_PROBLEMA,REPORTE_PROBLEMA:06
"buenos días, me dieron un comprobante del duplicado de la cédula en bogotá; quiero revisar la gestión.",VERIFICACION_ESTADO,VERIFICACION_ESTADO:13
"buenos días, quiero contactar a la entidad encargada de la corrección del registro civil en medellín.",DERIVACION_ENTIDAD,DERIVACION_ENTIDAD:04
"disculpa, no puedo adjuntar los documentos de la actualización del rut en manizales; aparece un fallo.",REPORTE_PROBLEMA,REPORTE_PROBLEMA:06
"buenos días, ¿puedo revisar el progreso de la renovación de la licencia de conducción que entregué en ibagué?",VERIFICACION_ESTADO,VERIFICACION_ESTADO:09
"buenas tardes, quiero iniciar la cédula digital en cartagena.",SOLICITUD_TRAMITE,SOLICITUD_TRAMITE:01
"buenas, ¿me colaboras? la plataforma muestra un error de conexión al hacer la inscripción del rut en pereira.",REPORTE_PROBLEMA,REPORTE_PROBLEMA:10
"buenos días, me explicas en palabras sencillas en qué consiste el certificado de afiliación a salud en villavicencio.",CONSULTA_INFORMATIVA,CONSULTA_INFORMATIVA:13
"buenas tardes, ¿puedo revisar el progreso de la consulta de historia laboral que entregué en pereira?",VERIFICACION_ESTADO,VERIFICACION_ESTADO:09
"por favor, hace unos días presenté la corrección del registro civil en medellín; ¿en qué etapa va?",VERIFICACION_ESTADO,VERIFICACION_ESTADO:11
"buenas, ¿qué diferencia hay entre la atención presencial y virtual para la corrección del registro civil en medellín?",CONSULTA_INFORMATIVA,CONSULTA_INFORMATIVA:07
"hola, el sistema del pasaporte ordinario en cali se queda bloqueado.",REPORTE_PROBLEMA,REPORTE_PROBLEMA:03
"me haces el favor: antes de empezar, quiero conocer los pasos de la renovación de la licencia de conducción en ibagué.",CONSULTA_INFORMATIVA,CONSULTA_INFORMATIVA:08
"buenas tardes, busco saber si aprobaron mi solicitud de la presentación de peticiones quejas reclamos sugerencias en cali.",VERIFICACION_ESTADO,VERIFICACION_ESTADO:08
"buenas, el sistema de la cédula digital en cartagena se queda bloqueado.",REPORTE_PROBLEMA,REPORTE_PROBLEMA:03
me haces el favor: oriéntame hacial canal oficial de atención de la consulta de historia laboral en pereira.,DERIVACION_ENTIDAD,DERIVACION_ENTIDAD:06
"buenos días, aparece un cobro repetido durante la encuesta del sisbén en bucaramanga.",REPORTE_PROBLEMA,REPORTE_PROBLEMA:17
el botón para continuar con el certificado de antecedentes judiciales en villavicencio no funciona.,REPORTE_PROBLEMA,REPORTE_PROBLEMA:05
"hola, ¿cuál es el plazo habitual de la actualización del rut en cartagena?",CONSULTA_INFORMATIVA,CONSULTA_INFORMATIVA:03
me haces el favor: ¿dónde miro la respuesta a mi radicación del certificado de afiliación a salud en villavicencio?,VERIFICACION_ESTADO,VERIFICACION_ESTADO:12
"buenas, el sistema del certificado de antecedentes judiciales en cúcuta se queda bloqueado.",REPORTE_PROBLEMA,REPORTE_PROBLEMA:03
"hola, necesito el enlace para iniciar el certificado de afiliación a salud desde villavicencio.",SOLICITUD_TRAMITE,SOLICITUD_TRAMITE:13
"disculpa, indícame cómo radicar una nueva solicitud de la renovación de la licencia de conducción en manizales.",SOLICITUD_TRAMITE,SOLICITUD_TRAMITE:08
"buenas tardes, hay un problema: el portal de la inscripción del rut en pereira no termina de procesar.",REPORTE_PROBLEMA,REPORTE_PROBLEMA:20
me haces el favor: quiero la dirección de la sede competente para la encuesta del sisbén en cúcuta.,DERIVACION_ENTIDAD,DERIVACION_ENTIDAD:16
"buenos días, ¿debo presentar originales o copias paral certificado de afiliación a salud en villavicencio?",CONSULTA_INFORMATIVA,CONSULTA_INFORMATIVA:19
me haces el favor: el sistema de la renovación de la licencia de conducción en ibagué se queda bloqueado.,REPORTE_PROBLEMA,REPORTE_PROBLEMA:03
"hola, ¿hay una guía para entender el certificado de afiliación a salud en villavicencio?",CONSULTA_INFORMATIVA,CONSULTA_INFORMATIVA:18
"buenas, busco saber si aprobaron mi solicitud de la renovación de la licencia de conducción en ibagué.",VERIFICACION_ESTADO,VERIFICACION_ESTADO:08
"buenas tardes, busco el contacto de la autoridad competente para la cédula digital en cartagena.",DERIVACION_ENTIDAD,DERIVACION_ENTIDAD:08
"buenos días, ¿con qué institución hablo sobre la consulta de historia laboral en pereira?",DERIVACION_ENTIDAD,DERIVACION_ENTIDAD:05
"hola, ¿a qué dependencia le corresponde la actualización del rut en cartagena?",DERIVACION_ENTIDAD,DERIVACION_ENTIDAD:09
"disculpa, ¿cómo veo el resultado de mi solicitud registrada del certificado de antecedentes judiciales en villavicencio?",VERIFICACION_ESTADO,VERIFICACION_ESTADO:18
"una preguntica: antes de empezar, quiero conocer los pasos del certificado de antecedentes judiciales en cúcuta.",CONSULTA_INFORMATIVA,CONSULTA_INFORMATIVA:08
¿a qué dependencia le correspondel certificado de antecedentes disciplinarios en pasto?,DERIVACION_ENTIDAD,DERIVACION_ENTIDAD:09
una preguntica: la pantalla del certificado de antecedentes disciplinarios en pasto queda en blanco.,REPORTE_PROBLEMA,REPORTE_PROBLEMA:14
"buenas tardes, tengo un radicado del duplicado de la cédula en barranquilla y busco su estado.",VERIFICACION_ESTADO,VERIFICACION_ESTADO:05
"buenas tardes, ¿cuál es el plazo habitual de la corrección del registro civil en medellín?",CONSULTA_INFORMATIVA,CONSULTA_INFORMATIVA:03
me haces el favor: me sale un error al llenar el formulario del registro civil de nacimiento en bogotá.,REPORTE_PROBLEMA,REPORTE_PROBLEMA:02
"por favor, indícame cómo radicar una nueva solicitud de la actualización del rut en manizales.",SOLICITUD_TRAMITE,SOLICITUD_TRAMITE:08
"hola, ya decidí hacer la inscripción del rut en barranquilla; orienta mi solicitud.",SOLICITUD_TRAMITE,SOLICITUD_TRAMITE:18
"por favor, el sistema de la inscripción del rut en barranquilla se queda bloqueado.",REPORTE_PROBLEMA,REPORTE_PROBLEMA:03
"buenos días, tengo un radicado del certificado de antecedentes fiscales en ibagué y busco su estado.",VERIFICACION_ESTADO,VERIFICACION_ESTADO:05
"buenas tardes, indícame cómo radicar una nueva solicitud del duplicado de la cédula en bogotá.",SOLICITUD_TRAMITE,SOLICITUD_TRAMITE:08
una preguntica: ya decidí hacer la cédula digital en medellín; orienta mi solicitud.,SOLICITUD_TRAMITE,SOLICITUD_TRAMITE:18
¿cómo hago seguimiento a mi solicitud existente del certificado de afiliación a salud en villavicencio?,VERIFICACION_ESTADO,VERIFICACION_ESTADO:04
"buenas, hay un problema: el portal del certificado de antecedentes fiscales en ibagué no termina de procesar.",REPORTE_PROBLEMA,REPORTE_PROBLEMA:20
"buenas tardes, quiero pasar de la información a la solicitud de la inscripción del rut en pereira.",SOLICITUD_TRAMITE,SOLICITUD_TRAMITE:14
me haces el favor: no me deja ingresar a la plataforma de la presentación de peticiones quejas reclamos sugerencias en cali.,REPORTE_PROBLEMA,REPORTE_PROBLEMA:18
la cita de la actualización del rut en manizales desapareció del sistema.,REPORTE_PROBLEMA,REPORTE_PROBLEMA:19
busco información general sobre el certificado de antecedentes judiciales en villavicencio.,CONSULTA_INFORMATIVA,CONSULTA_INFORMATIVA:11
"hola, ¿a cuál oficina debo dirigirme por el duplicado de la cédula en bogotá?",DERIVACION_ENTIDAD,DERIVACION_ENTIDAD:02
"buenos días, busco saber si aprobaron mi solicitud de la encuesta del sisbén en bucaramanga.",VERIFICACION_ESTADO,VERIFICACION_ESTADO:08
"buenas tardes, por favor, guíame para solicitar la encuesta del sisbén en cúcuta.",SOLICITUD_TRAMITE,SOLICITUD_TRAMITE:19
"buenas tardes, ¿me ayudas a arrancar con la actualización del rut en manizales?",SOLICITUD_TRAMITE,SOLICITUD_TRAMITE:10
"buenas, ¿me colaboras? quisiera presentar una solicitud del certificado de antecedentes judiciales en villavicencio.",SOLICITUD_TRAMITE,SOLICITUD_TRAMITE:05
"buenas, ¿me colaboras? ¿dónde me atiende una persona por la inscripción del rut en barranquilla?",DERIVACION_ENTIDAD,DERIVACION_ENTIDAD:11
me haces el favor: indícame cómo radicar una nueva solicitud del certificado de antecedentes fiscales en ibagué.,SOLICITUD_TRAMITE,SOLICITUD_TRAMITE:08
no me deja ingresar a la plataforma del pasaporte ordinario en cali.,REPORTE_PROBLEMA,REPORTE_PROBLEMA:18
me haces el favor: quiero abrir una gestión nueva del pasaporte ordinario en cali.,SOLICITUD_TRAMITE,SOLICITUD_TRAMITE:16
"buenos días, ayúdame a tramitar la inscripción del rut desde pereira.",SOLICITUD_TRAMITE,SOLICITUD_TRAMITE:02
"buenas, busco el contacto de la autoridad competente para la presentación de peticiones quejas reclamos sugerencias en cali.",DERIVACION_ENTIDAD,DERIVACION_ENTIDAD:08
"buenas tardes, estoy listo para tramitar el certificado de afiliación a salud en villavicencio, ¿cuál es el paso inicial?",SOLICITUD_TRAMITE,SOLICITUD_TRAMITE:20
"buenas, necesito hacer la consulta de historia laboral en pasto, ¿cómo empiezo?",SOLICITUD_TRAMITE,SOLICITUD_TRAMITE:03
"hola, busco información general sobre la renovación de la licencia de conducción en ibagué.",CONSULTA_INFORMATIVA,CONSULTA_INFORMATIVA:11
"buenas, necesito consultar si finalizaron la renovación de la licencia de conducción que inicié en ibagué.",VERIFICACION_ESTADO,VERIFICACION_ESTADO:17
"por favor, ya envié los documentos de la consulta de historia laboral en pasto; busco la respuesta.",VERIFICACION_ESTADO,VERIFICACION_ESTADO:16
"buenas, ¿debo presentar originales o copias para la encuesta del sisbén en bucaramanga?",CONSULTA_INFORMATIVA,CONSULTA_INFORMATIVA:19
me haces el favor: no puedo adjuntar los documentos del duplicado de la cédula en bogotá; aparece un fallo.,REPORTE_PROBLEMA,REPORTE_PROBLEMA:06
"por favor, ¿qué diferencia hay entre la atención presencial y virtual para la actualización del rut en manizales?",CONSULTA_INFORMATIVA,CONSULTA_INFORMATIVA:07
"buenas, ¿a quién le corresponde orientarme sobre el duplicado de la cédula en bogotá?",DERIVACION_ENTIDAD,DERIVACION_ENTIDAD:20
"buenas, la pantalla del certificado de antecedentes judiciales en villavicencio queda en blanco.",REPORTE_PROBLEMA,REPORTE_PROBLEMA:14
"buenas tardes, oriéntame hacial canal oficial de atención del duplicado de la cédula en barranquilla.",DERIVACION_ENTIDAD,DERIVACION_ENTIDAD:06
"por favor, ¿mi solicitud anterior de la presentación de peticiones quejas reclamos sugerencias en cali continúa pendiente?",VERIFICACION_ESTADO,VERIFICACION_ESTADO:15
"buenas, me dieron un comprobante de la renovación de la licencia de conducción en manizales; quiero revisar la gestión.",VERIFICACION_ESTADO,VERIFICACION_ESTADO:13
"presenté la consulta de historia laboral en pereira, ¿sigue en revisión?",VERIFICACION_ESTADO,VERIFICACION_ESTADO:07
una preguntica: indícame cómo radicar una nueva solicitud del certificado de antecedentes judiciales en villavicencio.,SOLICITUD_TRAMITE,SOLICITUD_TRAMITE:08
"disculpa, por favor, guíame para solicitar la consulta de historia laboral en pasto.",SOLICITUD_TRAMITE,SOLICITUD_TRAMITE:19
"buenas tardes, ¿dónde me atiende una persona por la encuesta del sisbén en bucaramanga?",DERIVACION_ENTIDAD,DERIVACION_ENTIDAD:11
me haces el favor: se borró la información mientras hacía la cédula digital en medellín.,REPORTE_PROBLEMA,REPORTE_PROBLEMA:07
me haces el favor: el comprobante del pasaporte ordinario en bucaramanga no se puede descargar.,REPORTE_PROBLEMA,REPORTE_PROBLEMA:16
ya decidí hacer el duplicado de la cédula en barranquilla; orienta mi solicitud.,SOLICITUD_TRAMITE,SOLICITUD_TRAMITE:18
"buenas, hace unos días presenté la consulta de historia laboral en pasto; ¿en qué etapa va?",VERIFICACION_ESTADO,VERIFICACION_ESTADO:11
"buenas tardes, busco atención presencial de la institución que lleval certificado de afiliación a salud en villavicencio.",DERIVACION_ENTIDAD,DERIVACION_ENTIDAD:19
¿me ayudas a arrancar con la inscripción del rut en pereira?,SOLICITUD_TRAMITE,SOLICITUD_TRAMITE:10
"buenas, ¿me colaboras? estoy listo para tramitar el duplicado de la cédula en barranquilla, ¿cuál es el paso inicial?",SOLICITUD_TRAMITE,SOLICITUD_TRAMITE:20
"buenas, ¿cuál es el plazo habitual del pasaporte ordinario en bucaramanga?",CONSULTA_INFORMATIVA,CONSULTA_INFORMATIVA:03
tengo una gestión abierta de la renovación de la licencia de conducción en manizales y quiero ver su avance.,VERIFICACION_ESTADO,VERIFICACION_ESTADO:19
"buenas, aparece un cobro repetido durante la renovación de la licencia de conducción en manizales.",REPORTE_PROBLEMA,REPORTE_PROBLEMA:17
"me haces el favor: por favor, guíame para solicitar el pasaporte ordinario en bucaramanga.",SOLICITUD_TRAMITE,SOLICITUD_TRAMITE:19
"buenas, ¿a qué dependencia le corresponde la renovación de la licencia de conducción en ibagué?",DERIVACION_ENTIDAD,DERIVACION_ENTIDAD:09
"buenos días, quiero pasar de la información a la solicitud del certificado de afiliación a salud en villavicencio.",SOLICITUD_TRAMITE,SOLICITUD_TRAMITE:14
"por favor, me explicas en palabras sencillas en qué consiste la presentación de peticiones quejas reclamos sugerencias en cali.",CONSULTA_INFORMATIVA,CONSULTA_INFORMATIVA:13
una preguntica: necesito consultar si finalizaron la consulta de historia laboral que inicié en pereira.,VERIFICACION_ESTADO,VERIFICACION_ESTADO:17
"por favor, deseo comenzar el proceso de la actualización del rut en manizales.",SOLICITUD_TRAMITE,SOLICITUD_TRAMITE:06
"buenas, ¿me colaboras? no me deja ingresar a la plataforma del duplicado de la cédula en barranquilla.",REPORTE_PROBLEMA,REPORTE_PROBLEMA:18
¿cuánto cuesta la actualización del rut en manizales?,CONSULTA_INFORMATIVA,CONSULTA_INFORMATIVA:02
"hola, la pantalla del certificado de antecedentes judiciales en cúcuta queda en blanco.",REPORTE_PROBLEMA,REPORTE_PROBLEMA:14
"hola, ya hice el certificado de antecedentes judiciales en villavicencio, ¿cómo va la gestión?",VERIFICACION_ESTADO,VERIFICACION_ESTADO:02
"disculpa, ¿qué diferencia hay entre la atención presencial y virtual para la encuesta del sisbén en cúcuta?",CONSULTA_INFORMATIVA,CONSULTA_INFORMATIVA:07
"disculpa, necesito el enlace para iniciar el duplicado de la cédula desde bogotá.",SOLICITUD_TRAMITE,SOLICITUD_TRAMITE:13
una preguntica: ¿cómo hago seguimiento a mi solicitud existente del duplicado de la cédula en barranquilla?,VERIFICACION_ESTADO,VERIFICACION_ESTADO:04
"buenas, ¿qué documentos piden paral pasaporte ordinario en cali?",CONSULTA_INFORMATIVA,CONSULTA_INFORMATIVA:01
"buenas, ¿me colaboras? quiero la dirección de la sede competente para la presentación de peticiones quejas reclamos sugerencias en cali.",DERIVACION_ENTIDAD,DERIVACION_ENTIDAD:16
me haces el favor: ¿cuáles son las etapas del pasaporte ordinario para alguien de cali?,CONSULTA_INFORMATIVA,CONSULTA_INFORMATIVA:17
"buenas, ¿me colaboras? busco el contacto de la autoridad competente paral pasaporte ordinario en cali.",DERIVACION_ENTIDAD,DERIVACION_ENTIDAD:08
¿existe una línea de atención oficial para la actualización del rut en cartagena?,DERIVACION_ENTIDAD,DERIVACION_ENTIDAD:18
"vivo en bogotá, ¿dónde leo los requisitos oficiales del duplicado de la cédula?",CONSULTA_INFORMATIVA,CONSULTA_INFORMATIVA:16
"hola, ¿mi solicitud anterior de la renovación de la licencia de conducción en ibagué continúa pendiente?",VERIFICACION_ESTADO,VERIFICACION_ESTADO:15
"buenas tardes, explícame los requisitos del duplicado de la cédula en barranquilla.",CONSULTA_INFORMATIVA,CONSULTA_INFORMATIVA:04
"hola, quiero iniciar la actualización del rut en cartagena.",SOLICITUD_TRAMITE,SOLICITUD_TRAMITE:01
¿hay una guía para entender la inscripción del rut en barranquilla?,CONSULTA_INFORMATIVA,CONSULTA_INFORMATIVA:18
"disculpa, intenté pagar la inscripción del rut en pereira y el portal rechazó la operación.",REPORTE_PROBLEMA,REPORTE_PROBLEMA:04
¿a cuál oficina debo dirigirme por la corrección del registro civil en medellín?,DERIVACION_ENTIDAD,DERIVACION_ENTIDAD:02
"buenas tardes, ¿cuál es el plazo habitual de la renovación de la licencia de conducción en manizales?",CONSULTA_INFORMATIVA,CONSULTA_INFORMATIVA:03
"buenas, ¿me colaboras? oriéntame hacial canal oficial de atención de la encuesta del sisbén en bucaramanga.",DERIVACION_ENTIDAD,DERIVACION_ENTIDAD:06
tengo una gestión abierta de la actualización del rut en manizales y quiero ver su avance.,VERIFICACION_ESTADO,VERIFICACION_ESTADO:19
"buenas, ¿me colaboras? antes de empezar, quiero conocer los pasos de la inscripción del rut en pereira.",CONSULTA_INFORMATIVA,CONSULTA_INFORMATIVA:08
"por favor, ¿qué documentos piden para la renovación de la licencia de conducción en manizales?",CONSULTA_INFORMATIVA,CONSULTA_INFORMATIVA:01
"buenos días, me sale un error al llenar el formulario del pasaporte ordinario en bucaramanga.",REPORTE_PROBLEMA,REPORTE_PROBLEMA:02
"disculpa, la pantalla de la cédula digital en medellín queda en blanco.",REPORTE_PROBLEMA,REPORTE_PROBLEMA:14
"por favor, vivo en pasto, ¿dónde leo los requisitos oficiales de la consulta de historia laboral?",CONSULTA_INFORMATIVA,CONSULTA_INFORMATIVA:16
una preguntica: ¿qué edad mínima se exige para la consulta de historia laboral en pasto?,CONSULTA_INFORMATIVA,CONSULTA_INFORMATIVA:09
"por favor, guíame para solicitar la actualización del rut en manizales.",SOLICITUD_TRAMITE,SOLICITUD_TRAMITE:19
"una preguntica: vivo en cartagena, ¿dónde leo los requisitos oficiales de la actualización del rut?",CONSULTA_INFORMATIVA,CONSULTA_INFORMATIVA:16
"hola, tengo un radicado de la inscripción del rut en barranquilla y busco su estado.",VERIFICACION_ESTADO,VERIFICACION_ESTADO:05
"por favor, quiero contactar a la entidad encargada de la presentación de peticiones quejas reclamos sugerencias en cali.",DERIVACION_ENTIDAD,DERIVACION_ENTIDAD:04
me interesa realizar la encuesta del sisbén en bucaramanga ahora.,SOLICITUD_TRAMITE,SOLICITUD_TRAMITE:07
"disculpa, presenté la inscripción del rut en barranquilla, ¿sigue en revisión?",VERIFICACION_ESTADO,VERIFICACION_ESTADO:07
"por favor, antes de empezar, quiero conocer los pasos de la actualización del rut en manizales.",CONSULTA_INFORMATIVA,CONSULTA_INFORMATIVA:08
"buenas, ¿hay una guía para entender el pasaporte ordinario en bucaramanga?",CONSULTA_INFORMATIVA,CONSULTA_INFORMATIVA:18
"buenas, ¿me colaboras? ya decidí hacer la renovación de la licencia de conducción en manizales; orienta mi solicitud.",SOLICITUD_TRAMITE,SOLICITUD_TRAMITE:18
una preguntica: deseo comenzar el proceso del certificado de afiliación a salud en villavicencio.,SOLICITUD_TRAMITE,SOLICITUD_TRAMITE:06
"buenos días, ¿cuál es el plazo habitual de la presentación de peticiones quejas reclamos sugerencias en cali?",CONSULTA_INFORMATIVA,CONSULTA_INFORMATIVA:03
"por favor, ya hice la encuesta del sisbén en bucaramanga, ¿cómo va la gestión?",VERIFICACION_ESTADO,VERIFICACION_ESTADO:02
"buenos días, me sale un error al llenar el formulario del pasaporte ordinario en cali.",REPORTE_PROBLEMA,REPORTE_PROBLEMA:02
"disculpa, ¿mi solicitud anterior de la encuesta del sisbén en cúcuta continúa pendiente?",VERIFICACION_ESTADO,VERIFICACION_ESTADO:15
"buenos días, necesito hacer la encuesta del sisbén en cúcuta, ¿cómo empiezo?",SOLICITUD_TRAMITE,SOLICITUD_TRAMITE:03
"disculpa, busco saber si aprobaron mi solicitud del certificado de antecedentes fiscales en ibagué.",VERIFICACION_ESTADO,VERIFICACION_ESTADO:08
"disculpa, me interesa realizar la inscripción del rut en pereira ahora.",SOLICITUD_TRAMITE,SOLICITUD_TRAMITE:07
"buenas tardes, ¿dónde miro la respuesta a mi radicación de la actualización del rut en manizales?",VERIFICACION_ESTADO,VERIFICACION_ESTADO:12
"buenas tardes, ¿existe una línea de atención oficial para la encuesta del sisbén en bucaramanga?",DERIVACION_ENTIDAD,DERIVACION_ENTIDAD:18
busco atención presencial de la institución que lleval pasaporte ordinario en cali.,DERIVACION_ENTIDAD,DERIVACION_ENTIDAD:19
"buenas, ¿me colaboras? quiero pasar de la información a la solicitud del pasaporte ordinario en bucaramanga.",SOLICITUD_TRAMITE,SOLICITUD_TRAMITE:14
"disculpa, aparece un cobro repetido durante la cédula digital en cartagena.",REPORTE_PROBLEMA,REPORTE_PROBLEMA:17
"buenas tardes, vivo en barranquilla, ¿dónde leo los requisitos oficiales de la inscripción del rut?",CONSULTA_INFORMATIVA,CONSULTA_INFORMATIVA:16
me haces el favor: intenté pagar el certificado de antecedentes disciplinarios en pasto y el portal rechazó la operación.,REPORTE_PROBLEMA,REPORTE_PROBLEMA:04
"disculpa, el comprobante del duplicado de la cédula en bogotá no se puede descargar.",REPORTE_PROBLEMA,REPORTE_PROBLEMA:16
hay un problema: el portal de la cédula digital en cartagena no termina de procesar.,REPORTE_PROBLEMA,REPORTE_PROBLEMA:20
"disculpa, ya envié los documentos de la actualización del rut en cartagena; busco la respuesta.",VERIFICACION_ESTADO,VERIFICACION_ESTADO:16
"disculpa, ya envié los documentos del registro civil de nacimiento en bogotá; busco la respuesta.",VERIFICACION_ESTADO,VERIFICACION_ESTADO:16
"buenas, ¿cuánto cuesta la encuesta del sisbén en cúcuta?",CONSULTA_INFORMATIVA,CONSULTA_INFORMATIVA:02
"por favor, ¿con qué institución hablo sobre la inscripción del rut en barranquilla?",DERIVACION_ENTIDAD,DERIVACION_ENTIDAD:05
"buenas, ¿dónde miro la respuesta a mi radicación del duplicado de la cédula en bogotá?",VERIFICACION_ESTADO,VERIFICACION_ESTADO:12
"buenas, deseo comenzar el proceso del duplicado de la cédula en barranquilla.",SOLICITUD_TRAMITE,SOLICITUD_TRAMITE:06
"hola, me explicas en palabras sencillas en qué consiste la corrección del registro civil en medellín.",CONSULTA_INFORMATIVA,CONSULTA_INFORMATIVA:13
me haces el favor: ¿mi solicitud anterior del pasaporte ordinario en bucaramanga continúa pendiente?,VERIFICACION_ESTADO,VERIFICACION_ESTADO:15
"buenas, ¿hay algún pago relacionado con la presentación de peticiones quejas reclamos sugerencias en cali?",CONSULTA_INFORMATIVA,CONSULTA_INFORMATIVA:12
"buenos días, ¿hay algún pago relacionado con la inscripción del rut en barranquilla?",CONSULTA_INFORMATIVA,CONSULTA_INFORMATIVA:12
"ya hice el duplicado de la cédula en bogotá, ¿cómo va la gestión?",VERIFICACION_ESTADO,VERIFICACION_ESTADO:02
"buenos días, tengo una gestión abierta del registro civil de nacimiento en bogotá y quiero ver su avance.",VERIFICACION_ESTADO,VERIFICACION_ESTADO:19
"antes de empezar, quiero conocer los pasos de la consulta de historia laboral en pasto.",CONSULTA_INFORMATIVA,CONSULTA_INFORMATIVA:08
una preguntica: la pantalla de la presentación de peticiones quejas reclamos sugerencias en cali queda en blanco.,REPORTE_PROBLEMA,REPORTE_PROBLEMA:14
"buenos días, necesito hacer el certificado de afiliación a salud en villavicencio, ¿cómo empiezo?",SOLICITUD_TRAMITE,SOLICITUD_TRAMITE:03
me haces el favor: deseo comenzar el proceso de la cédula digital en cartagena.,SOLICITUD_TRAMITE,SOLICITUD_TRAMITE:06
"buenas, me sale un error al llenar el formulario de la actualización del rut en manizales.",REPORTE_PROBLEMA,REPORTE_PROBLEMA:02
"hola, ¿qué documentos piden paral certificado de afiliación a salud en villavicencio?",CONSULTA_INFORMATIVA,CONSULTA_INFORMATIVA:01
me haces el favor: ¿qué diferencia hay entre la atención presencial y virtual paral registro civil de nacimiento en bogotá?,CONSULTA_INFORMATIVA,CONSULTA_INFORMATIVA:07
"buenos días, ¿cómo hago seguimiento a mi solicitud existente del certificado de antecedentes judiciales en villavicencio?",VERIFICACION_ESTADO,VERIFICACION_ESTADO:04
"disculpa, ¿qué diferencia hay entre la atención presencial y virtual paral certificado de antecedentes judiciales en villavicencio?",CONSULTA_INFORMATIVA,CONSULTA_INFORMATIVA:07
"buenos días, ¿a quién le corresponde orientarme sobre la inscripción del rut en pereira?",DERIVACION_ENTIDAD,DERIVACION_ENTIDAD:20
"buenas, ¿me colaboras? explícame los requisitos del certificado de antecedentes fiscales en ibagué.",CONSULTA_INFORMATIVA,CONSULTA_INFORMATIVA:04
me haces el favor: ¿hay algún pago relacionado con la cédula digital en medellín?,CONSULTA_INFORMATIVA,CONSULTA_INFORMATIVA:12
"buenas tardes, quiero iniciar la presentación de peticiones quejas reclamos sugerencias en cali.",SOLICITUD_TRAMITE,SOLICITUD_TRAMITE:01
¿dónde me atiende una persona por la presentación de peticiones quejas reclamos sugerencias en cali?,DERIVACION_ENTIDAD,DERIVACION_ENTIDAD:11
me haces el favor: ¿hay una guía para entender el certificado de antecedentes judiciales en cúcuta?,CONSULTA_INFORMATIVA,CONSULTA_INFORMATIVA:18
"por favor, necesito hacer la renovación de la licencia de conducción en manizales, ¿cómo empiezo?",SOLICITUD_TRAMITE,SOLICITUD_TRAMITE:03
"buenas tardes, ¿hay una guía para entender la encuesta del sisbén en cúcuta?",CONSULTA_INFORMATIVA,CONSULTA_INFORMATIVA:18
"buenas, ya hice la renovación de la licencia de conducción en ibagué, ¿cómo va la gestión?",VERIFICACION_ESTADO,VERIFICACION_ESTADO:02
"por favor, me sale un error al llenar el formulario de la inscripción del rut en barranquilla.",REPORTE_PROBLEMA,REPORTE_PROBLEMA:02
"disculpa, antes de empezar, quiero conocer los pasos del certificado de antecedentes judiciales en villavicencio.",CONSULTA_INFORMATIVA,CONSULTA_INFORMATIVA:08
"buenas, me explicas en palabras sencillas en qué consiste la cédula digital en medellín.",CONSULTA_INFORMATIVA,CONSULTA_INFORMATIVA:13
me haces el favor: ¿debo presentar originales o copias para la cédula digital en cartagena?,CONSULTA_INFORMATIVA,CONSULTA_INFORMATIVA:19
"buenas, ¿me colaboras? indícame cómo radicar una nueva solicitud del registro civil de nacimiento en bogotá.",SOLICITUD_TRAMITE,SOLICITUD_TRAMITE:08
"buenas, no puedo adjuntar los documentos de la encuesta del sisbén en cúcuta; aparece un fallo.",REPORTE_PROBLEMA,REPORTE_PROBLEMA:06
"hola, explícame los requisitos del certificado de afiliación a salud en villavicencio.",CONSULTA_INFORMATIVA,CONSULTA_INFORMATIVA:04
me haces el favor: busco saber si aprobaron mi solicitud del certificado de antecedentes disciplinarios en pasto.,VERIFICACION_ESTADO,VERIFICACION_ESTADO:08
"ya hice la renovación de la licencia de conducción en manizales, ¿cómo va la gestión?",VERIFICACION_ESTADO,VERIFICACION_ESTADO:02
"buenas, ¿me colaboras? ayúdame a tramitar el certificado de antecedentes judiciales desde villavicencio.",SOLICITUD_TRAMITE,SOLICITUD_TRAMITE:02
"me haces el favor: presenté la actualización del rut en cartagena, ¿sigue en revisión?",VERIFICACION_ESTADO,VERIFICACION_ESTADO:07
"buenos días, la plataforma muestra un error de conexión al hacer el certificado de antecedentes disciplinarios en pasto.",REPORTE_PROBLEMA,REPORTE_PROBLEMA:10
"buenas tardes, ayúdame a tramitar la actualización del rut desde manizales.",SOLICITUD_TRAMITE,SOLICITUD_TRAMITE:02
"hola, ¿qué entidad atiende la presentación de peticiones quejas reclamos sugerencias en cali?",DERIVACION_ENTIDAD,DERIVACION_ENTIDAD:01
"buenos días, ¿cómo veo el resultado de mi solicitud registrada de la inscripción del rut en barranquilla?",VERIFICACION_ESTADO,VERIFICACION_ESTADO:18
me haces el favor: necesito consultar si finalizaron la presentación de peticiones quejas reclamos sugerencias que inicié en cali.,VERIFICACION_ESTADO,VERIFICACION_ESTADO:17
"disculpa, la cita del registro civil de nacimiento en bogotá desapareció del sistema.",REPORTE_PROBLEMA,REPORTE_PROBLEMA:19
"hola, por favor, guíame para solicitar el certificado de antecedentes judiciales en villavicencio.",SOLICITUD_TRAMITE,SOLICITUD_TRAMITE:19
una preguntica: ¿cuánto cuestal registro civil de nacimiento en bogotá?,CONSULTA_INFORMATIVA,CONSULTA_INFORMATIVA:02
"me haces el favor: vivo en medellín, ¿dónde leo los requisitos oficiales de la corrección del registro civil?",CONSULTA_INFORMATIVA,CONSULTA_INFORMATIVA:16
"buenos días, ya decidí hacer la actualización del rut en cartagena; orienta mi solicitud.",SOLICITUD_TRAMITE,SOLICITUD_TRAMITE:18
"buenas, ¿me colaboras? ¿a quién le corresponde orientarme sobre la consulta de historia laboral en pereira?",DERIVACION_ENTIDAD,DERIVACION_ENTIDAD:20
"por favor, se borró la información mientras hacíal pasaporte ordinario en bucaramanga.",REPORTE_PROBLEMA,REPORTE_PROBLEMA:07
"hola, quiero iniciar la actualización del rut en manizales.",SOLICITUD_TRAMITE,SOLICITUD_TRAMITE:01
"disculpa, ya hice el certificado de antecedentes disciplinarios en pasto, ¿cómo va la gestión?",VERIFICACION_ESTADO,VERIFICACION_ESTADO:02
"disculpa, ayúdame a tramitar la actualización del rut desde cartagena.",SOLICITUD_TRAMITE,SOLICITUD_TRAMITE:02
"buenas, estoy listo para tramitar la actualización del rut en cartagena, ¿cuál es el paso inicial?",SOLICITUD_TRAMITE,SOLICITUD_TRAMITE:20
"por favor, ¿a cuál oficina debo dirigirme por el certificado de antecedentes fiscales en ibagué?",DERIVACION_ENTIDAD,DERIVACION_ENTIDAD:02
"por favor, me sale un error al llenar el formulario del duplicado de la cédula en bogotá.",REPORTE_PROBLEMA,REPORTE_PROBLEMA:02
una preguntica: busco atención presencial de la institución que lleva la renovación de la licencia de conducción en manizales.,DERIVACION_ENTIDAD,DERIVACION_ENTIDAD:19
"buenas, me dieron un comprobante de la actualización del rut en manizales; quiero revisar la gestión.",VERIFICACION_ESTADO,VERIFICACION_ESTADO:13
¿cómo veo el resultado de mi solicitud registrada de la cédula digital en medellín?,VERIFICACION_ESTADO,VERIFICACION_ESTADO:18
"buenas, el enlace de la actualización del rut para manizales está roto.",REPORTE_PROBLEMA,REPORTE_PROBLEMA:08
deseo comenzar el proceso del certificado de antecedentes disciplinarios en pasto.,SOLICITUD_TRAMITE,SOLICITUD_TRAMITE:06
"buenas tardes, tengo una gestión abierta del duplicado de la cédula en bogotá y quiero ver su avance.",VERIFICACION_ESTADO,VERIFICACION_ESTADO:19
una preguntica: la cita de la presentación de peticiones quejas reclamos sugerencias en cali desapareció del sistema.,REPORTE_PROBLEMA,REPORTE_PROBLEMA:19
¿debo presentar originales o copias paral duplicado de la cédula en barranquilla?,CONSULTA_INFORMATIVA,CONSULTA_INFORMATIVA:19
"hola, por favor, guíame para solicitar la inscripción del rut en pereira.",SOLICITUD_TRAMITE,SOLICITUD_TRAMITE:19
ya envié los documentos de la presentación de peticiones quejas reclamos sugerencias en cali; busco la respuesta.,VERIFICACION_ESTADO,VERIFICACION_ESTADO:16
¿a quién le corresponde orientarme sobre la actualización del rut en cartagena?,DERIVACION_ENTIDAD,DERIVACION_ENTIDAD:20
"por favor, el sistema de la presentación de peticiones quejas reclamos sugerencias en cali se queda bloqueado.",REPORTE_PROBLEMA,REPORTE_PROBLEMA:03
"buenas, ¿me colaboras? antes de empezar, quiero conocer los pasos del pasaporte ordinario en bucaramanga.",CONSULTA_INFORMATIVA,CONSULTA_INFORMATIVA:08
"disculpa, ¿existe una línea de atención oficial paral certificado de afiliación a salud en villavicencio?",DERIVACION_ENTIDAD,DERIVACION_ENTIDAD:18
explícame los requisitos del certificado de antecedentes disciplinarios en pasto.,CONSULTA_INFORMATIVA,CONSULTA_INFORMATIVA:04
"buenos días, el enlace del registro civil de nacimiento para bogotá está roto.",REPORTE_PROBLEMA,REPORTE_PROBLEMA:08
"por favor, deseo comenzar el proceso de la cédula digital en medellín.",SOLICITUD_TRAMITE,SOLICITUD_TRAMITE:06
"buenos días, ¿existe una línea de atención oficial paral pasaporte ordinario en cali?",DERIVACION_ENTIDAD,DERIVACION_ENTIDAD:18
me haces el favor: hay un problema: el portal del duplicado de la cédula en bogotá no termina de procesar.,REPORTE_PROBLEMA,REPORTE_PROBLEMA:20
¿dónde me atiende una persona por la consulta de historia laboral en pereira?,DERIVACION_ENTIDAD,DERIVACION_ENTIDAD:11
"buenas, ayúdame a tramitar la consulta de historia laboral desde pereira.",SOLICITUD_TRAMITE,SOLICITUD_TRAMITE:02
"buenas tardes, ¿puedo revisar el progreso de la actualización del rut que entregué en manizales?",VERIFICACION_ESTADO,VERIFICACION_ESTADO:09
"buenas, ¿a cuál oficina debo dirigirme por la inscripción del rut en pereira?",DERIVACION_ENTIDAD,DERIVACION_ENTIDAD:02
quiero iniciar el certificado de afiliación a salud en villavicencio.,SOLICITUD_TRAMITE,SOLICITUD_TRAMITE:01
"disculpa, ¿con qué institución hablo sobre la corrección del registro civil en medellín?",DERIVACION_ENTIDAD,DERIVACION_ENTIDAD:05
"hola, el comprobante de la inscripción del rut en barranquilla no se puede descargar.",REPORTE_PROBLEMA,REPORTE_PROBLEMA:16
"por favor, estoy listo para tramitar la encuesta del sisbén en cúcuta, ¿cuál es el paso inicial?",SOLICITUD_TRAMITE,SOLICITUD_TRAMITE:20
"buenas, ¿me colaboras? ¿qué entidad atiende la consulta de historia laboral en pereira?",DERIVACION_ENTIDAD,DERIVACION_ENTIDAD:01
"disculpa, el sistema de la inscripción del rut en pereira se queda bloqueado.",REPORTE_PROBLEMA,REPORTE_PROBLEMA:03
me haces el favor: ya envié los documentos de la renovación de la licencia de conducción en ibagué; busco la respuesta.,VERIFICACION_ESTADO,VERIFICACION_ESTADO:16
"por favor, necesito consultar si finalizaron la encuesta del sisbén que inicié en cúcuta.",VERIFICACION_ESTADO,VERIFICACION_ESTADO:17
"buenas, ¿me colaboras? ¿a cuál oficina debo dirigirme por la renovación de la licencia de conducción en ibagué?",DERIVACION_ENTIDAD,DERIVACION_ENTIDAD:02
"buenas tardes, quiero abrir una gestión nueva de la corrección del registro civil en medellín.",SOLICITUD_TRAMITE,SOLICITUD_TRAMITE:16
"disculpa, ¿cómo veo el resultado de mi solicitud registrada del certificado de afiliación a salud en villavicencio?",VERIFICACION_ESTADO,VERIFICACION_ESTADO:18
"hola, necesito hacer la renovación de la licencia de conducción en ibagué, ¿cómo empiezo?",SOLICITUD_TRAMITE,SOLICITUD_TRAMITE:03
"disculpa, oriéntame hacial canal oficial de atención del pasaporte ordinario en bucaramanga.",DERIVACION_ENTIDAD,DERIVACION_ENTIDAD:06
"buenas tardes, me explicas en palabras sencillas en qué consiste el registro civil de nacimiento en bogotá.",CONSULTA_INFORMATIVA,CONSULTA_INFORMATIVA:13
una preguntica: quiero contactar a la entidad encargada del certificado de antecedentes judiciales en villavicencio.,DERIVACION_ENTIDAD,DERIVACION_ENTIDAD:04
"hola, quiero abrir una gestión nueva de la cédula digital en medellín.",SOLICITUD_TRAMITE,SOLICITUD_TRAMITE:16
"buenos días, ¿qué entidad atiendel certificado de antecedentes judiciales en cúcuta?",DERIVACION_ENTIDAD,DERIVACION_ENTIDAD:01
"disculpa, se borró la información mientras hacía la consulta de historia laboral en pereira.",REPORTE_PROBLEMA,REPORTE_PROBLEMA:07
"hola, hay un problema: el portal de la consulta de historia laboral en pereira no termina de procesar.",REPORTE_PROBLEMA,REPORTE_PROBLEMA:20
"hola, ¿hay una sede que atienda consultas sobre la renovación de la licencia de conducción en ibagué?",DERIVACION_ENTIDAD,DERIVACION_ENTIDAD:07
"por favor, no me deja ingresar a la plataforma del registro civil de nacimiento en bogotá.",REPORTE_PROBLEMA,REPORTE_PROBLEMA:18
me haces el favor: quiero iniciar la encuesta del sisbén en bucaramanga.,SOLICITUD_TRAMITE,SOLICITUD_TRAMITE:01
me haces el favor: la pantalla de la consulta de historia laboral en pasto queda en blanco.,REPORTE_PROBLEMA,REPORTE_PROBLEMA:14
"buenas tardes, quisiera presentar una solicitud de la inscripción del rut en pereira.",SOLICITUD_TRAMITE,SOLICITUD_TRAMITE:05
"hola, ¿me ayudas a arrancar con el certificado de antecedentes judiciales en villavicencio?",SOLICITUD_TRAMITE,SOLICITUD_TRAMITE:10
"buenas, necesito hacer la cédula digital en cartagena, ¿cómo empiezo?",SOLICITUD_TRAMITE,SOLICITUD_TRAMITE:03
¿qué edad mínima se exige para la encuesta del sisbén en bucaramanga?,CONSULTA_INFORMATIVA,CONSULTA_INFORMATIVA:09
"buenas, la plataforma muestra un error de conexión al hacer la encuesta del sisbén en cúcuta.",REPORTE_PROBLEMA,REPORTE_PROBLEMA:10
una preguntica: se borró la información mientras hacía la corrección del registro civil en medellín.,REPORTE_PROBLEMA,REPORTE_PROBLEMA:07
una preguntica: ¿mi solicitud anterior del certificado de antecedentes judiciales en cúcuta continúa pendiente?,VERIFICACION_ESTADO,VERIFICACION_ESTADO:15
"buenas, ¿me colaboras? ¿cuánto cuesta la inscripción del rut en pereira?",CONSULTA_INFORMATIVA,CONSULTA_INFORMATIVA:02
una preguntica: ¿dónde me atiende una persona por la renovación de la licencia de conducción en ibagué?,DERIVACION_ENTIDAD,DERIVACION_ENTIDAD:11
"buenos días, quisiera presentar una solicitud de la renovación de la licencia de conducción en ibagué.",SOLICITUD_TRAMITE,SOLICITUD_TRAMITE:05
"buenos días, ¿cómo veo el resultado de mi solicitud registrada de la actualización del rut en manizales?",VERIFICACION_ESTADO,VERIFICACION_ESTADO:18
"buenas, ¿puedo revisar el progreso del certificado de antecedentes judiciales que entregué en cúcuta?",VERIFICACION_ESTADO,VERIFICACION_ESTADO:09
tengo una gestión abierta del duplicado de la cédula en barranquilla y quiero ver su avance.,VERIFICACION_ESTADO,VERIFICACION_ESTADO:19
"buenos días, por favor, guíame para solicitar la cédula digital en medellín.",SOLICITUD_TRAMITE,SOLICITUD_TRAMITE:19
"buenos días, el botón para continuar con el duplicado de la cédula en barranquilla no funciona.",REPORTE_PROBLEMA,REPORTE_PROBLEMA:05
me haces el favor: la plataforma muestra un error de conexión al hacer la actualización del rut en manizales.,REPORTE_PROBLEMA,REPORTE_PROBLEMA:10
"buenos días, quiero pasar de la información a la solicitud del certificado de antecedentes disciplinarios en pasto.",SOLICITUD_TRAMITE,SOLICITUD_TRAMITE:14
"buenas, ¿qué entidad atiende la inscripción del rut en barranquilla?",DERIVACION_ENTIDAD,DERIVACION_ENTIDAD:01
¿hay algún pago relacionado con el duplicado de la cédula en bogotá?,CONSULTA_INFORMATIVA,CONSULTA_INFORMATIVA:12
"buenos días, necesito consultar si finalizaron la actualización del rut que inicié en manizales.",VERIFICACION_ESTADO,VERIFICACION_ESTADO:17
"hola, me interesa realizar el pasaporte ordinario en cali ahora.",SOLICITUD_TRAMITE,SOLICITUD_TRAMITE:07
me haces el favor: ya decidí hacer el certificado de antecedentes disciplinarios en pasto; orienta mi solicitud.,SOLICITUD_TRAMITE,SOLICITUD_TRAMITE:18
"buenas, ¿cómo hago seguimiento a mi solicitud existente del pasaporte ordinario en bucaramanga?",VERIFICACION_ESTADO,VERIFICACION_ESTADO:04
"buenas tardes, ¿a qué dependencia le correspondel duplicado de la cédula en bogotá?",DERIVACION_ENTIDAD,DERIVACION_ENTIDAD:09
"buenas tardes, ¿me ayudas a arrancar con el duplicado de la cédula en bogotá?",SOLICITUD_TRAMITE,SOLICITUD_TRAMITE:10
"por favor, presenté la cédula digital en medellín, ¿sigue en revisión?",VERIFICACION_ESTADO,VERIFICACION_ESTADO:07
me haces el favor: ¿qué documentos piden para la encuesta del sisbén en cúcuta?,CONSULTA_INFORMATIVA,CONSULTA_INFORMATIVA:01
busco información general sobre el pasaporte ordinario en cali.,CONSULTA_INFORMATIVA,CONSULTA_INFORMATIVA:11
"buenas tardes, ¿cómo contacto al área de atención ciudadana de la consulta de historia laboral en pereira?",DERIVACION_ENTIDAD,DERIVACION_ENTIDAD:17
"buenas tardes, quiero la dirección de la sede competente para la renovación de la licencia de conducción en manizales.",DERIVACION_ENTIDAD,DERIVACION_ENTIDAD:16
la cita de la actualización del rut en cartagena desapareció del sistema.,REPORTE_PROBLEMA,REPORTE_PROBLEMA:19
"buenos días, el comprobante de la presentación de peticiones quejas reclamos sugerencias en cali no se puede descargar.",REPORTE_PROBLEMA,REPORTE_PROBLEMA:16
"hola, ¿mi solicitud anterior del certificado de antecedentes fiscales en ibagué continúa pendiente?",VERIFICACION_ESTADO,VERIFICACION_ESTADO:15
"buenas tardes, ya envié los documentos del certificado de antecedentes judiciales en cúcuta; busco la respuesta.",VERIFICACION_ESTADO,VERIFICACION_ESTADO:16
"hola, intenté pagar la presentación de peticiones quejas reclamos sugerencias en cali y el portal rechazó la operación.",REPORTE_PROBLEMA,REPORTE_PROBLEMA:04
una preguntica: no puedo adjuntar los documentos de la renovación de la licencia de conducción en manizales; aparece un fallo.,REPORTE_PROBLEMA,REPORTE_PROBLEMA:06
"buenas, el comprobante del certificado de antecedentes disciplinarios en pasto no se puede descargar.",REPORTE_PROBLEMA,REPORTE_PROBLEMA:16
me haces el favor: la cita del pasaporte ordinario en cali desapareció del sistema.,REPORTE_PROBLEMA,REPORTE_PROBLEMA:19
"por favor, ¿cuál es el plazo habitual del pasaporte ordinario en cali?",CONSULTA_INFORMATIVA,CONSULTA_INFORMATIVA:03
una preguntica: el comprobante del certificado de antecedentes judiciales en villavicencio no se puede descargar.,REPORTE_PROBLEMA,REPORTE_PROBLEMA:16
"disculpa, ¿a qué dependencia le corresponde la encuesta del sisbén en cúcuta?",DERIVACION_ENTIDAD,DERIVACION_ENTIDAD:09
"buenas tardes, la cita de la encuesta del sisbén en cúcuta desapareció del sistema.",REPORTE_PROBLEMA,REPORTE_PROBLEMA:19
"disculpa, indícame cómo radicar una nueva solicitud del certificado de afiliación a salud en villavicencio.",SOLICITUD_TRAMITE,SOLICITUD_TRAMITE:08
una preguntica: hace unos días presenté el certificado de antecedentes judiciales en cúcuta; ¿en qué etapa va?,VERIFICACION_ESTADO,VERIFICACION_ESTADO:11
"disculpa, busco el contacto de la autoridad competente para la renovación de la licencia de conducción en manizales.",DERIVACION_ENTIDAD,DERIVACION_ENTIDAD:08
"por favor, quiero abrir una gestión nueva de la renovación de la licencia de conducción en manizales.",SOLICITUD_TRAMITE,SOLICITUD_TRAMITE:16
"buenas, ¿me colaboras? por favor, guíame para solicitar el certificado de antecedentes disciplinarios en pasto.",SOLICITUD_TRAMITE,SOLICITUD_TRAMITE:19
"buenas, ¿me colaboras? busco el contacto de la autoridad competente paral certificado de antecedentes fiscales en ibagué.",DERIVACION_ENTIDAD,DERIVACION_ENTIDAD:08
ayúdame a tramitar la encuesta del sisbén desde cúcuta.,SOLICITUD_TRAMITE,SOLICITUD_TRAMITE:02
¿cómo veo el resultado de mi solicitud registrada del pasaporte ordinario en cali?,VERIFICACION_ESTADO,VERIFICACION_ESTADO:18
una preguntica: ¿a qué dependencia le corresponde la inscripción del rut en pereira?,DERIVACION_ENTIDAD,DERIVACION_ENTIDAD:09
"disculpa, la plataforma muestra un error de conexión al hacer la corrección del registro civil en medellín.",REPORTE_PROBLEMA,REPORTE_PROBLEMA:10
me haces el favor: quiero iniciar la corrección del registro civil en medellín.,SOLICITUD_TRAMITE,SOLICITUD_TRAMITE:01
¿debo presentar originales o copias para la consulta de historia laboral en pasto?,CONSULTA_INFORMATIVA,CONSULTA_INFORMATIVA:19
"buenas, quiero contactar a la entidad encargada del registro civil de nacimiento en bogotá.",DERIVACION_ENTIDAD,DERIVACION_ENTIDAD:04
una preguntica: ¿cómo veo el resultado de mi solicitud registrada de la renovación de la licencia de conducción en ibagué?,VERIFICACION_ESTADO,VERIFICACION_ESTADO:18
una preguntica: el enlace del certificado de antecedentes fiscales para ibagué está roto.,REPORTE_PROBLEMA,REPORTE_PROBLEMA:08
"disculpa, ¿cómo hago seguimiento a mi solicitud existente del pasaporte ordinario en cali?",VERIFICACION_ESTADO,VERIFICACION_ESTADO:04
"disculpa, ¿cómo contacto al área de atención ciudadana del certificado de afiliación a salud en villavicencio?",DERIVACION_ENTIDAD,DERIVACION_ENTIDAD:17
"por favor, me dieron un comprobante de la encuesta del sisbén en bucaramanga; quiero revisar la gestión.",VERIFICACION_ESTADO,VERIFICACION_ESTADO:13
"por favor, por favor, guíame para solicitar la presentación de peticiones quejas reclamos sugerencias en cali.",SOLICITUD_TRAMITE,SOLICITUD_TRAMITE:19
¿dónde me atiende una persona por el duplicado de la cédula en bogotá?,DERIVACION_ENTIDAD,DERIVACION_ENTIDAD:11
"buenas, ¿me colaboras? quiero contactar a la entidad encargada de la actualización del rut en manizales.",DERIVACION_ENTIDAD,DERIVACION_ENTIDAD:04
me haces el favor: ¿hay una guía para entender la consulta de historia laboral en pereira?,CONSULTA_INFORMATIVA,CONSULTA_INFORMATIVA:18
"hola, ¿existe una línea de atención oficial paral duplicado de la cédula en bogotá?",DERIVACION_ENTIDAD,DERIVACION_ENTIDAD:18
"buenos días, explícame los requisitos de la actualización del rut en manizales.",CONSULTA_INFORMATIVA,CONSULTA_INFORMATIVA:04
ayúdame a tramitar el duplicado de la cédula desde barranquilla.,SOLICITUD_TRAMITE,SOLICITUD_TRAMITE:02
"buenos días, necesito consultar si finalizaron la renovación de la licencia de conducción que inicié en manizales.",VERIFICACION_ESTADO,VERIFICACION_ESTADO:17
"por favor, hay un problema: el portal de la encuesta del sisbén en bucaramanga no termina de procesar.",REPORTE_PROBLEMA,REPORTE_PROBLEMA:20
"buenas tardes, ¿mi solicitud anterior del certificado de antecedentes disciplinarios en pasto continúa pendiente?",VERIFICACION_ESTADO,VERIFICACION_ESTADO:15
"buenas tardes, la plataforma muestra un error de conexión al hacer el certificado de antecedentes judiciales en cúcuta.",REPORTE_PROBLEMA,REPORTE_PROBLEMA:10
una preguntica: ¿cómo veo el resultado de mi solicitud registrada de la inscripción del rut en pereira?,VERIFICACION_ESTADO,VERIFICACION_ESTADO:18
"por favor, el comprobante del certificado de afiliación a salud en villavicencio no se puede descargar.",REPORTE_PROBLEMA,REPORTE_PROBLEMA:16
¿a qué dependencia le corresponde la presentación de peticiones quejas reclamos sugerencias en cali?,DERIVACION_ENTIDAD,DERIVACION_ENTIDAD:09
"estoy listo para tramitar la cédula digital en cartagena, ¿cuál es el paso inicial?",SOLICITUD_TRAMITE,SOLICITUD_TRAMITE:20
"por favor, ¿hay algún pago relacionado con el duplicado de la cédula en barranquilla?",CONSULTA_INFORMATIVA,CONSULTA_INFORMATIVA:12
me haces el favor: ¿qué documentos piden paral certificado de antecedentes judiciales en villavicencio?,CONSULTA_INFORMATIVA,CONSULTA_INFORMATIVA:01
"buenos días, quiero iniciar la encuesta del sisbén en cúcuta.",SOLICITUD_TRAMITE,SOLICITUD_TRAMITE:01
"buenas tardes, hace unos días presenté la cédula digital en medellín; ¿en qué etapa va?",VERIFICACION_ESTADO,VERIFICACION_ESTADO:11
"disculpa, quiero abrir una gestión nueva de la actualización del rut en manizales.",SOLICITUD_TRAMITE,SOLICITUD_TRAMITE:16
"disculpa, quiero la dirección de la sede competente paral registro civil de nacimiento en bogotá.",DERIVACION_ENTIDAD,DERIVACION_ENTIDAD:16
"disculpa, ¿hay algún pago relacionado con el certificado de antecedentes judiciales en cúcuta?",CONSULTA_INFORMATIVA,CONSULTA_INFORMATIVA:12
"buenos días, ¿a qué dependencia le correspondel certificado de afiliación a salud en villavicencio?",DERIVACION_ENTIDAD,DERIVACION_ENTIDAD:09
una preguntica: ¿existe una línea de atención oficial para la actualización del rut en manizales?,DERIVACION_ENTIDAD,DERIVACION_ENTIDAD:18
"hola, ¿a quién le corresponde orientarme sobre la cédula digital en medellín?",DERIVACION_ENTIDAD,DERIVACION_ENTIDAD:20
"hola, el botón para continuar con el registro civil de nacimiento en bogotá no funciona.",REPORTE_PROBLEMA,REPORTE_PROBLEMA:05
"buenas tardes, vivo en villavicencio, ¿dónde leo los requisitos oficiales del certificado de afiliación a salud?",CONSULTA_INFORMATIVA,CONSULTA_INFORMATIVA:16
¿existe una línea de atención oficial paral registro civil de nacimiento en bogotá?,DERIVACION_ENTIDAD,DERIVACION_ENTIDAD:18
"buenas, ¿me colaboras? estoy listo para tramitar el pasaporte ordinario en cali, ¿cuál es el paso inicial?",SOLICITUD_TRAMITE,SOLICITUD_TRAMITE:20
"buenos días, tengo un radicado del pasaporte ordinario en bucaramanga y busco su estado.",VERIFICACION_ESTADO,VERIFICACION_ESTADO:05
"disculpa, no puedo adjuntar los documentos del certificado de antecedentes disciplinarios en pasto; aparece un fallo.",REPORTE_PROBLEMA,REPORTE_PROBLEMA:06
"disculpa, ¿hay una guía para entender la cédula digital en medellín?",CONSULTA_INFORMATIVA,CONSULTA_INFORMATIVA:18
"disculpa, ¿debo presentar originales o copias para la encuesta del sisbén en cúcuta?",CONSULTA_INFORMATIVA,CONSULTA_INFORMATIVA:19
"por favor, antes de empezar, quiero conocer los pasos de la inscripción del rut en barranquilla.",CONSULTA_INFORMATIVA,CONSULTA_INFORMATIVA:08
"buenas tardes, me interesa realizar el certificado de antecedentes disciplinarios en pasto ahora.",SOLICITUD_TRAMITE,SOLICITUD_TRAMITE:07
me haces el favor: aparece un cobro repetido durante la actualización del rut en cartagena.,REPORTE_PROBLEMA,REPORTE_PROBLEMA:17
"por favor, necesito hacer el certificado de antecedentes disciplinarios en pasto, ¿cómo empiezo?",SOLICITUD_TRAMITE,SOLICITUD_TRAMITE:03
"buenas, ¿dónde me atiende una persona por el certificado de antecedentes judiciales en villavicencio?",DERIVACION_ENTIDAD,DERIVACION_ENTIDAD:11
"buenas, ¿me colaboras? me interesa realizar la cédula digital en medellín ahora.",SOLICITUD_TRAMITE,SOLICITUD_TRAMITE:07
"buenas, ¿me colaboras? ¿cómo contacto al área de atención ciudadana de la actualización del rut en cartagena?",DERIVACION_ENTIDAD,DERIVACION_ENTIDAD:17
intenté pagar el certificado de antecedentes judiciales en cúcuta y el portal rechazó la operación.,REPORTE_PROBLEMA,REPORTE_PROBLEMA:04
"hola, ¿a quién le corresponde orientarme sobre el registro civil de nacimiento en bogotá?",DERIVACION_ENTIDAD,DERIVACION_ENTIDAD:20
"hola, indícame cómo radicar una nueva solicitud de la corrección del registro civil en medellín.",SOLICITUD_TRAMITE,SOLICITUD_TRAMITE:08
una preguntica: ¿me ayudas a arrancar con la renovación de la licencia de conducción en ibagué?,SOLICITUD_TRAMITE,SOLICITUD_TRAMITE:10
me haces el favor: ¿qué edad mínima se exige paral certificado de antecedentes disciplinarios en pasto?,CONSULTA_INFORMATIVA,CONSULTA_INFORMATIVA:09
"por favor, guíame para solicitar el certificado de antecedentes judiciales en cúcuta.",SOLICITUD_TRAMITE,SOLICITUD_TRAMITE:19
"disculpa, no me deja ingresar a la plataforma de la consulta de historia laboral en pereira.",REPORTE_PROBLEMA,REPORTE_PROBLEMA:18
"hola, me sale un error al llenar el formulario de la renovación de la licencia de conducción en ibagué.",REPORTE_PROBLEMA,REPORTE_PROBLEMA:02
me haces el favor: necesito consultar si finalizaron el pasaporte ordinario que inicié en cali.,VERIFICACION_ESTADO,VERIFICACION_ESTADO:17
"por favor, quisiera presentar una solicitud de la actualización del rut en cartagena.",SOLICITUD_TRAMITE,SOLICITUD_TRAMITE:05
se borró la información mientras hacía la actualización del rut en cartagena.,REPORTE_PROBLEMA,REPORTE_PROBLEMA:07
"por favor, el botón para continuar con la cédula digital en cartagena no funciona.",REPORTE_PROBLEMA,REPORTE_PROBLEMA:05
¿cómo contacto al área de atención ciudadana de la inscripción del rut en barranquilla?,DERIVACION_ENTIDAD,DERIVACION_ENTIDAD:17
busco saber si aprobaron mi solicitud de la renovación de la licencia de conducción en manizales.,VERIFICACION_ESTADO,VERIFICACION_ESTADO:08
"buenas tardes, presenté el registro civil de nacimiento en bogotá, ¿sigue en revisión?",VERIFICACION_ESTADO,VERIFICACION_ESTADO:07
me haces el favor: me interesa realizar la renovación de la licencia de conducción en ibagué ahora.,SOLICITUD_TRAMITE,SOLICITUD_TRAMITE:07
"buenas tardes, explícame los requisitos del certificado de antecedentes judiciales en cúcuta.",CONSULTA_INFORMATIVA,CONSULTA_INFORMATIVA:04
una preguntica: ¿hay algún pago relacionado con el pasaporte ordinario en bucaramanga?,CONSULTA_INFORMATIVA,CONSULTA_INFORMATIVA:12
una preguntica: necesito consultar si finalizaron el certificado de afiliación a salud que inicié en villavicencio.,VERIFICACION_ESTADO,VERIFICACION_ESTADO:17
"buenas, ¿a quién le corresponde orientarme sobre la presentación de peticiones quejas reclamos sugerencias en cali?",DERIVACION_ENTIDAD,DERIVACION_ENTIDAD:20
"buenos días, ¿hay una sede que atienda consultas sobre la encuesta del sisbén en bucaramanga?",DERIVACION_ENTIDAD,DERIVACION_ENTIDAD:07
"buenas, ¿me colaboras? ¿qué edad mínima se exige para la presentación de peticiones quejas reclamos sugerencias en cali?",CONSULTA_INFORMATIVA,CONSULTA_INFORMATIVA:09
una preguntica: ¿cómo veo el resultado de mi solicitud registrada del duplicado de la cédula en bogotá?,VERIFICACION_ESTADO,VERIFICACION_ESTADO:18
busco el contacto de la autoridad competente para la renovación de la licencia de conducción en ibagué.,DERIVACION_ENTIDAD,DERIVACION_ENTIDAD:08
"hola, ¿cuáles son las etapas del pasaporte ordinario para alguien de bucaramanga?",CONSULTA_INFORMATIVA,CONSULTA_INFORMATIVA:17
"disculpa, ¿qué entidad atiendel pasaporte ordinario en cali?",DERIVACION_ENTIDAD,DERIVACION_ENTIDAD:01
"buenos días, ¿a qué dependencia le corresponde la renovación de la licencia de conducción en manizales?",DERIVACION_ENTIDAD,DERIVACION_ENTIDAD:09
una preguntica: tengo una gestión abierta de la consulta de historia laboral en pereira y quiero ver su avance.,VERIFICACION_ESTADO,VERIFICACION_ESTADO:19
"hola, ¿cuál es el plazo habitual del duplicado de la cédula en bogotá?",CONSULTA_INFORMATIVA,CONSULTA_INFORMATIVA:03
"hola, se borró la información mientras hacía la presentación de peticiones quejas reclamos sugerencias en cali.",REPORTE_PROBLEMA,REPORTE_PROBLEMA:07
"buenas, ¿puedo revisar el progreso del pasaporte ordinario que entregué en bucaramanga?",VERIFICACION_ESTADO,VERIFICACION_ESTADO:09
"disculpa, necesito consultar si finalizaron el duplicado de la cédula que inicié en bogotá.",VERIFICACION_ESTADO,VERIFICACION_ESTADO:17
"por favor, no puedo adjuntar los documentos de la renovación de la licencia de conducción en ibagué; aparece un fallo.",REPORTE_PROBLEMA,REPORTE_PROBLEMA:06
"buenas, antes de empezar, quiero conocer los pasos de la consulta de historia laboral en pereira.",CONSULTA_INFORMATIVA,CONSULTA_INFORMATIVA:08
"buenas, ¿me colaboras? tengo un radicado del duplicado de la cédula en bogotá y busco su estado.",VERIFICACION_ESTADO,VERIFICACION_ESTADO:05
"buenas, me explicas en palabras sencillas en qué consiste la encuesta del sisbén en cúcuta.",CONSULTA_INFORMATIVA,CONSULTA_INFORMATIVA:13
una preguntica: tengo una gestión abierta de la corrección del registro civil en medellín y quiero ver su avance.,VERIFICACION_ESTADO,VERIFICACION_ESTADO:19
"buenas tardes, ¿con qué institución hablo sobre el pasaporte ordinario en bucaramanga?",DERIVACION_ENTIDAD,DERIVACION_ENTIDAD:05
"por favor, el botón para continuar con la actualización del rut en cartagena no funciona.",REPORTE_PROBLEMA,REPORTE_PROBLEMA:05
"disculpa, me dieron un comprobante del certificado de antecedentes judiciales en cúcuta; quiero revisar la gestión.",VERIFICACION_ESTADO,VERIFICACION_ESTADO:13
"disculpa, ¿qué documentos piden paral duplicado de la cédula en barranquilla?",CONSULTA_INFORMATIVA,CONSULTA_INFORMATIVA:01
"buenas, antes de empezar, quiero conocer los pasos del duplicado de la cédula en barranquilla.",CONSULTA_INFORMATIVA,CONSULTA_INFORMATIVA:08
"buenas, ¿me colaboras? ¿debo presentar originales o copias paral certificado de antecedentes judiciales en cúcuta?",CONSULTA_INFORMATIVA,CONSULTA_INFORMATIVA:19
"buenas tardes, ¿qué documentos piden para la cédula digital en medellín?",CONSULTA_INFORMATIVA,CONSULTA_INFORMATIVA:01
"buenos días, la pantalla del registro civil de nacimiento en bogotá queda en blanco.",REPORTE_PROBLEMA,REPORTE_PROBLEMA:14
"buenas, ¿me colaboras? estoy listo para tramitar el pasaporte ordinario en bucaramanga, ¿cuál es el paso inicial?",SOLICITUD_TRAMITE,SOLICITUD_TRAMITE:20
"hola, me dieron un comprobante del pasaporte ordinario en bucaramanga; quiero revisar la gestión.",VERIFICACION_ESTADO,VERIFICACION_ESTADO:13
"buenas, busco atención presencial de la institución que lleval duplicado de la cédula en barranquilla.",DERIVACION_ENTIDAD,DERIVACION_ENTIDAD:19
me haces el favor: quiero la dirección de la sede competente paral certificado de antecedentes fiscales en ibagué.,DERIVACION_ENTIDAD,DERIVACION_ENTIDAD:16
"buenos días, vivo en cali, ¿dónde leo los requisitos oficiales del pasaporte ordinario?",CONSULTA_INFORMATIVA,CONSULTA_INFORMATIVA:16
"buenas tardes, se borró la información mientras hacía la actualización del rut en manizales.",REPORTE_PROBLEMA,REPORTE_PROBLEMA:07
me haces el favor: me explicas en palabras sencillas en qué consiste la actualización del rut en manizales.,CONSULTA_INFORMATIVA,CONSULTA_INFORMATIVA:13
una preguntica: quiero pasar de la información a la solicitud de la consulta de historia laboral en pereira.,SOLICITUD_TRAMITE,SOLICITUD_TRAMITE:14
"hola, ¿hay algún pago relacionado con la encuesta del sisbén en bucaramanga?",CONSULTA_INFORMATIVA,CONSULTA_INFORMATIVA:12
"por favor, ¿existe una línea de atención oficial para la consulta de historia laboral en pereira?",DERIVACION_ENTIDAD,DERIVACION_ENTIDAD:18
"por favor, ¿cuánto cuesta la renovación de la licencia de conducción en ibagué?",CONSULTA_INFORMATIVA,CONSULTA_INFORMATIVA:02
una preguntica: me explicas en palabras sencillas en qué consiste la encuesta del sisbén en bucaramanga.,CONSULTA_INFORMATIVA,CONSULTA_INFORMATIVA:13
"hola, la plataforma muestra un error de conexión al hacer el certificado de antecedentes judiciales en villavicencio.",REPORTE_PROBLEMA,REPORTE_PROBLEMA:10
"disculpa, ¿hay una sede que atienda consultas sobre la encuesta del sisbén en cúcuta?",DERIVACION_ENTIDAD,DERIVACION_ENTIDAD:07
"buenas, ¿me colaboras? ¿cuáles son las etapas de la consulta de historia laboral para alguien de pereira?",CONSULTA_INFORMATIVA,CONSULTA_INFORMATIVA:17
"buenas, ¿me colaboras? ya decidí hacer el certificado de afiliación a salud en villavicencio; orienta mi solicitud.",SOLICITUD_TRAMITE,SOLICITUD_TRAMITE:18
"hola, ¿qué entidad atiendel certificado de afiliación a salud en villavicencio?",DERIVACION_ENTIDAD,DERIVACION_ENTIDAD:01
oriéntame hacial canal oficial de atención del certificado de antecedentes judiciales en villavicencio.,DERIVACION_ENTIDAD,DERIVACION_ENTIDAD:06
"por favor, ¿hay una guía para entender la corrección del registro civil en medellín?",CONSULTA_INFORMATIVA,CONSULTA_INFORMATIVA:18
"disculpa, presenté la cédula digital en cartagena, ¿sigue en revisión?",VERIFICACION_ESTADO,VERIFICACION_ESTADO:07
me haces el favor: ¿cómo hago seguimiento a mi solicitud existente de la encuesta del sisbén en cúcuta?,VERIFICACION_ESTADO,VERIFICACION_ESTADO:04
una preguntica: ¿qué diferencia hay entre la atención presencial y virtual para la presentación de peticiones quejas reclamos sugerencias en cali?,CONSULTA_INFORMATIVA,CONSULTA_INFORMATIVA:07
la pantalla de la encuesta del sisbén en bucaramanga queda en blanco.,REPORTE_PROBLEMA,REPORTE_PROBLEMA:14
"buenas, ¿me colaboras? quiero pasar de la información a la solicitud del certificado de antecedentes fiscales en ibagué.",SOLICITUD_TRAMITE,SOLICITUD_TRAMITE:14
"hola, no me deja ingresar a la plataforma de la encuesta del sisbén en cúcuta.",REPORTE_PROBLEMA,REPORTE_PROBLEMA:18
"disculpa, necesito hacer el duplicado de la cédula en bogotá, ¿cómo empiezo?",SOLICITUD_TRAMITE,SOLICITUD_TRAMITE:03
"me haces el favor: estoy listo para tramitar la encuesta del sisbén en bucaramanga, ¿cuál es el paso inicial?",SOLICITUD_TRAMITE,SOLICITUD_TRAMITE:20
"buenos días, ¿qué documentos piden para la presentación de peticiones quejas reclamos sugerencias en cali?",CONSULTA_INFORMATIVA,CONSULTA_INFORMATIVA:01
"hola, quiero iniciar el registro civil de nacimiento en bogotá.",SOLICITUD_TRAMITE,SOLICITUD_TRAMITE:01
me haces el favor: el comprobante de la consulta de historia laboral en pasto no se puede descargar.,REPORTE_PROBLEMA,REPORTE_PROBLEMA:16
"buenas tardes, la plataforma muestra un error de conexión al hacer el certificado de afiliación a salud en villavicencio.",REPORTE_PROBLEMA,REPORTE_PROBLEMA:10
me haces el favor: quiero abrir una gestión nueva del pasaporte ordinario en bucaramanga.,SOLICITUD_TRAMITE,SOLICITUD_TRAMITE:16
"buenos días, ya envié los documentos de la cédula digital en cartagena; busco la respuesta.",VERIFICACION_ESTADO,VERIFICACION_ESTADO:16
"buenos días, ¿cuáles son las etapas de la actualización del rut para alguien de manizales?",CONSULTA_INFORMATIVA,CONSULTA_INFORMATIVA:17
"disculpa, quiero contactar a la entidad encargada del pasaporte ordinario en bucaramanga.",DERIVACION_ENTIDAD,DERIVACION_ENTIDAD:04
me haces el favor: necesito consultar si finalizaron la consulta de historia laboral que inicié en pasto.,VERIFICACION_ESTADO,VERIFICACION_ESTADO:17
"buenas tardes, ¿cómo hago seguimiento a mi solicitud existente del certificado de antecedentes fiscales en ibagué?",VERIFICACION_ESTADO,VERIFICACION_ESTADO:04
me haces el favor: me interesa realizar el certificado de antecedentes fiscales en ibagué ahora.,SOLICITUD_TRAMITE,SOLICITUD_TRAMITE:07
"disculpa, necesito hacer el pasaporte ordinario en cali, ¿cómo empiezo?",SOLICITUD_TRAMITE,SOLICITUD_TRAMITE:03
una preguntica: ya envié los documentos del pasaporte ordinario en bucaramanga; busco la respuesta.,VERIFICACION_ESTADO,VERIFICACION_ESTADO:16
"disculpa, el enlace de la consulta de historia laboral para pereira está roto.",REPORTE_PROBLEMA,REPORTE_PROBLEMA:08
me haces el favor: busco información general sobre el duplicado de la cédula en bogotá.,CONSULTA_INFORMATIVA,CONSULTA_INFORMATIVA:11
"me haces el favor: antes de empezar, quiero conocer los pasos de la cédula digital en medellín.",CONSULTA_INFORMATIVA,CONSULTA_INFORMATIVA:08
"hola, ¿dónde miro la respuesta a mi radicación del certificado de antecedentes fiscales en ibagué?",VERIFICACION_ESTADO,VERIFICACION_ESTADO:12
"hola, explícame los requisitos de la inscripción del rut en pereira.",CONSULTA_INFORMATIVA,CONSULTA_INFORMATIVA:04
"disculpa, quiero pasar de la información a la solicitud de la actualización del rut en cartagena.",SOLICITUD_TRAMITE,SOLICITUD_TRAMITE:14
"hola, busco saber si aprobaron mi solicitud del duplicado de la cédula en barranquilla.",VERIFICACION_ESTADO,VERIFICACION_ESTADO:08
"buenas tardes, ¿cuánto cuestal certificado de antecedentes judiciales en villavicencio?",CONSULTA_INFORMATIVA,CONSULTA_INFORMATIVA:02
"disculpa, ¿a cuál oficina debo dirigirme por la consulta de historia laboral en pereira?",DERIVACION_ENTIDAD,DERIVACION_ENTIDAD:02
una preguntica: ¿qué diferencia hay entre la atención presencial y virtual para la actualización del rut en cartagena?,CONSULTA_INFORMATIVA,CONSULTA_INFORMATIVA:07
"por favor, ¿a cuál oficina debo dirigirme por el pasaporte ordinario en cali?",DERIVACION_ENTIDAD,DERIVACION_ENTIDAD:02
¿a quién le corresponde orientarme sobre el certificado de antecedentes judiciales en cúcuta?,DERIVACION_ENTIDAD,DERIVACION_ENTIDAD:20
"estoy listo para tramitar la renovación de la licencia de conducción en manizales, ¿cuál es el paso inicial?",SOLICITUD_TRAMITE,SOLICITUD_TRAMITE:20
"buenas, ¿me colaboras? me explicas en palabras sencillas en qué consiste la actualización del rut en cartagena.",CONSULTA_INFORMATIVA,CONSULTA_INFORMATIVA:13
"por favor, ¿me ayudas a arrancar con la presentación de peticiones quejas reclamos sugerencias en cali?",SOLICITUD_TRAMITE,SOLICITUD_TRAMITE:10
"buenas, por favor, guíame para solicitar la renovación de la licencia de conducción en manizales.",SOLICITUD_TRAMITE,SOLICITUD_TRAMITE:19
"hola, ¿qué diferencia hay entre la atención presencial y virtual paral duplicado de la cédula en bogotá?",CONSULTA_INFORMATIVA,CONSULTA_INFORMATIVA:07
"disculpa, ¿con qué institución hablo sobre el certificado de antecedentes fiscales en ibagué?",DERIVACION_ENTIDAD,DERIVACION_ENTIDAD:05
¿a qué dependencia le corresponde la actualización del rut en manizales?,DERIVACION_ENTIDAD,DERIVACION_ENTIDAD:09
"buenas, hay un problema: el portal de la corrección del registro civil en medellín no termina de procesar.",REPORTE_PROBLEMA,REPORTE_PROBLEMA:20
"buenas, ¿me colaboras? busco atención presencial de la institución que lleval certificado de antecedentes judiciales en villavicencio.",DERIVACION_ENTIDAD,DERIVACION_ENTIDAD:19
"disculpa, quiero contactar a la entidad encargada de la cédula digital en medellín.",DERIVACION_ENTIDAD,DERIVACION_ENTIDAD:04
"buenas tardes, ¿cuál es el plazo habitual de la inscripción del rut en pereira?",CONSULTA_INFORMATIVA,CONSULTA_INFORMATIVA:03
me haces el favor: ¿cómo hago seguimiento a mi solicitud existente de la renovación de la licencia de conducción en manizales?,VERIFICACION_ESTADO,VERIFICACION_ESTADO:04
"buenas, ¿existe una línea de atención oficial para la inscripción del rut en pereira?",DERIVACION_ENTIDAD,DERIVACION_ENTIDAD:18
"buenas tardes, busco el contacto de la autoridad competente para la consulta de historia laboral en pasto.",DERIVACION_ENTIDAD,DERIVACION_ENTIDAD:08
"hola, la cita del duplicado de la cédula en bogotá desapareció del sistema.",REPORTE_PROBLEMA,REPORTE_PROBLEMA:19
¿qué documentos piden para la cédula digital en cartagena?,CONSULTA_INFORMATIVA,CONSULTA_INFORMATIVA:01
una preguntica: hay un problema: el portal de la consulta de historia laboral en pasto no termina de procesar.,REPORTE_PROBLEMA,REPORTE_PROBLEMA:20
"disculpa, ¿hay una sede que atienda consultas sobre la presentación de peticiones quejas reclamos sugerencias en cali?",DERIVACION_ENTIDAD,DERIVACION_ENTIDAD:07
una preguntica: ¿hay una guía para entender el certificado de antecedentes disciplinarios en pasto?,CONSULTA_INFORMATIVA,CONSULTA_INFORMATIVA:18
aparece un cobro repetido durante el duplicado de la cédula en bogotá.,REPORTE_PROBLEMA,REPORTE_PROBLEMA:17
"por favor, presenté la renovación de la licencia de conducción en ibagué, ¿sigue en revisión?",VERIFICACION_ESTADO,VERIFICACION_ESTADO:07
"disculpa, ya decidí hacer la encuesta del sisbén en bucaramanga; orienta mi solicitud.",SOLICITUD_TRAMITE,SOLICITUD_TRAMITE:18
"hola, hay un problema: el portal del certificado de antecedentes judiciales en villavicencio no termina de procesar.",REPORTE_PROBLEMA,REPORTE_PROBLEMA:20
"buenos días, ¿qué entidad atiendel duplicado de la cédula en bogotá?",DERIVACION_ENTIDAD,DERIVACION_ENTIDAD:01
"buenas, ¿me colaboras? ¿qué documentos piden para la inscripción del rut en barranquilla?",CONSULTA_INFORMATIVA,CONSULTA_INFORMATIVA:01
"buenas, ¿me colaboras? tengo una gestión abierta de la inscripción del rut en pereira y quiero ver su avance.",VERIFICACION_ESTADO,VERIFICACION_ESTADO:19
una preguntica: el botón para continuar con la encuesta del sisbén en cúcuta no funciona.,REPORTE_PROBLEMA,REPORTE_PROBLEMA:05
me haces el favor: ¿qué diferencia hay entre la atención presencial y virtual paral certificado de antecedentes judiciales en cúcuta?,CONSULTA_INFORMATIVA,CONSULTA_INFORMATIVA:07
"hola, ¿qué edad mínima se exige para la renovación de la licencia de conducción en manizales?",CONSULTA_INFORMATIVA,CONSULTA_INFORMATIVA:09
"buenas tardes, busco información general sobre la actualización del rut en manizales.",CONSULTA_INFORMATIVA,CONSULTA_INFORMATIVA:11
"buenas tardes, me sale un error al llenar el formulario de la cédula digital en cartagena.",REPORTE_PROBLEMA,REPORTE_PROBLEMA:02
una preguntica: ¿con qué institución hablo sobre la cédula digital en medellín?,DERIVACION_ENTIDAD,DERIVACION_ENTIDAD:05
una preguntica: ¿cómo contacto al área de atención ciudadana del certificado de antecedentes judiciales en cúcuta?,DERIVACION_ENTIDAD,DERIVACION_ENTIDAD:17
una preguntica: explícame los requisitos de la renovación de la licencia de conducción en manizales.,CONSULTA_INFORMATIVA,CONSULTA_INFORMATIVA:04
me haces el favor: ¿hay algún pago relacionado con el certificado de afiliación a salud en villavicencio?,CONSULTA_INFORMATIVA,CONSULTA_INFORMATIVA:12
"buenas, necesito el enlace para iniciar la encuesta del sisbén desde cúcuta.",SOLICITUD_TRAMITE,SOLICITUD_TRAMITE:13
"buenas, ¿me colaboras? ¿cuáles son las etapas de la encuesta del sisbén para alguien de bucaramanga?",CONSULTA_INFORMATIVA,CONSULTA_INFORMATIVA:17
el sistema del certificado de afiliación a salud en villavicencio se queda bloqueado.,REPORTE_PROBLEMA,REPORTE_PROBLEMA:03
"buenas tardes, ¿hay una sede que atienda consultas sobre la consulta de historia laboral en pasto?",DERIVACION_ENTIDAD,DERIVACION_ENTIDAD:07
me haces el favor: ¿cómo veo el resultado de mi solicitud registrada del registro civil de nacimiento en bogotá?,VERIFICACION_ESTADO,VERIFICACION_ESTADO:18
"buenas, ¿me colaboras? el botón para continuar con la inscripción del rut en pereira no funciona.",REPORTE_PROBLEMA,REPORTE_PROBLEMA:05
"hola, ¿qué documentos piden paral certificado de antecedentes disciplinarios en pasto?",CONSULTA_INFORMATIVA,CONSULTA_INFORMATIVA:01
la plataforma muestra un error de conexión al hacer el duplicado de la cédula en barranquilla.,REPORTE_PROBLEMA,REPORTE_PROBLEMA:10
"buenos días, quiero abrir una gestión nueva de la encuesta del sisbén en bucaramanga.",SOLICITUD_TRAMITE,SOLICITUD_TRAMITE:16
"hola, ya envié los documentos del pasaporte ordinario en cali; busco la respuesta.",VERIFICACION_ESTADO,VERIFICACION_ESTADO:16
"disculpa, estoy listo para tramitar la cédula digital en medellín, ¿cuál es el paso inicial?",SOLICITUD_TRAMITE,SOLICITUD_TRAMITE:20
"buenas, ¿me colaboras? oriéntame hacial canal oficial de atención del certificado de afiliación a salud en villavicencio.",DERIVACION_ENTIDAD,DERIVACION_ENTIDAD:06
una preguntica: se borró la información mientras hacía la inscripción del rut en barranquilla.,REPORTE_PROBLEMA,REPORTE_PROBLEMA:07
una preguntica: aparece un cobro repetido durante el certificado de antecedentes disciplinarios en pasto.,REPORTE_PROBLEMA,REPORTE_PROBLEMA:17
"buenas tardes, el sistema de la corrección del registro civil en medellín se queda bloqueado.",REPORTE_PROBLEMA,REPORTE_PROBLEMA:03
"buenas, ¿me colaboras? no puedo adjuntar los documentos de la consulta de historia laboral en pasto; aparece un fallo.",REPORTE_PROBLEMA,REPORTE_PROBLEMA:06
me haces el favor: ¿cuál es el plazo habitual de la actualización del rut en manizales?,CONSULTA_INFORMATIVA,CONSULTA_INFORMATIVA:03
"por favor, ¿a cuál oficina debo dirigirme por la cédula digital en medellín?",DERIVACION_ENTIDAD,DERIVACION_ENTIDAD:02
"por favor, me dieron un comprobante de la presentación de peticiones quejas reclamos sugerencias en cali; quiero revisar la gestión.",VERIFICACION_ESTADO,VERIFICACION_ESTADO:13
me haces el favor: ya envié los documentos de la encuesta del sisbén en cúcuta; busco la respuesta.,VERIFICACION_ESTADO,VERIFICACION_ESTADO:16
"buenas, indícame cómo radicar una nueva solicitud de la encuesta del sisbén en cúcuta.",SOLICITUD_TRAMITE,SOLICITUD_TRAMITE:08
"buenos días, presenté la renovación de la licencia de conducción en manizales, ¿sigue en revisión?",VERIFICACION_ESTADO,VERIFICACION_ESTADO:07
"buenas, busco información general sobre la inscripción del rut en barranquilla.",CONSULTA_INFORMATIVA,CONSULTA_INFORMATIVA:11
"por favor, ¿qué entidad atiende la actualización del rut en cartagena?",DERIVACION_ENTIDAD,DERIVACION_ENTIDAD:01
"por favor, ¿cuál es el plazo habitual del certificado de antecedentes fiscales en ibagué?",CONSULTA_INFORMATIVA,CONSULTA_INFORMATIVA:03
"buenas tardes, ¿mi solicitud anterior de la consulta de historia laboral en pereira continúa pendiente?",VERIFICACION_ESTADO,VERIFICACION_ESTADO:15
"buenas, ¿me colaboras? busco información general sobre el registro civil de nacimiento en bogotá.",CONSULTA_INFORMATIVA,CONSULTA_INFORMATIVA:11
"buenos días, la plataforma muestra un error de conexión al hacer la consulta de historia laboral en pereira.",REPORTE_PROBLEMA,REPORTE_PROBLEMA:10
busco atención presencial de la institución que lleva la encuesta del sisbén en bucaramanga.,DERIVACION_ENTIDAD,DERIVACION_ENTIDAD:19
me haces el favor: no me deja ingresar a la plataforma del certificado de antecedentes judiciales en villavicencio.,REPORTE_PROBLEMA,REPORTE_PROBLEMA:18
"buenas, ¿me colaboras? el botón para continuar con la renovación de la licencia de conducción en manizales no funciona.",REPORTE_PROBLEMA,REPORTE_PROBLEMA:05
"disculpa, quiero iniciar la renovación de la licencia de conducción en ibagué.",SOLICITUD_TRAMITE,SOLICITUD_TRAMITE:01
una preguntica: el enlace del certificado de antecedentes judiciales para villavicencio está roto.,REPORTE_PROBLEMA,REPORTE_PROBLEMA:08
"hola, busco el contacto de la autoridad competente para la actualización del rut en manizales.",DERIVACION_ENTIDAD,DERIVACION_ENTIDAD:08
"disculpa, el botón para continuar con la renovación de la licencia de conducción en ibagué no funciona.",REPORTE_PROBLEMA,REPORTE_PROBLEMA:05
"buenas, quiero pasar de la información a la solicitud de la cédula digital en cartagena.",SOLICITUD_TRAMITE,SOLICITUD_TRAMITE:14
"una preguntica: presenté el certificado de antecedentes judiciales en villavicencio, ¿sigue en revisión?",VERIFICACION_ESTADO,VERIFICACION_ESTADO:07
¿a quién le corresponde orientarme sobre el certificado de antecedentes disciplinarios en pasto?,DERIVACION_ENTIDAD,DERIVACION_ENTIDAD:20
me haces el favor: ayúdame a tramitar la presentación de peticiones quejas reclamos sugerencias desde cali.,SOLICITUD_TRAMITE,SOLICITUD_TRAMITE:02
me haces el favor: el enlace de la renovación de la licencia de conducción para ibagué está roto.,REPORTE_PROBLEMA,REPORTE_PROBLEMA:08
"disculpa, quiero la dirección de la sede competente para la actualización del rut en manizales.",DERIVACION_ENTIDAD,DERIVACION_ENTIDAD:16
me haces el favor: me sale un error al llenar el formulario de la consulta de historia laboral en pasto.,REPORTE_PROBLEMA,REPORTE_PROBLEMA:02
una preguntica: deseo comenzar el proceso de la inscripción del rut en pereira.,SOLICITUD_TRAMITE,SOLICITUD_TRAMITE:06
"estoy listo para tramitar el certificado de antecedentes fiscales en ibagué, ¿cuál es el paso inicial?",SOLICITUD_TRAMITE,SOLICITUD_TRAMITE:20
"buenos días, hace unos días presenté la actualización del rut en manizales; ¿en qué etapa va?",VERIFICACION_ESTADO,VERIFICACION_ESTADO:11
"hola, busco el contacto de la autoridad competente para la actualización del rut en cartagena.",DERIVACION_ENTIDAD,DERIVACION_ENTIDAD:08
"buenos días, ¿cómo hago seguimiento a mi solicitud existente del certificado de antecedentes disciplinarios en pasto?",VERIFICACION_ESTADO,VERIFICACION_ESTADO:04
me dieron un comprobante de la cédula digital en cartagena; quiero revisar la gestión.,VERIFICACION_ESTADO,VERIFICACION_ESTADO:13
"buenas, ¿me colaboras? por favor, guíame para solicitar la corrección del registro civil en medellín.",SOLICITUD_TRAMITE,SOLICITUD_TRAMITE:19
"por favor, ¿cuáles son las etapas del duplicado de la cédula para alguien de bogotá?",CONSULTA_INFORMATIVA,CONSULTA_INFORMATIVA:17
"buenas, la pantalla de la renovación de la licencia de conducción en manizales queda en blanco.",REPORTE_PROBLEMA,REPORTE_PROBLEMA:14
"buenas, ¿me colaboras? ¿hay una guía para entender la renovación de la licencia de conducción en manizales?",CONSULTA_INFORMATIVA,CONSULTA_INFORMATIVA:18
"vivo en pasto, ¿dónde leo los requisitos oficiales del certificado de antecedentes disciplinarios?",CONSULTA_INFORMATIVA,CONSULTA_INFORMATIVA:16
"disculpa, necesito consultar si finalizaron el pasaporte ordinario que inicié en bucaramanga.",VERIFICACION_ESTADO,VERIFICACION_ESTADO:17
"buenas, ¿me colaboras? quiero iniciar la cédula digital en medellín.",SOLICITUD_TRAMITE,SOLICITUD_TRAMITE:01
"hola, ¿me ayudas a arrancar con la encuesta del sisbén en bucaramanga?",SOLICITUD_TRAMITE,SOLICITUD_TRAMITE:10
"buenos días, ¿mi solicitud anterior del registro civil de nacimiento en bogotá continúa pendiente?",VERIFICACION_ESTADO,VERIFICACION_ESTADO:15
me haces el favor: hace unos días presenté el duplicado de la cédula en bogotá; ¿en qué etapa va?,VERIFICACION_ESTADO,VERIFICACION_ESTADO:11
me haces el favor: ¿hay una sede que atienda consultas sobre el pasaporte ordinario en bucaramanga?,DERIVACION_ENTIDAD,DERIVACION_ENTIDAD:07
"por favor, la plataforma muestra un error de conexión al hacer la cédula digital en cartagena.",REPORTE_PROBLEMA,REPORTE_PROBLEMA:10
"una preguntica: antes de empezar, quiero conocer los pasos del certificado de antecedentes disciplinarios en pasto.",CONSULTA_INFORMATIVA,CONSULTA_INFORMATIVA:08
una preguntica: quiero contactar a la entidad encargada del certificado de antecedentes disciplinarios en pasto.,DERIVACION_ENTIDAD,DERIVACION_ENTIDAD:04
"buenas tardes, quiero pasar de la información a la solicitud del certificado de antecedentes judiciales en villavicencio.",SOLICITUD_TRAMITE,SOLICITUD_TRAMITE:14
una preguntica: ¿qué entidad atiende la renovación de la licencia de conducción en ibagué?,DERIVACION_ENTIDAD,DERIVACION_ENTIDAD:01
me haces el favor: ¿a cuál oficina debo dirigirme por el certificado de afiliación a salud en villavicencio?,DERIVACION_ENTIDAD,DERIVACION_ENTIDAD:02
me haces el favor: ¿mi solicitud anterior del certificado de antecedentes judiciales en villavicencio continúa pendiente?,VERIFICACION_ESTADO,VERIFICACION_ESTADO:15
"disculpa, no puedo adjuntar los documentos del duplicado de la cédula en barranquilla; aparece un fallo.",REPORTE_PROBLEMA,REPORTE_PROBLEMA:06
"buenas tardes, me explicas en palabras sencillas en qué consiste el duplicado de la cédula en barranquilla.",CONSULTA_INFORMATIVA,CONSULTA_INFORMATIVA:13
una preguntica: ¿cuál es el plazo habitual de la encuesta del sisbén en cúcuta?,CONSULTA_INFORMATIVA,CONSULTA_INFORMATIVA:03
quiero abrir una gestión nueva de la consulta de historia laboral en pasto.,SOLICITUD_TRAMITE,SOLICITUD_TRAMITE:16
"buenas tardes, vivo en cali, ¿dónde leo los requisitos oficiales de la presentación de peticiones quejas reclamos sugerencias?",CONSULTA_INFORMATIVA,CONSULTA_INFORMATIVA:16
"disculpa, no me deja ingresar a la plataforma de la renovación de la licencia de conducción en ibagué.",REPORTE_PROBLEMA,REPORTE_PROBLEMA:18
"disculpa, ¿qué documentos piden paral duplicado de la cédula en bogotá?",CONSULTA_INFORMATIVA,CONSULTA_INFORMATIVA:01
"buenas, ¿me colaboras? ¿cómo hago seguimiento a mi solicitud existente de la actualización del rut en cartagena?",VERIFICACION_ESTADO,VERIFICACION_ESTADO:04
me dieron un comprobante de la consulta de historia laboral en pasto; quiero revisar la gestión.,VERIFICACION_ESTADO,VERIFICACION_ESTADO:13
una preguntica: me interesa realizar la actualización del rut en manizales ahora.,SOLICITUD_TRAMITE,SOLICITUD_TRAMITE:07
me haces el favor: ¿puedo revisar el progreso de la consulta de historia laboral que entregué en pasto?,VERIFICACION_ESTADO,VERIFICACION_ESTADO:09
"buenos días, ¿qué documentos piden para la corrección del registro civil en medellín?",CONSULTA_INFORMATIVA,CONSULTA_INFORMATIVA:01
"buenos días, ayúdame a tramitar la consulta de historia laboral desde pasto.",SOLICITUD_TRAMITE,SOLICITUD_TRAMITE:02
"buenas, ¿qué edad mínima se exige para la encuesta del sisbén en cúcuta?",CONSULTA_INFORMATIVA,CONSULTA_INFORMATIVA:09
"buenas tardes, el enlace de la presentación de peticiones quejas reclamos sugerencias para cali está roto.",REPORTE_PROBLEMA,REPORTE_PROBLEMA:08
me haces el favor: necesito el enlace para iniciar el pasaporte ordinario desde cali.,SOLICITUD_TRAMITE,SOLICITUD_TRAMITE:13
busco el contacto de la autoridad competente paral certificado de afiliación a salud en villavicencio.,DERIVACION_ENTIDAD,DERIVACION_ENTIDAD:08
"buenas, ¿me colaboras? intenté pagar el certificado de antecedentes fiscales en ibagué y el portal rechazó la operación.",REPORTE_PROBLEMA,REPORTE_PROBLEMA:04
"buenos días, oriéntame hacial canal oficial de atención del registro civil de nacimiento en bogotá.",DERIVACION_ENTIDAD,DERIVACION_ENTIDAD:06
"buenas tardes, me sale un error al llenar el formulario del certificado de antecedentes disciplinarios en pasto.",REPORTE_PROBLEMA,REPORTE_PROBLEMA:02
"buenos días, ya hice el pasaporte ordinario en bucaramanga, ¿cómo va la gestión?",VERIFICACION_ESTADO,VERIFICACION_ESTADO:02
"buenos días, no me deja ingresar a la plataforma del certificado de antecedentes fiscales en ibagué.",REPORTE_PROBLEMA,REPORTE_PROBLEMA:18
una preguntica: ¿debo presentar originales o copias paral pasaporte ordinario en bucaramanga?,CONSULTA_INFORMATIVA,CONSULTA_INFORMATIVA:19
me haces el favor: ayúdame a tramitar la encuesta del sisbén desde bucaramanga.,SOLICITUD_TRAMITE,SOLICITUD_TRAMITE:02
"hola, ¿a qué dependencia le corresponde la cédula digital en medellín?",DERIVACION_ENTIDAD,DERIVACION_ENTIDAD:09
"buenas tardes, tengo un radicado de la cédula digital en cartagena y busco su estado.",VERIFICACION_ESTADO,VERIFICACION_ESTADO:05
"buenos días, me interesa realizar la encuesta del sisbén en cúcuta ahora.",SOLICITUD_TRAMITE,SOLICITUD_TRAMITE:07
¿qué entidad atiende la encuesta del sisbén en bucaramanga?,DERIVACION_ENTIDAD,DERIVACION_ENTIDAD:01
"disculpa, quisiera presentar una solicitud del duplicado de la cédula en bogotá.",SOLICITUD_TRAMITE,SOLICITUD_TRAMITE:05
"buenas tardes, quiero contactar a la entidad encargada del certificado de antecedentes fiscales en ibagué.",DERIVACION_ENTIDAD,DERIVACION_ENTIDAD:04
"buenas tardes, antes de empezar, quiero conocer los pasos de la encuesta del sisbén en bucaramanga.",CONSULTA_INFORMATIVA,CONSULTA_INFORMATIVA:08
quiero iniciar el certificado de antecedentes fiscales en ibagué.,SOLICITUD_TRAMITE,SOLICITUD_TRAMITE:01
¿puedo revisar el progreso del certificado de antecedentes judiciales que entregué en villavicencio?,VERIFICACION_ESTADO,VERIFICACION_ESTADO:09
"hola, ¿a quién le corresponde orientarme sobre la encuesta del sisbén en bucaramanga?",DERIVACION_ENTIDAD,DERIVACION_ENTIDAD:20
"buenos días, me explicas en palabras sencillas en qué consiste el certificado de antecedentes disciplinarios en pasto.",CONSULTA_INFORMATIVA,CONSULTA_INFORMATIVA:13
el botón para continuar con la actualización del rut en manizales no funciona.,REPORTE_PROBLEMA,REPORTE_PROBLEMA:05
me haces el favor: ¿cómo veo el resultado de mi solicitud registrada del duplicado de la cédula en barranquilla?,VERIFICACION_ESTADO,VERIFICACION_ESTADO:18
"antes de empezar, quiero conocer los pasos del pasaporte ordinario en cali.",CONSULTA_INFORMATIVA,CONSULTA_INFORMATIVA:08
"por favor, ya hice el certificado de antecedentes judiciales en cúcuta, ¿cómo va la gestión?",VERIFICACION_ESTADO,VERIFICACION_ESTADO:02
"disculpa, ¿a cuál oficina debo dirigirme por la presentación de peticiones quejas reclamos sugerencias en cali?",DERIVACION_ENTIDAD,DERIVACION_ENTIDAD:02
"buenas, ¿me colaboras? ¿qué edad mínima se exige paral certificado de antecedentes judiciales en villavicencio?",CONSULTA_INFORMATIVA,CONSULTA_INFORMATIVA:09
"buenas tardes, estoy listo para tramitar el certificado de antecedentes judiciales en cúcuta, ¿cuál es el paso inicial?",SOLICITUD_TRAMITE,SOLICITUD_TRAMITE:20
"buenas, ¿me colaboras? ¿mi solicitud anterior del duplicado de la cédula en bogotá continúa pendiente?",VERIFICACION_ESTADO,VERIFICACION_ESTADO:15
"buenas tardes, ¿cómo veo el resultado de mi solicitud registrada del pasaporte ordinario en bucaramanga?",VERIFICACION_ESTADO,VERIFICACION_ESTADO:18
"buenas, no puedo adjuntar los documentos de la cédula digital en cartagena; aparece un fallo.",REPORTE_PROBLEMA,REPORTE_PROBLEMA:06
una preguntica: quisiera presentar una solicitud de la renovación de la licencia de conducción en manizales.,SOLICITUD_TRAMITE,SOLICITUD_TRAMITE:05
una preguntica: ¿me ayudas a arrancar con el certificado de antecedentes judiciales en cúcuta?,SOLICITUD_TRAMITE,SOLICITUD_TRAMITE:10
"buenas tardes, ya envié los documentos de la inscripción del rut en pereira; busco la respuesta.",VERIFICACION_ESTADO,VERIFICACION_ESTADO:16
indícame cómo radicar una nueva solicitud de la inscripción del rut en barranquilla.,SOLICITUD_TRAMITE,SOLICITUD_TRAMITE:08
una preguntica: ¿dónde miro la respuesta a mi radicación de la actualización del rut en cartagena?,VERIFICACION_ESTADO,VERIFICACION_ESTADO:12
una preguntica: busco saber si aprobaron mi solicitud del registro civil de nacimiento en bogotá.,VERIFICACION_ESTADO,VERIFICACION_ESTADO:08
"buenas, ¿me colaboras? me interesa realizar el certificado de antecedentes judiciales en villavicencio ahora.",SOLICITUD_TRAMITE,SOLICITUD_TRAMITE:07
¿qué edad mínima se exige para la inscripción del rut en barranquilla?,CONSULTA_INFORMATIVA,CONSULTA_INFORMATIVA:09
"por favor, hace unos días presenté la inscripción del rut en pereira; ¿en qué etapa va?",VERIFICACION_ESTADO,VERIFICACION_ESTADO:11
una preguntica: aparece un cobro repetido durante el certificado de antecedentes judiciales en cúcuta.,REPORTE_PROBLEMA,REPORTE_PROBLEMA:17
el enlace del certificado de antecedentes disciplinarios para pasto está roto.,REPORTE_PROBLEMA,REPORTE_PROBLEMA:08
"buenas tardes, presenté la inscripción del rut en pereira, ¿sigue en revisión?",VERIFICACION_ESTADO,VERIFICACION_ESTADO:07
"buenas, ¿me colaboras? ¿hay algún pago relacionado con el certificado de antecedentes disciplinarios en pasto?",CONSULTA_INFORMATIVA,CONSULTA_INFORMATIVA:12
una preguntica: ¿a qué dependencia le corresponde la consulta de historia laboral en pereira?,DERIVACION_ENTIDAD,DERIVACION_ENTIDAD:09
"buenas, ¿cuánto cuestal certificado de antecedentes judiciales en cúcuta?",CONSULTA_INFORMATIVA,CONSULTA_INFORMATIVA:02
"disculpa, me sale un error al llenar el formulario de la cédula digital en medellín.",REPORTE_PROBLEMA,REPORTE_PROBLEMA:02
"disculpa, quiero iniciar la inscripción del rut en pereira.",SOLICITUD_TRAMITE,SOLICITUD_TRAMITE:01
"hola, intenté pagar el certificado de antecedentes judiciales en villavicencio y el portal rechazó la operación.",REPORTE_PROBLEMA,REPORTE_PROBLEMA:04
"buenas, ¿me colaboras? ¿puedo revisar el progreso del certificado de antecedentes disciplinarios que entregué en pasto?",VERIFICACION_ESTADO,VERIFICACION_ESTADO:09
"buenas tardes, ya decidí hacer el certificado de antecedentes judiciales en cúcuta; orienta mi solicitud.",SOLICITUD_TRAMITE,SOLICITUD_TRAMITE:18
"buenas, ¿me colaboras? necesito el enlace para iniciar la corrección del registro civil desde medellín.",SOLICITUD_TRAMITE,SOLICITUD_TRAMITE:13
"hola, ¿cómo hago seguimiento a mi solicitud existente de la actualización del rut en manizales?",VERIFICACION_ESTADO,VERIFICACION_ESTADO:04
"buenas tardes, necesito hacer el certificado de antecedentes fiscales en ibagué, ¿cómo empiezo?",SOLICITUD_TRAMITE,SOLICITUD_TRAMITE:03
"buenas, ¿me colaboras? ¿hay una guía para entender el duplicado de la cédula en barranquilla?",CONSULTA_INFORMATIVA,CONSULTA_INFORMATIVA:18
"disculpa, la pantalla de la cédula digital en cartagena queda en blanco.",REPORTE_PROBLEMA,REPORTE_PROBLEMA:14
"por favor, busco saber si aprobaron mi solicitud del certificado de afiliación a salud en villavicencio.",VERIFICACION_ESTADO,VERIFICACION_ESTADO:08
"disculpa, se borró la información mientras hacía la renovación de la licencia de conducción en manizales.",REPORTE_PROBLEMA,REPORTE_PROBLEMA:07
me haces el favor: ¿debo presentar originales o copias para la inscripción del rut en barranquilla?,CONSULTA_INFORMATIVA,CONSULTA_INFORMATIVA:19
tengo un radicado de la cédula digital en medellín y busco su estado.,VERIFICACION_ESTADO,VERIFICACION_ESTADO:05
"buenas, ¿me colaboras? busco atención presencial de la institución que lleval pasaporte ordinario en bucaramanga.",DERIVACION_ENTIDAD,DERIVACION_ENTIDAD:19
"disculpa, presenté el pasaporte ordinario en bucaramanga, ¿sigue en revisión?",VERIFICACION_ESTADO,VERIFICACION_ESTADO:07
"buenas tardes, el botón para continuar con el duplicado de la cédula en bogotá no funciona.",REPORTE_PROBLEMA,REPORTE_PROBLEMA:05
"buenas tardes, me dieron un comprobante del certificado de antecedentes judiciales en villavicencio; quiero revisar la gestión.",VERIFICACION_ESTADO,VERIFICACION_ESTADO:13
"buenas, ¿me colaboras? me explicas en palabras sencillas en qué consiste la renovación de la licencia de conducción en ibagué.",CONSULTA_INFORMATIVA,CONSULTA_INFORMATIVA:13
"buenas, ¿me colaboras? ¿cómo contacto al área de atención ciudadana de la renovación de la licencia de conducción en manizales?",DERIVACION_ENTIDAD,DERIVACION_ENTIDAD:17
me interesa realizar la consulta de historia laboral en pereira ahora.,SOLICITUD_TRAMITE,SOLICITUD_TRAMITE:07
una preguntica: ¿cuál es el plazo habitual de la cédula digital en cartagena?,CONSULTA_INFORMATIVA,CONSULTA_INFORMATIVA:03
una preguntica: ¿hay una sede que atienda consultas sobre el certificado de antecedentes judiciales en cúcuta?,DERIVACION_ENTIDAD,DERIVACION_ENTIDAD:07
¿cuánto cuesta la encuesta del sisbén en bucaramanga?,CONSULTA_INFORMATIVA,CONSULTA_INFORMATIVA:02
"me haces el favor: por favor, guíame para solicitar el certificado de afiliación a salud en villavicencio.",SOLICITUD_TRAMITE,SOLICITUD_TRAMITE:19
"buenas, necesito consultar si finalizaron la corrección del registro civil que inicié en medellín.",VERIFICACION_ESTADO,VERIFICACION_ESTADO:17
"buenas, ¿me colaboras? presenté el duplicado de la cédula en barranquilla, ¿sigue en revisión?",VERIFICACION_ESTADO,VERIFICACION_ESTADO:07
"por favor, busco atención presencial de la institución que lleva la inscripción del rut en barranquilla.",DERIVACION_ENTIDAD,DERIVACION_ENTIDAD:19
"disculpa, ¿qué diferencia hay entre la atención presencial y virtual paral certificado de afiliación a salud en villavicencio?",CONSULTA_INFORMATIVA,CONSULTA_INFORMATIVA:07
"buenas, me sale un error al llenar el formulario del duplicado de la cédula en barranquilla.",REPORTE_PROBLEMA,REPORTE_PROBLEMA:02
"disculpa, ya decidí hacer el registro civil de nacimiento en bogotá; orienta mi solicitud.",SOLICITUD_TRAMITE,SOLICITUD_TRAMITE:18
"por favor, ayúdame a tramitar el registro civil de nacimiento desde bogotá.",SOLICITUD_TRAMITE,SOLICITUD_TRAMITE:02
"buenas tardes, no puedo adjuntar los documentos de la actualización del rut en cartagena; aparece un fallo.",REPORTE_PROBLEMA,REPORTE_PROBLEMA:06
una preguntica: ayúdame a tramitar el pasaporte ordinario desde bucaramanga.,SOLICITUD_TRAMITE,SOLICITUD_TRAMITE:02
"hola, presenté el certificado de antecedentes disciplinarios en pasto, ¿sigue en revisión?",VERIFICACION_ESTADO,VERIFICACION_ESTADO:07
"buenos días, quiero abrir una gestión nueva de la encuesta del sisbén en cúcuta.",SOLICITUD_TRAMITE,SOLICITUD_TRAMITE:16
"hola, quiero contactar a la entidad encargada de la renovación de la licencia de conducción en manizales.",DERIVACION_ENTIDAD,DERIVACION_ENTIDAD:04
"me haces el favor: necesito hacer la presentación de peticiones quejas reclamos sugerencias en cali, ¿cómo empiezo?",SOLICITUD_TRAMITE,SOLICITUD_TRAMITE:03
una preguntica: ¿existe una línea de atención oficial para la cédula digital en cartagena?,DERIVACION_ENTIDAD,DERIVACION_ENTIDAD:18
me haces el favor: la pantalla de la actualización del rut en manizales queda en blanco.,REPORTE_PROBLEMA,REPORTE_PROBLEMA:14
"buenas tardes, ¿qué edad mínima se exige paral duplicado de la cédula en bogotá?",CONSULTA_INFORMATIVA,CONSULTA_INFORMATIVA:09
"por favor, quiero la dirección de la sede competente para la consulta de historia laboral en pereira.",DERIVACION_ENTIDAD,DERIVACION_ENTIDAD:16
"disculpa, se borró la información mientras hacía la encuesta del sisbén en cúcuta.",REPORTE_PROBLEMA,REPORTE_PROBLEMA:07
"buenas tardes, ¿debo presentar originales o copias paral certificado de antecedentes judiciales en villavicencio?",CONSULTA_INFORMATIVA,CONSULTA_INFORMATIVA:19
"buenos días, quiero contactar a la entidad encargada del certificado de antecedentes judiciales en cúcuta.",DERIVACION_ENTIDAD,DERIVACION_ENTIDAD:04
"por favor, la cita del certificado de antecedentes fiscales en ibagué desapareció del sistema.",REPORTE_PROBLEMA,REPORTE_PROBLEMA:19
"buenos días, ¿qué diferencia hay entre la atención presencial y virtual para la consulta de historia laboral en pereira?",CONSULTA_INFORMATIVA,CONSULTA_INFORMATIVA:07
"disculpa, me explicas en palabras sencillas en qué consiste la cédula digital en cartagena.",CONSULTA_INFORMATIVA,CONSULTA_INFORMATIVA:13
"buenas tardes, ¿qué entidad atiende la encuesta del sisbén en cúcuta?",DERIVACION_ENTIDAD,DERIVACION_ENTIDAD:01
"buenas, ¿me colaboras? quiero iniciar la consulta de historia laboral en pereira.",SOLICITUD_TRAMITE,SOLICITUD_TRAMITE:01
"hola, el enlace del pasaporte ordinario para cali está roto.",REPORTE_PROBLEMA,REPORTE_PROBLEMA:08
"buenas, ¿hay una guía para entender la actualización del rut en manizales?",CONSULTA_INFORMATIVA,CONSULTA_INFORMATIVA:18
una preguntica: busco el contacto de la autoridad competente paral pasaporte ordinario en bucaramanga.,DERIVACION_ENTIDAD,DERIVACION_ENTIDAD:08
"hola, me sale un error al llenar el formulario de la renovación de la licencia de conducción en manizales.",REPORTE_PROBLEMA,REPORTE_PROBLEMA:02
quiero contactar a la entidad encargada de la consulta de historia laboral en pereira.,DERIVACION_ENTIDAD,DERIVACION_ENTIDAD:04
¿me ayudas a arrancar con el certificado de antecedentes fiscales en ibagué?,SOLICITUD_TRAMITE,SOLICITUD_TRAMITE:10
¿cómo veo el resultado de mi solicitud registrada del certificado de antecedentes judiciales en cúcuta?,VERIFICACION_ESTADO,VERIFICACION_ESTADO:18
quiero pasar de la información a la solicitud del duplicado de la cédula en bogotá.,SOLICITUD_TRAMITE,SOLICITUD_TRAMITE:14
no me deja ingresar a la plataforma del pasaporte ordinario en bucaramanga.,REPORTE_PROBLEMA,REPORTE_PROBLEMA:18
"disculpa, tengo un radicado de la presentación de peticiones quejas reclamos sugerencias en cali y busco su estado.",VERIFICACION_ESTADO,VERIFICACION_ESTADO:05
"hola, hace unos días presenté la presentación de peticiones quejas reclamos sugerencias en cali; ¿en qué etapa va?",VERIFICACION_ESTADO,VERIFICACION_ESTADO:11
"buenas, ¿me colaboras? ¿a qué dependencia le correspondel certificado de antecedentes judiciales en cúcuta?",DERIVACION_ENTIDAD,DERIVACION_ENTIDAD:09
"buenas, ¿me colaboras? ¿a quién le corresponde orientarme sobre la cédula digital en cartagena?",DERIVACION_ENTIDAD,DERIVACION_ENTIDAD:20
"buenas, hace unos días presenté el certificado de antecedentes fiscales en ibagué; ¿en qué etapa va?",VERIFICACION_ESTADO,VERIFICACION_ESTADO:11
"buenas tardes, hay un problema: el portal de la actualización del rut en cartagena no termina de procesar.",REPORTE_PROBLEMA,REPORTE_PROBLEMA:20
"buenas tardes, quiero abrir una gestión nueva del duplicado de la cédula en barranquilla.",SOLICITUD_TRAMITE,SOLICITUD_TRAMITE:16
"buenas tardes, intenté pagar el duplicado de la cédula en bogotá y el portal rechazó la operación.",REPORTE_PROBLEMA,REPORTE_PROBLEMA:04
me haces el favor: necesito el enlace para iniciar la cédula digital desde cartagena.,SOLICITUD_TRAMITE,SOLICITUD_TRAMITE:13
me haces el favor: ¿dónde miro la respuesta a mi radicación de la renovación de la licencia de conducción en ibagué?,VERIFICACION_ESTADO,VERIFICACION_ESTADO:12
"disculpa, ¿qué edad mínima se exige para la actualización del rut en manizales?",CONSULTA_INFORMATIVA,CONSULTA_INFORMATIVA:09
"disculpa, ¿a quién le corresponde orientarme sobre el duplicado de la cédula en barranquilla?",DERIVACION_ENTIDAD,DERIVACION_ENTIDAD:20
"buenas tardes, ¿hay algún pago relacionado con la renovación de la licencia de conducción en ibagué?",CONSULTA_INFORMATIVA,CONSULTA_INFORMATIVA:12
"por favor, busco el contacto de la autoridad competente para la cédula digital en medellín.",DERIVACION_ENTIDAD,DERIVACION_ENTIDAD:08
"hola, necesito consultar si finalizaron el certificado de antecedentes judiciales que inicié en villavicencio.",VERIFICACION_ESTADO,VERIFICACION_ESTADO:17
una preguntica: ¿qué diferencia hay entre la atención presencial y virtual para la cédula digital en cartagena?,CONSULTA_INFORMATIVA,CONSULTA_INFORMATIVA:07
"buenos días, ¿cómo contacto al área de atención ciudadana de la cédula digital en cartagena?",DERIVACION_ENTIDAD,DERIVACION_ENTIDAD:17
"disculpa, ¿dónde miro la respuesta a mi radicación de la presentación de peticiones quejas reclamos sugerencias en cali?",VERIFICACION_ESTADO,VERIFICACION_ESTADO:12
"buenas, busco atención presencial de la institución que lleva la cédula digital en cartagena.",DERIVACION_ENTIDAD,DERIVACION_ENTIDAD:19
"hola, busco saber si aprobaron mi solicitud del duplicado de la cédula en bogotá.",VERIFICACION_ESTADO,VERIFICACION_ESTADO:08
"por favor, tengo un radicado del certificado de afiliación a salud en villavicencio y busco su estado.",VERIFICACION_ESTADO,VERIFICACION_ESTADO:05
"buenas, ya envié los documentos de la renovación de la licencia de conducción en manizales; busco la respuesta.",VERIFICACION_ESTADO,VERIFICACION_ESTADO:16
"buenas, ¿me colaboras? ¿qué diferencia hay entre la atención presencial y virtual para la encuesta del sisbén en bucaramanga?",CONSULTA_INFORMATIVA,CONSULTA_INFORMATIVA:07
"buenas, ¿me colaboras? ¿dónde me atiende una persona por el certificado de antecedentes judiciales en cúcuta?",DERIVACION_ENTIDAD,DERIVACION_ENTIDAD:11
una preguntica: ¿puedo revisar el progreso del certificado de afiliación a salud que entregué en villavicencio?,VERIFICACION_ESTADO,VERIFICACION_ESTADO:09
una preguntica: indícame cómo radicar una nueva solicitud de la cédula digital en cartagena.,SOLICITUD_TRAMITE,SOLICITUD_TRAMITE:08
una preguntica: oriéntame hacial canal oficial de atención de la consulta de historia laboral en pasto.,DERIVACION_ENTIDAD,DERIVACION_ENTIDAD:06
"hola, aparece un cobro repetido durante el certificado de afiliación a salud en villavicencio.",REPORTE_PROBLEMA,REPORTE_PROBLEMA:17
"disculpa, ¿cómo contacto al área de atención ciudadana de la presentación de peticiones quejas reclamos sugerencias en cali?",DERIVACION_ENTIDAD,DERIVACION_ENTIDAD:17
"buenas, ¿me colaboras? quiero contactar a la entidad encargada de la inscripción del rut en pereira.",DERIVACION_ENTIDAD,DERIVACION_ENTIDAD:04
"buenos días, ya envié los documentos de la cédula digital en medellín; busco la respuesta.",VERIFICACION_ESTADO,VERIFICACION_ESTADO:16
me haces el favor: busco el contacto de la autoridad competente para la inscripción del rut en barranquilla.,DERIVACION_ENTIDAD,DERIVACION_ENTIDAD:08
"buenas, ¿me colaboras? me dieron un comprobante de la cédula digital en medellín; quiero revisar la gestión.",VERIFICACION_ESTADO,VERIFICACION_ESTADO:13
"buenas, ¿me colaboras? vivo en bogotá, ¿dónde leo los requisitos oficiales del registro civil de nacimiento?",CONSULTA_INFORMATIVA,CONSULTA_INFORMATIVA:16
"disculpa, ¿a qué dependencia le correspondel pasaporte ordinario en cali?",DERIVACION_ENTIDAD,DERIVACION_ENTIDAD:09
"hola, ya envié los documentos de la inscripción del rut en barranquilla; busco la respuesta.",VERIFICACION_ESTADO,VERIFICACION_ESTADO:16
"buenas, ¿me colaboras? ¿debo presentar originales o copias paral certificado de antecedentes fiscales en ibagué?",CONSULTA_INFORMATIVA,CONSULTA_INFORMATIVA:19
"por favor, ya envié los documentos de la actualización del rut en manizales; busco la respuesta.",VERIFICACION_ESTADO,VERIFICACION_ESTADO:16
"buenas, ¿me colaboras? ¿cómo veo el resultado de mi solicitud registrada de la corrección del registro civil en medellín?",VERIFICACION_ESTADO,VERIFICACION_ESTADO:18
"por favor, por favor, guíame para solicitar el duplicado de la cédula en barranquilla.",SOLICITUD_TRAMITE,SOLICITUD_TRAMITE:19
una preguntica: busco información general sobre la actualización del rut en cartagena.,CONSULTA_INFORMATIVA,CONSULTA_INFORMATIVA:11
"buenas, ¿me colaboras? ¿cómo veo el resultado de mi solicitud registrada de la cédula digital en cartagena?",VERIFICACION_ESTADO,VERIFICACION_ESTADO:18
"buenas, ¿dónde miro la respuesta a mi radicación de la encuesta del sisbén en bucaramanga?",VERIFICACION_ESTADO,VERIFICACION_ESTADO:12
"buenos días, se borró la información mientras hacía la cédula digital en cartagena.",REPORTE_PROBLEMA,REPORTE_PROBLEMA:07
"hola, hace unos días presenté el certificado de antecedentes disciplinarios en pasto; ¿en qué etapa va?",VERIFICACION_ESTADO,VERIFICACION_ESTADO:11
me haces el favor: busco saber si aprobaron mi solicitud del pasaporte ordinario en bucaramanga.,VERIFICACION_ESTADO,VERIFICACION_ESTADO:08
"buenas, ¿cómo veo el resultado de mi solicitud registrada del certificado de antecedentes fiscales en ibagué?",VERIFICACION_ESTADO,VERIFICACION_ESTADO:18
"buenas tardes, ¿cómo contacto al área de atención ciudadana de la corrección del registro civil en medellín?",DERIVACION_ENTIDAD,DERIVACION_ENTIDAD:17
"disculpa, ¿hay una sede que atienda consultas sobre el certificado de antecedentes judiciales en villavicencio?",DERIVACION_ENTIDAD,DERIVACION_ENTIDAD:07
"buenos días, explícame los requisitos de la renovación de la licencia de conducción en ibagué.",CONSULTA_INFORMATIVA,CONSULTA_INFORMATIVA:04
me haces el favor: ya envié los documentos del certificado de antecedentes fiscales en ibagué; busco la respuesta.,VERIFICACION_ESTADO,VERIFICACION_ESTADO:16
"buenos días, quisiera presentar una solicitud de la actualización del rut en manizales.",SOLICITUD_TRAMITE,SOLICITUD_TRAMITE:05
"buenos días, explícame los requisitos del registro civil de nacimiento en bogotá.",CONSULTA_INFORMATIVA,CONSULTA_INFORMATIVA:04
"disculpa, oriéntame hacial canal oficial de atención del duplicado de la cédula en bogotá.",DERIVACION_ENTIDAD,DERIVACION_ENTIDAD:06
una preguntica: ¿hay algún pago relacionado con el certificado de antecedentes judiciales en villavicencio?,CONSULTA_INFORMATIVA,CONSULTA_INFORMATIVA:12
"buenas, se borró la información mientras hacíal duplicado de la cédula en bogotá.",REPORTE_PROBLEMA,REPORTE_PROBLEMA:07
"por favor, ya decidí hacer la renovación de la licencia de conducción en ibagué; orienta mi solicitud.",SOLICITUD_TRAMITE,SOLICITUD_TRAMITE:18
"buenas tardes, tengo un radicado de la renovación de la licencia de conducción en manizales y busco su estado.",VERIFICACION_ESTADO,VERIFICACION_ESTADO:05
"por favor, indícame cómo radicar una nueva solicitud del pasaporte ordinario en cali.",SOLICITUD_TRAMITE,SOLICITUD_TRAMITE:08
"hola, quisiera presentar una solicitud de la encuesta del sisbén en cúcuta.",SOLICITUD_TRAMITE,SOLICITUD_TRAMITE:05
"buenas, quiero pasar de la información a la solicitud del pasaporte ordinario en cali.",SOLICITUD_TRAMITE,SOLICITUD_TRAMITE:14
"buenos días, ¿cuánto cuesta la consulta de historia laboral en pasto?",CONSULTA_INFORMATIVA,CONSULTA_INFORMATIVA:02
una preguntica: ¿puedo revisar el progreso de la inscripción del rut que entregué en pereira?,VERIFICACION_ESTADO,VERIFICACION_ESTADO:09
"buenas, ¿me colaboras? indícame cómo radicar una nueva solicitud del pasaporte ordinario en bucaramanga.",SOLICITUD_TRAMITE,SOLICITUD_TRAMITE:08
me haces el favor: quisiera presentar una solicitud del certificado de antecedentes disciplinarios en pasto.,SOLICITUD_TRAMITE,SOLICITUD_TRAMITE:05
"por favor, aparece un cobro repetido durante la inscripción del rut en barranquilla.",REPORTE_PROBLEMA,REPORTE_PROBLEMA:17
una preguntica: no me deja ingresar a la plataforma del duplicado de la cédula en bogotá.,REPORTE_PROBLEMA,REPORTE_PROBLEMA:18
"buenos días, quiero pasar de la información a la solicitud de la corrección del registro civil en medellín.",SOLICITUD_TRAMITE,SOLICITUD_TRAMITE:14
"buenas, ¿me ayudas a arrancar con la renovación de la licencia de conducción en manizales?",SOLICITUD_TRAMITE,SOLICITUD_TRAMITE:10
"buenas, quiero abrir una gestión nueva de la actualización del rut en cartagena.",SOLICITUD_TRAMITE,SOLICITUD_TRAMITE:16
me haces el favor: tengo una gestión abierta de la encuesta del sisbén en bucaramanga y quiero ver su avance.,VERIFICACION_ESTADO,VERIFICACION_ESTADO:19
"buenas, ¿cómo hago seguimiento a mi solicitud existente de la encuesta del sisbén en bucaramanga?",VERIFICACION_ESTADO,VERIFICACION_ESTADO:04
"disculpa, explícame los requisitos de la encuesta del sisbén en cúcuta.",CONSULTA_INFORMATIVA,CONSULTA_INFORMATIVA:04
"hola, ¿puedo revisar el progreso de la corrección del registro civil que entregué en medellín?",VERIFICACION_ESTADO,VERIFICACION_ESTADO:09
hay un problema: el portal de la presentación de peticiones quejas reclamos sugerencias en cali no termina de procesar.,REPORTE_PROBLEMA,REPORTE_PROBLEMA:20
"buenas, ¿me colaboras? ya hice el certificado de afiliación a salud en villavicencio, ¿cómo va la gestión?",VERIFICACION_ESTADO,VERIFICACION_ESTADO:02
"hola, no puedo adjuntar los documentos de la cédula digital en medellín; aparece un fallo.",REPORTE_PROBLEMA,REPORTE_PROBLEMA:06
"buenas, ¿me colaboras? ¿puedo revisar el progreso del duplicado de la cédula que entregué en barranquilla?",VERIFICACION_ESTADO,VERIFICACION_ESTADO:09
me haces el favor: ya decidí hacer el pasaporte ordinario en bucaramanga; orienta mi solicitud.,SOLICITUD_TRAMITE,SOLICITUD_TRAMITE:18
"buenas tardes, la cita de la cédula digital en cartagena desapareció del sistema.",REPORTE_PROBLEMA,REPORTE_PROBLEMA:19
me haces el favor: ¿a qué dependencia le correspondel pasaporte ordinario en bucaramanga?,DERIVACION_ENTIDAD,DERIVACION_ENTIDAD:09
"por favor, intenté pagar la cédula digital en cartagena y el portal rechazó la operación.",REPORTE_PROBLEMA,REPORTE_PROBLEMA:04
una preguntica: ¿qué edad mínima se exige paral duplicado de la cédula en barranquilla?,CONSULTA_INFORMATIVA,CONSULTA_INFORMATIVA:09
"hola, tengo una gestión abierta del certificado de antecedentes judiciales en villavicencio y quiero ver su avance.",VERIFICACION_ESTADO,VERIFICACION_ESTADO:19
"buenas tardes, antes de empezar, quiero conocer los pasos de la cédula digital en cartagena.",CONSULTA_INFORMATIVA,CONSULTA_INFORMATIVA:08
"disculpa, ¿me ayudas a arrancar con la cédula digital en medellín?",SOLICITUD_TRAMITE,SOLICITUD_TRAMITE:10
"buenas, ¿me colaboras? la cita de la renovación de la licencia de conducción en manizales desapareció del sistema.",REPORTE_PROBLEMA,REPORTE_PROBLEMA:19
"hola, busco atención presencial de la institución que lleva la corrección del registro civil en medellín.",DERIVACION_ENTIDAD,DERIVACION_ENTIDAD:19
"buenos días, ¿dónde miro la respuesta a mi radicación de la inscripción del rut en pereira?",VERIFICACION_ESTADO,VERIFICACION_ESTADO:12
no me deja ingresar a la plataforma de la cédula digital en cartagena.,REPORTE_PROBLEMA,REPORTE_PROBLEMA:18
necesito el enlace para iniciar el registro civil de nacimiento desde bogotá.,SOLICITUD_TRAMITE,SOLICITUD_TRAMITE:13
"por favor, quiero iniciar el pasaporte ordinario en cali.",SOLICITUD_TRAMITE,SOLICITUD_TRAMITE:01
"buenas tardes, ya hice la actualización del rut en cartagena, ¿cómo va la gestión?",VERIFICACION_ESTADO,VERIFICACION_ESTADO:02
me haces el favor: ¿cuáles son las etapas del certificado de antecedentes disciplinarios para alguien de pasto?,CONSULTA_INFORMATIVA,CONSULTA_INFORMATIVA:17
"buenas, ¿me colaboras? vivo en cúcuta, ¿dónde leo los requisitos oficiales del certificado de antecedentes judiciales?",CONSULTA_INFORMATIVA,CONSULTA_INFORMATIVA:16
¿qué documentos piden paral certificado de antecedentes judiciales en cúcuta?,CONSULTA_INFORMATIVA,CONSULTA_INFORMATIVA:01
"por favor, ¿me ayudas a arrancar con la inscripción del rut en barranquilla?",SOLICITUD_TRAMITE,SOLICITUD_TRAMITE:10
"por favor, el enlace de la cédula digital para cartagena está roto.",REPORTE_PROBLEMA,REPORTE_PROBLEMA:08
"buenos días, el comprobante de la renovación de la licencia de conducción en ibagué no se puede descargar.",REPORTE_PROBLEMA,REPORTE_PROBLEMA:16
ya envié los documentos de la encuesta del sisbén en bucaramanga; busco la respuesta.,VERIFICACION_ESTADO,VERIFICACION_ESTADO:16
"hola, deseo comenzar el proceso de la consulta de historia laboral en pasto.",SOLICITUD_TRAMITE,SOLICITUD_TRAMITE:06
"buenas, ¿me colaboras? ¿cómo veo el resultado de mi solicitud registrada de la presentación de peticiones quejas reclamos sugerencias en cali?",VERIFICACION_ESTADO,VERIFICACION_ESTADO:18
"buenas, ¿me colaboras? tengo una gestión abierta de la cédula digital en medellín y quiero ver su avance.",VERIFICACION_ESTADO,VERIFICACION_ESTADO:19
"buenas, ¿cuánto cuesta la presentación de peticiones quejas reclamos sugerencias en cali?",CONSULTA_INFORMATIVA,CONSULTA_INFORMATIVA:02
"buenos días, busco atención presencial de la institución que lleval registro civil de nacimiento en bogotá.",DERIVACION_ENTIDAD,DERIVACION_ENTIDAD:19
"buenos días, ¿me ayudas a arrancar con el certificado de antecedentes disciplinarios en pasto?",SOLICITUD_TRAMITE,SOLICITUD_TRAMITE:10
"disculpa, ¿hay una guía para entender la inscripción del rut en pereira?",CONSULTA_INFORMATIVA,CONSULTA_INFORMATIVA:18
una preguntica: busco el contacto de la autoridad competente para la consulta de historia laboral en pereira.,DERIVACION_ENTIDAD,DERIVACION_ENTIDAD:08
"por favor, ¿qué documentos piden para la actualización del rut en manizales?",CONSULTA_INFORMATIVA,CONSULTA_INFORMATIVA:01
"buenos días, busco el contacto de la autoridad competente paral certificado de antecedentes disciplinarios en pasto.",DERIVACION_ENTIDAD,DERIVACION_ENTIDAD:08
"hola, ¿cómo contacto al área de atención ciudadana del certificado de antecedentes fiscales en ibagué?",DERIVACION_ENTIDAD,DERIVACION_ENTIDAD:17
me haces el favor: ya decidí hacer la inscripción del rut en pereira; orienta mi solicitud.,SOLICITUD_TRAMITE,SOLICITUD_TRAMITE:18
me haces el favor: quiero contactar a la entidad encargada de la encuesta del sisbén en cúcuta.,DERIVACION_ENTIDAD,DERIVACION_ENTIDAD:04
"disculpa, ¿dónde me atiende una persona por la consulta de historia laboral en pasto?",DERIVACION_ENTIDAD,DERIVACION_ENTIDAD:11
"hola, tengo un radicado de la actualización del rut en manizales y busco su estado.",VERIFICACION_ESTADO,VERIFICACION_ESTADO:05
"hola, no me deja ingresar a la plataforma de la consulta de historia laboral en pasto.",REPORTE_PROBLEMA,REPORTE_PROBLEMA:18
me haces el favor: quiero pasar de la información a la solicitud de la inscripción del rut en barranquilla.,SOLICITUD_TRAMITE,SOLICITUD_TRAMITE:14
"buenos días, ¿hay algún pago relacionado con la encuesta del sisbén en cúcuta?",CONSULTA_INFORMATIVA,CONSULTA_INFORMATIVA:12
"buenos días, ayúdame a tramitar el pasaporte ordinario desde cali.",SOLICITUD_TRAMITE,SOLICITUD_TRAMITE:02
"buenas tardes, ¿cómo hago seguimiento a mi solicitud existente del registro civil de nacimiento en bogotá?",VERIFICACION_ESTADO,VERIFICACION_ESTADO:04
"por favor, no puedo adjuntar los documentos de la inscripción del rut en barranquilla; aparece un fallo.",REPORTE_PROBLEMA,REPORTE_PROBLEMA:06
una preguntica: ¿dónde me atiende una persona por la corrección del registro civil en medellín?,DERIVACION_ENTIDAD,DERIVACION_ENTIDAD:11
¿puedo revisar el progreso de la encuesta del sisbén que entregué en cúcuta?,VERIFICACION_ESTADO,VERIFICACION_ESTADO:09
"buenas, ¿me colaboras? ¿a cuál oficina debo dirigirme por la cédula digital en cartagena?",DERIVACION_ENTIDAD,DERIVACION_ENTIDAD:02
"buenas, ¿dónde miro la respuesta a mi radicación del duplicado de la cédula en barranquilla?",VERIFICACION_ESTADO,VERIFICACION_ESTADO:12
hace unos días presenté el pasaporte ordinario en cali; ¿en qué etapa va?,VERIFICACION_ESTADO,VERIFICACION_ESTADO:11
"hola, la pantalla de la inscripción del rut en pereira queda en blanco.",REPORTE_PROBLEMA,REPORTE_PROBLEMA:14
"buenas, ¿me colaboras? ¿con qué institución hablo sobre la inscripción del rut en pereira?",DERIVACION_ENTIDAD,DERIVACION_ENTIDAD:05
"por favor, ¿cómo contacto al área de atención ciudadana del certificado de antecedentes judiciales en villavicencio?",DERIVACION_ENTIDAD,DERIVACION_ENTIDAD:17
"buenas, estoy listo para tramitar la inscripción del rut en pereira, ¿cuál es el paso inicial?",SOLICITUD_TRAMITE,SOLICITUD_TRAMITE:20
"por favor, me interesa realizar el duplicado de la cédula en bogotá ahora.",SOLICITUD_TRAMITE,SOLICITUD_TRAMITE:07
"buenos días, vivo en cartagena, ¿dónde leo los requisitos oficiales de la cédula digital?",CONSULTA_INFORMATIVA,CONSULTA_INFORMATIVA:16
"buenas tardes, se borró la información mientras hacía la renovación de la licencia de conducción en ibagué.",REPORTE_PROBLEMA,REPORTE_PROBLEMA:07
"buenas, busco saber si aprobaron mi solicitud de la inscripción del rut en pereira.",VERIFICACION_ESTADO,VERIFICACION_ESTADO:08
me haces el favor: me interesa realizar la corrección del registro civil en medellín ahora.,SOLICITUD_TRAMITE,SOLICITUD_TRAMITE:07
una preguntica: intenté pagar la encuesta del sisbén en cúcuta y el portal rechazó la operación.,REPORTE_PROBLEMA,REPORTE_PROBLEMA:04
"buenos días, necesito el enlace para iniciar la consulta de historia laboral desde pereira.",SOLICITUD_TRAMITE,SOLICITUD_TRAMITE:13
"por favor, ¿dónde me atiende una persona por la cédula digital en medellín?",DERIVACION_ENTIDAD,DERIVACION_ENTIDAD:11
"hola, ¿cómo veo el resultado de mi solicitud registrada de la encuesta del sisbén en bucaramanga?",VERIFICACION_ESTADO,VERIFICACION_ESTADO:18
"disculpa, busco atención presencial de la institución que lleval certificado de antecedentes fiscales en ibagué.",DERIVACION_ENTIDAD,DERIVACION_ENTIDAD:19
una preguntica: ¿qué edad mínima se exige para la cédula digital en cartagena?,CONSULTA_INFORMATIVA,CONSULTA_INFORMATIVA:09
¿qué entidad atiendel certificado de antecedentes judiciales en villavicencio?,DERIVACION_ENTIDAD,DERIVACION_ENTIDAD:01
"una preguntica: estoy listo para tramitar el certificado de antecedentes disciplinarios en pasto, ¿cuál es el paso inicial?",SOLICITUD_TRAMITE,SOLICITUD_TRAMITE:20
"buenas, ¿con qué institución hablo sobre el duplicado de la cédula en barranquilla?",DERIVACION_ENTIDAD,DERIVACION_ENTIDAD:05
"por favor, hace unos días presenté el registro civil de nacimiento en bogotá; ¿en qué etapa va?",VERIFICACION_ESTADO,VERIFICACION_ESTADO:11
"disculpa, busco saber si aprobaron mi solicitud de la cédula digital en medellín.",VERIFICACION_ESTADO,VERIFICACION_ESTADO:08
"buenas, ¿me colaboras? ya decidí hacer la actualización del rut en manizales; orienta mi solicitud.",SOLICITUD_TRAMITE,SOLICITUD_TRAMITE:18
"buenas tardes, no puedo adjuntar los documentos de la presentación de peticiones quejas reclamos sugerencias en cali; aparece un fallo.",REPORTE_PROBLEMA,REPORTE_PROBLEMA:06
"disculpa, me interesa realizar la inscripción del rut en barranquilla ahora.",SOLICITUD_TRAMITE,SOLICITUD_TRAMITE:07
"buenas, ¿me colaboras? antes de empezar, quiero conocer los pasos de la corrección del registro civil en medellín.",CONSULTA_INFORMATIVA,CONSULTA_INFORMATIVA:08
"por favor, la plataforma muestra un error de conexión al hacer el registro civil de nacimiento en bogotá.",REPORTE_PROBLEMA,REPORTE_PROBLEMA:10
me haces el favor: ¿hay una sede que atienda consultas sobre la inscripción del rut en pereira?,DERIVACION_ENTIDAD,DERIVACION_ENTIDAD:07
"por favor, ¿cuánto cuestal certificado de antecedentes disciplinarios en pasto?",CONSULTA_INFORMATIVA,CONSULTA_INFORMATIVA:02
"me haces el favor: ya hice la encuesta del sisbén en cúcuta, ¿cómo va la gestión?",VERIFICACION_ESTADO,VERIFICACION_ESTADO:02
¿mi solicitud anterior de la cédula digital en medellín continúa pendiente?,VERIFICACION_ESTADO,VERIFICACION_ESTADO:15
"disculpa, por favor, guíame para solicitar el duplicado de la cédula en bogotá.",SOLICITUD_TRAMITE,SOLICITUD_TRAMITE:19
me haces el favor: se borró la información mientras hacíal pasaporte ordinario en cali.,REPORTE_PROBLEMA,REPORTE_PROBLEMA:07
una preguntica: no me deja ingresar a la plataforma del certificado de antecedentes judiciales en cúcuta.,REPORTE_PROBLEMA,REPORTE_PROBLEMA:18
"me haces el favor: vivo en manizales, ¿dónde leo los requisitos oficiales de la actualización del rut?",CONSULTA_INFORMATIVA,CONSULTA_INFORMATIVA:16
"hola, ¿a cuál oficina debo dirigirme por el registro civil de nacimiento en bogotá?",DERIVACION_ENTIDAD,DERIVACION_ENTIDAD:02
una preguntica: ¿a cuál oficina debo dirigirme por el pasaporte ordinario en bucaramanga?,DERIVACION_ENTIDAD,DERIVACION_ENTIDAD:02
"por favor, quiero abrir una gestión nueva de la cédula digital en cartagena.",SOLICITUD_TRAMITE,SOLICITUD_TRAMITE:16
una preguntica: ¿con qué institución hablo sobre el pasaporte ordinario en cali?,DERIVACION_ENTIDAD,DERIVACION_ENTIDAD:05
una preguntica: ¿hay una sede que atienda consultas sobre la cédula digital en medellín?,DERIVACION_ENTIDAD,DERIVACION_ENTIDAD:07
"hola, oriéntame hacial canal oficial de atención de la corrección del registro civil en medellín.",DERIVACION_ENTIDAD,DERIVACION_ENTIDAD:06
"buenas, ¿me colaboras? el enlace de la consulta de historia laboral para pasto está roto.",REPORTE_PROBLEMA,REPORTE_PROBLEMA:08
no puedo adjuntar los documentos de la encuesta del sisbén en bucaramanga; aparece un fallo.,REPORTE_PROBLEMA,REPORTE_PROBLEMA:06
una preguntica: ¿puedo revisar el progreso de la renovación de la licencia de conducción que entregué en manizales?,VERIFICACION_ESTADO,VERIFICACION_ESTADO:09
"buenas tardes, ¿a qué dependencia le correspondel registro civil de nacimiento en bogotá?",DERIVACION_ENTIDAD,DERIVACION_ENTIDAD:09
una preguntica: me dieron un comprobante de la consulta de historia laboral en pereira; quiero revisar la gestión.,VERIFICACION_ESTADO,VERIFICACION_ESTADO:13
"hola, ya hice la cédula digital en medellín, ¿cómo va la gestión?",VERIFICACION_ESTADO,VERIFICACION_ESTADO:02
"buenas tardes, oriéntame hacial canal oficial de atención de la actualización del rut en cartagena.",DERIVACION_ENTIDAD,DERIVACION_ENTIDAD:06
una preguntica: ¿cuáles son las etapas del certificado de antecedentes judiciales para alguien de villavicencio?,CONSULTA_INFORMATIVA,CONSULTA_INFORMATIVA:17
"hola, me explicas en palabras sencillas en qué consiste el certificado de antecedentes judiciales en cúcuta.",CONSULTA_INFORMATIVA,CONSULTA_INFORMATIVA:13
"hola, quiero la dirección de la sede competente para la consulta de historia laboral en pasto.",DERIVACION_ENTIDAD,DERIVACION_ENTIDAD:16
"buenos días, la pantalla de la renovación de la licencia de conducción en ibagué queda en blanco.",REPORTE_PROBLEMA,REPORTE_PROBLEMA:14
"buenas, ¿existe una línea de atención oficial paral duplicado de la cédula en barranquilla?",DERIVACION_ENTIDAD,DERIVACION_ENTIDAD:18
"buenas tardes, quiero contactar a la entidad encargada del pasaporte ordinario en cali.",DERIVACION_ENTIDAD,DERIVACION_ENTIDAD:04
"hola, ¿qué entidad atiendel duplicado de la cédula en barranquilla?",DERIVACION_ENTIDAD,DERIVACION_ENTIDAD:01
me haces el favor: ¿qué diferencia hay entre la atención presencial y virtual para la cédula digital en medellín?,CONSULTA_INFORMATIVA,CONSULTA_INFORMATIVA:07
"buenos días, hace unos días presenté la encuesta del sisbén en bucaramanga; ¿en qué etapa va?",VERIFICACION_ESTADO,VERIFICACION_ESTADO:11
"por favor, ¿con qué institución hablo sobre el certificado de antecedentes judiciales en cúcuta?",DERIVACION_ENTIDAD,DERIVACION_ENTIDAD:05
"disculpa, necesito consultar si finalizaron el duplicado de la cédula que inicié en barranquilla.",VERIFICACION_ESTADO,VERIFICACION_ESTADO:17
me haces el favor: oriéntame hacial canal oficial de atención del pasaporte ordinario en cali.,DERIVACION_ENTIDAD,DERIVACION_ENTIDAD:06
"buenas, me dieron un comprobante de la encuesta del sisbén en cúcuta; quiero revisar la gestión.",VERIFICACION_ESTADO,VERIFICACION_ESTADO:13
"por favor, quiero pasar de la información a la solicitud de la presentación de peticiones quejas reclamos sugerencias en cali.",SOLICITUD_TRAMITE,SOLICITUD_TRAMITE:14
una preguntica: ¿cuánto cuestal duplicado de la cédula en barranquilla?,CONSULTA_INFORMATIVA,CONSULTA_INFORMATIVA:02
me haces el favor: ¿con qué institución hablo sobre la renovación de la licencia de conducción en ibagué?,DERIVACION_ENTIDAD,DERIVACION_ENTIDAD:05
"buenas, hace unos días presenté la renovación de la licencia de conducción en manizales; ¿en qué etapa va?",VERIFICACION_ESTADO,VERIFICACION_ESTADO:11
"buenas tardes, necesito consultar si finalizaron el certificado de antecedentes disciplinarios que inicié en pasto.",VERIFICACION_ESTADO,VERIFICACION_ESTADO:17
"disculpa, deseo comenzar el proceso del pasaporte ordinario en bucaramanga.",SOLICITUD_TRAMITE,SOLICITUD_TRAMITE:06
¿qué diferencia hay entre la atención presencial y virtual para la consulta de historia laboral en pasto?,CONSULTA_INFORMATIVA,CONSULTA_INFORMATIVA:07
"buenos días, quiero iniciar el certificado de antecedentes disciplinarios en pasto.",SOLICITUD_TRAMITE,SOLICITUD_TRAMITE:01
"buenas, quiero iniciar el certificado de antecedentes judiciales en villavicencio.",SOLICITUD_TRAMITE,SOLICITUD_TRAMITE:01
"buenas, ¿me colaboras? me interesa realizar el pasaporte ordinario en bucaramanga ahora.",SOLICITUD_TRAMITE,SOLICITUD_TRAMITE:07
una preguntica: me dieron un comprobante de la actualización del rut en cartagena; quiero revisar la gestión.,VERIFICACION_ESTADO,VERIFICACION_ESTADO:13
"buenas tardes, ¿dónde miro la respuesta a mi radicación de la inscripción del rut en barranquilla?",VERIFICACION_ESTADO,VERIFICACION_ESTADO:12
"por favor, guíame para solicitar el certificado de antecedentes fiscales en ibagué.",SOLICITUD_TRAMITE,SOLICITUD_TRAMITE:19
"por favor, quiero iniciar el pasaporte ordinario en bucaramanga.",SOLICITUD_TRAMITE,SOLICITUD_TRAMITE:01
una preguntica: ¿cómo hago seguimiento a mi solicitud existente de la corrección del registro civil en medellín?,VERIFICACION_ESTADO,VERIFICACION_ESTADO:04
"buenas, me explicas en palabras sencillas en qué consiste el duplicado de la cédula en bogotá.",CONSULTA_INFORMATIVA,CONSULTA_INFORMATIVA:13
"buenas, ya envié los documentos del duplicado de la cédula en bogotá; busco la respuesta.",VERIFICACION_ESTADO,VERIFICACION_ESTADO:16
una preguntica: ¿cuáles son las etapas de la consulta de historia laboral para alguien de pasto?,CONSULTA_INFORMATIVA,CONSULTA_INFORMATIVA:17
"disculpa, explícame los requisitos del certificado de antecedentes judiciales en villavicencio.",CONSULTA_INFORMATIVA,CONSULTA_INFORMATIVA:04
una preguntica: ¿existe una línea de atención oficial para la renovación de la licencia de conducción en ibagué?,DERIVACION_ENTIDAD,DERIVACION_ENTIDAD:18
me haces el favor: ¿me ayudas a arrancar con el certificado de afiliación a salud en villavicencio?,SOLICITUD_TRAMITE,SOLICITUD_TRAMITE:10
"por favor, busco saber si aprobaron mi solicitud de la actualización del rut en cartagena.",VERIFICACION_ESTADO,VERIFICACION_ESTADO:08
"buenas tardes, hace unos días presenté la consulta de historia laboral en pereira; ¿en qué etapa va?",VERIFICACION_ESTADO,VERIFICACION_ESTADO:11
una preguntica: necesito el enlace para iniciar el certificado de antecedentes disciplinarios desde pasto.,SOLICITUD_TRAMITE,SOLICITUD_TRAMITE:13
"buenas, ¿qué diferencia hay entre la atención presencial y virtual paral certificado de antecedentes disciplinarios en pasto?",CONSULTA_INFORMATIVA,CONSULTA_INFORMATIVA:07
una preguntica: busco saber si aprobaron mi solicitud de la cédula digital en cartagena.,VERIFICACION_ESTADO,VERIFICACION_ESTADO:08
"buenas, necesito el enlace para iniciar la inscripción del rut desde barranquilla.",SOLICITUD_TRAMITE,SOLICITUD_TRAMITE:13
una preguntica: ayúdame a tramitar el duplicado de la cédula desde bogotá.,SOLICITUD_TRAMITE,SOLICITUD_TRAMITE:02
"buenas, ¿dónde me atiende una persona por el certificado de afiliación a salud en villavicencio?",DERIVACION_ENTIDAD,DERIVACION_ENTIDAD:11
me haces el favor: explícame los requisitos del pasaporte ordinario en bucaramanga.,CONSULTA_INFORMATIVA,CONSULTA_INFORMATIVA:04
"buenas, ¿me colaboras? me sale un error al llenar el formulario de la presentación de peticiones quejas reclamos sugerencias en cali.",REPORTE_PROBLEMA,REPORTE_PROBLEMA:02
me haces el favor: ¿dónde me atiende una persona por el certificado de antecedentes fiscales en ibagué?,DERIVACION_ENTIDAD,DERIVACION_ENTIDAD:11
"hola, la cita de la renovación de la licencia de conducción en ibagué desapareció del sistema.",REPORTE_PROBLEMA,REPORTE_PROBLEMA:19
"por favor, me dieron un comprobante del duplicado de la cédula en barranquilla; quiero revisar la gestión.",VERIFICACION_ESTADO,VERIFICACION_ESTADO:13
"buenas, ¿me colaboras? ¿cuáles son las etapas de la cédula digital para alguien de cartagena?",CONSULTA_INFORMATIVA,CONSULTA_INFORMATIVA:17
"buenos días, ¿dónde me atiende una persona por la encuesta del sisbén en cúcuta?",DERIVACION_ENTIDAD,DERIVACION_ENTIDAD:11
"me haces el favor: necesito hacer el certificado de antecedentes judiciales en villavicencio, ¿cómo empiezo?",SOLICITUD_TRAMITE,SOLICITUD_TRAMITE:03
"buenas, ¿mi solicitud anterior de la renovación de la licencia de conducción en manizales continúa pendiente?",VERIFICACION_ESTADO,VERIFICACION_ESTADO:15
quiero contactar a la entidad encargada de la encuesta del sisbén en bucaramanga.,DERIVACION_ENTIDAD,DERIVACION_ENTIDAD:04
¿mi solicitud anterior de la corrección del registro civil en medellín continúa pendiente?,VERIFICACION_ESTADO,VERIFICACION_ESTADO:15
"hola, me interesa realizar la presentación de peticiones quejas reclamos sugerencias en cali ahora.",SOLICITUD_TRAMITE,SOLICITUD_TRAMITE:07
"buenos días, me explicas en palabras sencillas en qué consiste la inscripción del rut en pereira.",CONSULTA_INFORMATIVA,CONSULTA_INFORMATIVA:13
"buenas tardes, ¿qué edad mínima se exige para la renovación de la licencia de conducción en ibagué?",CONSULTA_INFORMATIVA,CONSULTA_INFORMATIVA:09
"una preguntica: ya hice el duplicado de la cédula en barranquilla, ¿cómo va la gestión?",VERIFICACION_ESTADO,VERIFICACION_ESTADO:02
"buenas, ¿me colaboras? ¿qué documentos piden para la actualización del rut en cartagena?",CONSULTA_INFORMATIVA,CONSULTA_INFORMATIVA:01
"disculpa, la cita de la inscripción del rut en pereira desapareció del sistema.",REPORTE_PROBLEMA,REPORTE_PROBLEMA:19
"buenas tardes, la pantalla del certificado de antecedentes fiscales en ibagué queda en blanco.",REPORTE_PROBLEMA,REPORTE_PROBLEMA:14
"buenas, ¿a qué dependencia le corresponde la corrección del registro civil en medellín?",DERIVACION_ENTIDAD,DERIVACION_ENTIDAD:09
"por favor, me explicas en palabras sencillas en qué consiste la consulta de historia laboral en pasto.",CONSULTA_INFORMATIVA,CONSULTA_INFORMATIVA:13
"buenas, ¿me colaboras? se borró la información mientras hacíal certificado de antecedentes judiciales en villavicencio.",REPORTE_PROBLEMA,REPORTE_PROBLEMA:07
"buenas, ¿qué documentos piden para la renovación de la licencia de conducción en ibagué?",CONSULTA_INFORMATIVA,CONSULTA_INFORMATIVA:01
"buenas, ¿dónde me atiende una persona por la cédula digital en cartagena?",DERIVACION_ENTIDAD,DERIVACION_ENTIDAD:11
me haces el favor: busco el contacto de la autoridad competente para la encuesta del sisbén en cúcuta.,DERIVACION_ENTIDAD,DERIVACION_ENTIDAD:08
"por favor, quiero la dirección de la sede competente paral certificado de antecedentes judiciales en cúcuta.",DERIVACION_ENTIDAD,DERIVACION_ENTIDAD:16
"buenas, la cita de la consulta de historia laboral en pasto desapareció del sistema.",REPORTE_PROBLEMA,REPORTE_PROBLEMA:19
"hola, ya hice el certificado de antecedentes fiscales en ibagué, ¿cómo va la gestión?",VERIFICACION_ESTADO,VERIFICACION_ESTADO:02
me haces el favor: la cita de la corrección del registro civil en medellín desapareció del sistema.,REPORTE_PROBLEMA,REPORTE_PROBLEMA:19
"disculpa, ¿puedo revisar el progreso del pasaporte ordinario que entregué en cali?",VERIFICACION_ESTADO,VERIFICACION_ESTADO:09
"buenas, ¿me colaboras? ¿existe una línea de atención oficial para la encuesta del sisbén en cúcuta?",DERIVACION_ENTIDAD,DERIVACION_ENTIDAD:18
una preguntica: quiero abrir una gestión nueva de la renovación de la licencia de conducción en ibagué.,SOLICITUD_TRAMITE,SOLICITUD_TRAMITE:16
"disculpa, el sistema del duplicado de la cédula en barranquilla se queda bloqueado.",REPORTE_PROBLEMA,REPORTE_PROBLEMA:03
"buenos días, ¿qué edad mínima se exige paral certificado de afiliación a salud en villavicencio?",CONSULTA_INFORMATIVA,CONSULTA_INFORMATIVA:09
"disculpa, tengo un radicado del registro civil de nacimiento en bogotá y busco su estado.",VERIFICACION_ESTADO,VERIFICACION_ESTADO:05
"disculpa, vivo en barranquilla, ¿dónde leo los requisitos oficiales del duplicado de la cédula?",CONSULTA_INFORMATIVA,CONSULTA_INFORMATIVA:16
me haces el favor: me explicas en palabras sencillas en qué consiste la consulta de historia laboral en pereira.,CONSULTA_INFORMATIVA,CONSULTA_INFORMATIVA:13
una preguntica: quiero pasar de la información a la solicitud de la consulta de historia laboral en pasto.,SOLICITUD_TRAMITE,SOLICITUD_TRAMITE:14
me haces el favor: ¿existe una línea de atención oficial para la consulta de historia laboral en pasto?,DERIVACION_ENTIDAD,DERIVACION_ENTIDAD:18
"buenos días, el sistema de la consulta de historia laboral en pasto se queda bloqueado.",REPORTE_PROBLEMA,REPORTE_PROBLEMA:03
"buenas, ¿me colaboras? ¿cuál es el plazo habitual del certificado de antecedentes judiciales en cúcuta?",CONSULTA_INFORMATIVA,CONSULTA_INFORMATIVA:03
"buenos días, ¿hay una guía para entender el certificado de antecedentes fiscales en ibagué?",CONSULTA_INFORMATIVA,CONSULTA_INFORMATIVA:18
"disculpa, oriéntame hacial canal oficial de atención del certificado de antecedentes judiciales en cúcuta.",DERIVACION_ENTIDAD,DERIVACION_ENTIDAD:06
"buenas, busco el contacto de la autoridad competente paral duplicado de la cédula en bogotá.",DERIVACION_ENTIDAD,DERIVACION_ENTIDAD:08
no puedo adjuntar los documentos del certificado de antecedentes judiciales en villavicencio; aparece un fallo.,REPORTE_PROBLEMA,REPORTE_PROBLEMA:06
"buenas tardes, indícame cómo radicar una nueva solicitud de la consulta de historia laboral en pereira.",SOLICITUD_TRAMITE,SOLICITUD_TRAMITE:08
"buenos días, el sistema de la encuesta del sisbén en bucaramanga se queda bloqueado.",REPORTE_PROBLEMA,REPORTE_PROBLEMA:03
"buenas tardes, por favor, guíame para solicitar el registro civil de nacimiento en bogotá.",SOLICITUD_TRAMITE,SOLICITUD_TRAMITE:19
"buenos días, tengo un radicado de la inscripción del rut en pereira y busco su estado.",VERIFICACION_ESTADO,VERIFICACION_ESTADO:05
"necesito hacer el registro civil de nacimiento en bogotá, ¿cómo empiezo?",SOLICITUD_TRAMITE,SOLICITUD_TRAMITE:03
"buenas, ¿me colaboras? la plataforma muestra un error de conexión al hacer la renovación de la licencia de conducción en manizales.",REPORTE_PROBLEMA,REPORTE_PROBLEMA:10
quiero pasar de la información a la solicitud de la actualización del rut en manizales.,SOLICITUD_TRAMITE,SOLICITUD_TRAMITE:14
una preguntica: indícame cómo radicar una nueva solicitud de la actualización del rut en cartagena.,SOLICITUD_TRAMITE,SOLICITUD_TRAMITE:08
"por favor, explícame los requisitos del duplicado de la cédula en bogotá.",CONSULTA_INFORMATIVA,CONSULTA_INFORMATIVA:04
"por favor, oriéntame hacial canal oficial de atención de la presentación de peticiones quejas reclamos sugerencias en cali.",DERIVACION_ENTIDAD,DERIVACION_ENTIDAD:06
"buenas tardes, ¿cuáles son las etapas de la cédula digital para alguien de medellín?",CONSULTA_INFORMATIVA,CONSULTA_INFORMATIVA:17
"una preguntica: antes de empezar, quiero conocer los pasos de la renovación de la licencia de conducción en manizales.",CONSULTA_INFORMATIVA,CONSULTA_INFORMATIVA:08
me haces el favor: indícame cómo radicar una nueva solicitud de la inscripción del rut en pereira.,SOLICITUD_TRAMITE,SOLICITUD_TRAMITE:08
"buenos días, ¿qué edad mínima se exige paral certificado de antecedentes fiscales en ibagué?",CONSULTA_INFORMATIVA,CONSULTA_INFORMATIVA:09
"disculpa, ¿cuáles son las etapas de la actualización del rut para alguien de cartagena?",CONSULTA_INFORMATIVA,CONSULTA_INFORMATIVA:17
"disculpa, me interesa realizar el registro civil de nacimiento en bogotá ahora.",SOLICITUD_TRAMITE,SOLICITUD_TRAMITE:07
"por favor, la cita del certificado de afiliación a salud en villavicencio desapareció del sistema.",REPORTE_PROBLEMA,REPORTE_PROBLEMA:19
"disculpa, vivo en villavicencio, ¿dónde leo los requisitos oficiales del certificado de antecedentes judiciales?",CONSULTA_INFORMATIVA,CONSULTA_INFORMATIVA:16
"hola, oriéntame hacial canal oficial de atención de la actualización del rut en manizales.",DERIVACION_ENTIDAD,DERIVACION_ENTIDAD:06
"buenas tardes, ¿qué entidad atiende la cédula digital en medellín?",DERIVACION_ENTIDAD,DERIVACION_ENTIDAD:01
"buenas, el enlace de la inscripción del rut para barranquilla está roto.",REPORTE_PROBLEMA,REPORTE_PROBLEMA:08
"por favor, me interesa realizar el duplicado de la cédula en barranquilla ahora.",SOLICITUD_TRAMITE,SOLICITUD_TRAMITE:07
se borró la información mientras hacíal duplicado de la cédula en barranquilla.,REPORTE_PROBLEMA,REPORTE_PROBLEMA:07
"buenas, ¿cómo contacto al área de atención ciudadana de la renovación de la licencia de conducción en ibagué?",DERIVACION_ENTIDAD,DERIVACION_ENTIDAD:17
"buenos días, ¿existe una línea de atención oficial paral certificado de antecedentes judiciales en villavicencio?",DERIVACION_ENTIDAD,DERIVACION_ENTIDAD:18
"hola, quiero pasar de la información a la solicitud de la encuesta del sisbén en bucaramanga.",SOLICITUD_TRAMITE,SOLICITUD_TRAMITE:14
"una preguntica: presenté la actualización del rut en manizales, ¿sigue en revisión?",VERIFICACION_ESTADO,VERIFICACION_ESTADO:07
"buenas, ¿me colaboras? ¿me ayudas a arrancar con la consulta de historia laboral en pasto?",SOLICITUD_TRAMITE,SOLICITUD_TRAMITE:10
"buenas, quiero contactar a la entidad encargada del duplicado de la cédula en bogotá.",DERIVACION_ENTIDAD,DERIVACION_ENTIDAD:04
"buenos días, me dieron un comprobante del registro civil de nacimiento en bogotá; quiero revisar la gestión.",VERIFICACION_ESTADO,VERIFICACION_ESTADO:13
¿qué edad mínima se exige para la cédula digital en medellín?,CONSULTA_INFORMATIVA,CONSULTA_INFORMATIVA:09
"hola, quiero la dirección de la sede competente paral certificado de antecedentes judiciales en villavicencio.",DERIVACION_ENTIDAD,DERIVACION_ENTIDAD:16
"buenas, ¿me colaboras? no puedo adjuntar los documentos del pasaporte ordinario en bucaramanga; aparece un fallo.",REPORTE_PROBLEMA,REPORTE_PROBLEMA:06
"una preguntica: necesito hacer el pasaporte ordinario en bucaramanga, ¿cómo empiezo?",SOLICITUD_TRAMITE,SOLICITUD_TRAMITE:03
"buenas, el botón para continuar con el pasaporte ordinario en bucaramanga no funciona.",REPORTE_PROBLEMA,REPORTE_PROBLEMA:05
me haces el favor: ¿cuánto cuestal pasaporte ordinario en cali?,CONSULTA_INFORMATIVA,CONSULTA_INFORMATIVA:02
"buenas, ¿cuál es el plazo habitual de la consulta de historia laboral en pasto?",CONSULTA_INFORMATIVA,CONSULTA_INFORMATIVA:03
"disculpa, intenté pagar la inscripción del rut en barranquilla y el portal rechazó la operación.",REPORTE_PROBLEMA,REPORTE_PROBLEMA:04
una preguntica: me sale un error al llenar el formulario de la corrección del registro civil en medellín.,REPORTE_PROBLEMA,REPORTE_PROBLEMA:02
"hola, ¿dónde miro la respuesta a mi radicación de la encuesta del sisbén en cúcuta?",VERIFICACION_ESTADO,VERIFICACION_ESTADO:12
"disculpa, vivo en cúcuta, ¿dónde leo los requisitos oficiales de la encuesta del sisbén?",CONSULTA_INFORMATIVA,CONSULTA_INFORMATIVA:16
"buenas tardes, ¿cuánto cuestal duplicado de la cédula en bogotá?",CONSULTA_INFORMATIVA,CONSULTA_INFORMATIVA:02
"por favor, quiero contactar a la entidad encargada de la consulta de historia laboral en pasto.",DERIVACION_ENTIDAD,DERIVACION_ENTIDAD:04
"por favor, tengo una gestión abierta de la renovación de la licencia de conducción en ibagué y quiero ver su avance.",VERIFICACION_ESTADO,VERIFICACION_ESTADO:19
"buenos días, me interesa realizar el certificado de afiliación a salud en villavicencio ahora.",SOLICITUD_TRAMITE,SOLICITUD_TRAMITE:07
"buenos días, ¿a cuál oficina debo dirigirme por la actualización del rut en manizales?",DERIVACION_ENTIDAD,DERIVACION_ENTIDAD:02
"por favor, ¿qué edad mínima se exige paral pasaporte ordinario en cali?",CONSULTA_INFORMATIVA,CONSULTA_INFORMATIVA:09
"por favor, ¿a quién le corresponde orientarme sobre la renovación de la licencia de conducción en ibagué?",DERIVACION_ENTIDAD,DERIVACION_ENTIDAD:20
"hola, ¿dónde me atiende una persona por la renovación de la licencia de conducción en manizales?",DERIVACION_ENTIDAD,DERIVACION_ENTIDAD:11
"buenas, quisiera presentar una solicitud de la consulta de historia laboral en pasto.",SOLICITUD_TRAMITE,SOLICITUD_TRAMITE:05
"hola, ya decidí hacer la encuesta del sisbén en cúcuta; orienta mi solicitud.",SOLICITUD_TRAMITE,SOLICITUD_TRAMITE:18
me haces el favor: quiero la dirección de la sede competente para la renovación de la licencia de conducción en ibagué.,DERIVACION_ENTIDAD,DERIVACION_ENTIDAD:16
"una preguntica: por favor, guíame para solicitar la encuesta del sisbén en bucaramanga.",SOLICITUD_TRAMITE,SOLICITUD_TRAMITE:19
"buenas, quiero abrir una gestión nueva de la presentación de peticiones quejas reclamos sugerencias en cali.",SOLICITUD_TRAMITE,SOLICITUD_TRAMITE:16
"buenas, ya decidí hacer la presentación de peticiones quejas reclamos sugerencias en cali; orienta mi solicitud.",SOLICITUD_TRAMITE,SOLICITUD_TRAMITE:18
una preguntica: no me deja ingresar a la plataforma del certificado de antecedentes disciplinarios en pasto.,REPORTE_PROBLEMA,REPORTE_PROBLEMA:18
una preguntica: intenté pagar el duplicado de la cédula en barranquilla y el portal rechazó la operación.,REPORTE_PROBLEMA,REPORTE_PROBLEMA:04
una preguntica: ¿a quién le corresponde orientarme sobre la renovación de la licencia de conducción en manizales?,DERIVACION_ENTIDAD,DERIVACION_ENTIDAD:20
"buenas, ¿qué entidad atiende la actualización del rut en manizales?",DERIVACION_ENTIDAD,DERIVACION_ENTIDAD:01
"por favor, ¿cómo veo el resultado de mi solicitud registrada de la actualización del rut en cartagena?",VERIFICACION_ESTADO,VERIFICACION_ESTADO:18
"hola, ¿hay algún pago relacionado con la actualización del rut en manizales?",CONSULTA_INFORMATIVA,CONSULTA_INFORMATIVA:12
"buenas, me sale un error al llenar el formulario de la encuesta del sisbén en cúcuta.",REPORTE_PROBLEMA,REPORTE_PROBLEMA:02
me explicas en palabras sencillas en qué consiste el pasaporte ordinario en cali.,CONSULTA_INFORMATIVA,CONSULTA_INFORMATIVA:13
me haces el favor: hay un problema: el portal del certificado de antecedentes judiciales en cúcuta no termina de procesar.,REPORTE_PROBLEMA,REPORTE_PROBLEMA:20
"por favor, la pantalla del duplicado de la cédula en barranquilla queda en blanco.",REPORTE_PROBLEMA,REPORTE_PROBLEMA:14
"buenas, ¿me colaboras? ¿me ayudas a arrancar con la consulta de historia laboral en pereira?",SOLICITUD_TRAMITE,SOLICITUD_TRAMITE:10
"buenas tardes, intenté pagar el certificado de afiliación a salud en villavicencio y el portal rechazó la operación.",REPORTE_PROBLEMA,REPORTE_PROBLEMA:04
"buenos días, antes de empezar, quiero conocer los pasos de la presentación de peticiones quejas reclamos sugerencias en cali.",CONSULTA_INFORMATIVA,CONSULTA_INFORMATIVA:08
busco saber si aprobaron mi solicitud de la consulta de historia laboral en pasto.,VERIFICACION_ESTADO,VERIFICACION_ESTADO:08
quisiera presentar una solicitud del certificado de afiliación a salud en villavicencio.,SOLICITUD_TRAMITE,SOLICITUD_TRAMITE:05
"buenas tardes, quiero la dirección de la sede competente para la corrección del registro civil en medellín.",DERIVACION_ENTIDAD,DERIVACION_ENTIDAD:16
"buenos días, ¿cuánto cuesta la cédula digital en cartagena?",CONSULTA_INFORMATIVA,CONSULTA_INFORMATIVA:02
"por favor, hay un problema: el portal de la renovación de la licencia de conducción en ibagué no termina de procesar.",REPORTE_PROBLEMA,REPORTE_PROBLEMA:20
"hola, ¿cuánto cuestal pasaporte ordinario en bucaramanga?",CONSULTA_INFORMATIVA,CONSULTA_INFORMATIVA:02
"buenos días, deseo comenzar el proceso de la encuesta del sisbén en bucaramanga.",SOLICITUD_TRAMITE,SOLICITUD_TRAMITE:06
"buenas, ¿hay algún pago relacionado con la corrección del registro civil en medellín?",CONSULTA_INFORMATIVA,CONSULTA_INFORMATIVA:12
"buenas tardes, no puedo adjuntar los documentos del registro civil de nacimiento en bogotá; aparece un fallo.",REPORTE_PROBLEMA,REPORTE_PROBLEMA:06
busco información general sobre la cédula digital en cartagena.,CONSULTA_INFORMATIVA,CONSULTA_INFORMATIVA:11
"disculpa, explícame los requisitos de la consulta de historia laboral en pereira.",CONSULTA_INFORMATIVA,CONSULTA_INFORMATIVA:04
"buenas, el botón para continuar con la inscripción del rut en barranquilla no funciona.",REPORTE_PROBLEMA,REPORTE_PROBLEMA:05
me haces el favor: el comprobante de la encuesta del sisbén en bucaramanga no se puede descargar.,REPORTE_PROBLEMA,REPORTE_PROBLEMA:16
"por favor, ¿cómo hago seguimiento a mi solicitud existente del duplicado de la cédula en bogotá?",VERIFICACION_ESTADO,VERIFICACION_ESTADO:04
"disculpa, hay un problema: el portal del pasaporte ordinario en bucaramanga no termina de procesar.",REPORTE_PROBLEMA,REPORTE_PROBLEMA:20
"por favor, ¿hay una guía para entender la encuesta del sisbén en bucaramanga?",CONSULTA_INFORMATIVA,CONSULTA_INFORMATIVA:18
"buenos días, busco información general sobre la cédula digital en medellín.",CONSULTA_INFORMATIVA,CONSULTA_INFORMATIVA:11
"por favor, ya decidí hacer el pasaporte ordinario en cali; orienta mi solicitud.",SOLICITUD_TRAMITE,SOLICITUD_TRAMITE:18
"buenas, ¿me colaboras? ¿con qué institución hablo sobre la encuesta del sisbén en cúcuta?",DERIVACION_ENTIDAD,DERIVACION_ENTIDAD:05
"por favor, se borró la información mientras hacíal certificado de antecedentes fiscales en ibagué.",REPORTE_PROBLEMA,REPORTE_PROBLEMA:07
"buenas tardes, la pantalla de la inscripción del rut en barranquilla queda en blanco.",REPORTE_PROBLEMA,REPORTE_PROBLEMA:14
me haces el favor: busco información general sobre la presentación de peticiones quejas reclamos sugerencias en cali.,CONSULTA_INFORMATIVA,CONSULTA_INFORMATIVA:11
"buenas, necesito hacer la cédula digital en medellín, ¿cómo empiezo?",SOLICITUD_TRAMITE,SOLICITUD_TRAMITE:03
"una preguntica: estoy listo para tramitar la renovación de la licencia de conducción en ibagué, ¿cuál es el paso inicial?",SOLICITUD_TRAMITE,SOLICITUD_TRAMITE:20
"buenas, ¿me colaboras? deseo comenzar el proceso del duplicado de la cédula en bogotá.",SOLICITUD_TRAMITE,SOLICITUD_TRAMITE:06
me haces el favor: explícame los requisitos de la actualización del rut en cartagena.,CONSULTA_INFORMATIVA,CONSULTA_INFORMATIVA:04
una preguntica: aparece un cobro repetido durante el pasaporte ordinario en cali.,REPORTE_PROBLEMA,REPORTE_PROBLEMA:17
¿qué entidad atiende la cédula digital en cartagena?,DERIVACION_ENTIDAD,DERIVACION_ENTIDAD:01
"buenas, ¿me colaboras? la cita del duplicado de la cédula en barranquilla desapareció del sistema.",REPORTE_PROBLEMA,REPORTE_PROBLEMA:19
una preguntica: busco atención presencial de la institución que lleval duplicado de la cédula en bogotá.,DERIVACION_ENTIDAD,DERIVACION_ENTIDAD:19
"por favor, quiero pasar de la información a la solicitud del certificado de antecedentes judiciales en cúcuta.",SOLICITUD_TRAMITE,SOLICITUD_TRAMITE:14
"disculpa, tengo una gestión abierta de la cédula digital en cartagena y quiero ver su avance.",VERIFICACION_ESTADO,VERIFICACION_ESTADO:19
me haces el favor: indícame cómo radicar una nueva solicitud de la presentación de peticiones quejas reclamos sugerencias en cali.,SOLICITUD_TRAMITE,SOLICITUD_TRAMITE:08
necesito consultar si finalizaron la inscripción del rut que inicié en pereira.,VERIFICACION_ESTADO,VERIFICACION_ESTADO:17
"buenas, vivo en bucaramanga, ¿dónde leo los requisitos oficiales de la encuesta del sisbén?",CONSULTA_INFORMATIVA,CONSULTA_INFORMATIVA:16
"buenas tardes, ya envié los documentos del certificado de afiliación a salud en villavicencio; busco la respuesta.",VERIFICACION_ESTADO,VERIFICACION_ESTADO:16
"hola, ayúdame a tramitar la inscripción del rut desde barranquilla.",SOLICITUD_TRAMITE,SOLICITUD_TRAMITE:02
¿cómo contacto al área de atención ciudadana del duplicado de la cédula en bogotá?,DERIVACION_ENTIDAD,DERIVACION_ENTIDAD:17
necesito consultar si finalizaron la actualización del rut que inicié en cartagena.,VERIFICACION_ESTADO,VERIFICACION_ESTADO:17
"necesito hacer la inscripción del rut en pereira, ¿cómo empiezo?",SOLICITUD_TRAMITE,SOLICITUD_TRAMITE:03
"buenas, ¿me colaboras? aparece un cobro repetido durante el duplicado de la cédula en barranquilla.",REPORTE_PROBLEMA,REPORTE_PROBLEMA:17
"buenas, ¿me colaboras? ¿hay una sede que atienda consultas sobre el certificado de antecedentes fiscales en ibagué?",DERIVACION_ENTIDAD,DERIVACION_ENTIDAD:07
"buenos días, busco saber si aprobaron mi solicitud de la encuesta del sisbén en cúcuta.",VERIFICACION_ESTADO,VERIFICACION_ESTADO:08
"hola, ayúdame a tramitar el certificado de afiliación a salud desde villavicencio.",SOLICITUD_TRAMITE,SOLICITUD_TRAMITE:02
"buenas, quisiera presentar una solicitud de la cédula digital en cartagena.",SOLICITUD_TRAMITE,SOLICITUD_TRAMITE:05
"disculpa, ¿cuál es el plazo habitual del certificado de antecedentes disciplinarios en pasto?",CONSULTA_INFORMATIVA,CONSULTA_INFORMATIVA:03
"buenos días, ¿debo presentar originales o copias para la renovación de la licencia de conducción en ibagué?",CONSULTA_INFORMATIVA,CONSULTA_INFORMATIVA:19
me haces el favor: se borró la información mientras hacíal registro civil de nacimiento en bogotá.,REPORTE_PROBLEMA,REPORTE_PROBLEMA:07
"hola, ¿a cuál oficina debo dirigirme por la consulta de historia laboral en pasto?",DERIVACION_ENTIDAD,DERIVACION_ENTIDAD:02
una preguntica: ¿hay una guía para entender el registro civil de nacimiento en bogotá?,CONSULTA_INFORMATIVA,CONSULTA_INFORMATIVA:18
me haces el favor: ¿cuál es el plazo habitual del certificado de antecedentes judiciales en villavicencio?,CONSULTA_INFORMATIVA,CONSULTA_INFORMATIVA:03
"buenos días, la cita del certificado de antecedentes judiciales en villavicencio desapareció del sistema.",REPORTE_PROBLEMA,REPORTE_PROBLEMA:19
"buenas, ¿me colaboras? ¿puedo revisar el progreso de la cédula digital que entregué en medellín?",VERIFICACION_ESTADO,VERIFICACION_ESTADO:09
"hola, ¿cuánto cuestal certificado de antecedentes fiscales en ibagué?",CONSULTA_INFORMATIVA,CONSULTA_INFORMATIVA:02
"hola, ¿me ayudas a arrancar con la encuesta del sisbén en cúcuta?",SOLICITUD_TRAMITE,SOLICITUD_TRAMITE:10
"hola, ¿dónde miro la respuesta a mi radicación del registro civil de nacimiento en bogotá?",VERIFICACION_ESTADO,VERIFICACION_ESTADO:12
"buenas tardes, ¿hay una sede que atienda consultas sobre la actualización del rut en manizales?",DERIVACION_ENTIDAD,DERIVACION_ENTIDAD:07
"buenas, ¿me colaboras? necesito el enlace para iniciar la renovación de la licencia de conducción desde manizales.",SOLICITUD_TRAMITE,SOLICITUD_TRAMITE:13
una preguntica: oriéntame hacial canal oficial de atención de la inscripción del rut en pereira.,DERIVACION_ENTIDAD,DERIVACION_ENTIDAD:06
"buenas tardes, ¿qué documentos piden paral certificado de antecedentes fiscales en ibagué?",CONSULTA_INFORMATIVA,CONSULTA_INFORMATIVA:01
"disculpa, tengo una gestión abierta de la inscripción del rut en barranquilla y quiero ver su avance.",VERIFICACION_ESTADO,VERIFICACION_ESTADO:19
"hola, el botón para continuar con el certificado de afiliación a salud en villavicencio no funciona.",REPORTE_PROBLEMA,REPORTE_PROBLEMA:05
"hola, ¿hay una sede que atienda consultas sobre el duplicado de la cédula en barranquilla?",DERIVACION_ENTIDAD,DERIVACION_ENTIDAD:07
"buenas, ¿me colaboras? deseo comenzar el proceso del certificado de antecedentes judiciales en cúcuta.",SOLICITUD_TRAMITE,SOLICITUD_TRAMITE:06
"buenas, ¿me ayudas a arrancar con la cédula digital en cartagena?",SOLICITUD_TRAMITE,SOLICITUD_TRAMITE:10
"por favor, ¿cuáles son las etapas del duplicado de la cédula para alguien de barranquilla?",CONSULTA_INFORMATIVA,CONSULTA_INFORMATIVA:17
una preguntica: tengo un radicado de la actualización del rut en cartagena y busco su estado.,VERIFICACION_ESTADO,VERIFICACION_ESTADO:05
"buenas, ¿me colaboras? busco saber si aprobaron mi solicitud del pasaporte ordinario en cali.",VERIFICACION_ESTADO,VERIFICACION_ESTADO:08
"buenas tardes, busco información general sobre el certificado de afiliación a salud en villavicencio.",CONSULTA_INFORMATIVA,CONSULTA_INFORMATIVA:11
"buenos días, ¿cuál es el plazo habitual de la encuesta del sisbén en bucaramanga?",CONSULTA_INFORMATIVA,CONSULTA_INFORMATIVA:03
"buenas, ¿a cuál oficina debo dirigirme por el certificado de antecedentes disciplinarios en pasto?",DERIVACION_ENTIDAD,DERIVACION_ENTIDAD:02
"disculpa, ¿qué entidad atiende la renovación de la licencia de conducción en manizales?",DERIVACION_ENTIDAD,DERIVACION_ENTIDAD:01
"buenas, ¿me colaboras? quiero la dirección de la sede competente paral duplicado de la cédula en barranquilla.",DERIVACION_ENTIDAD,DERIVACION_ENTIDAD:16
me haces el favor: ¿hay una guía para entender el pasaporte ordinario en cali?,CONSULTA_INFORMATIVA,CONSULTA_INFORMATIVA:18
"por favor, ¿dónde miro la respuesta a mi radicación de la cédula digital en cartagena?",VERIFICACION_ESTADO,VERIFICACION_ESTADO:12
"buenas, ¿me colaboras? busco saber si aprobaron mi solicitud de la corrección del registro civil en medellín.",VERIFICACION_ESTADO,VERIFICACION_ESTADO:08
"por favor, ¿cómo veo el resultado de mi solicitud registrada de la consulta de historia laboral en pasto?",VERIFICACION_ESTADO,VERIFICACION_ESTADO:18
"buenas tardes, me dieron un comprobante de la inscripción del rut en pereira; quiero revisar la gestión.",VERIFICACION_ESTADO,VERIFICACION_ESTADO:13
"una preguntica: ya hice el registro civil de nacimiento en bogotá, ¿cómo va la gestión?",VERIFICACION_ESTADO,VERIFICACION_ESTADO:02
me haces el favor: ¿qué entidad atiendel certificado de antecedentes disciplinarios en pasto?,DERIVACION_ENTIDAD,DERIVACION_ENTIDAD:01
"buenos días, ¿cuál es el plazo habitual de la cédula digital en medellín?",CONSULTA_INFORMATIVA,CONSULTA_INFORMATIVA:03
"por favor, ¿cuál es el plazo habitual de la consulta de historia laboral en pereira?",CONSULTA_INFORMATIVA,CONSULTA_INFORMATIVA:03
me haces el favor: deseo comenzar el proceso del registro civil de nacimiento en bogotá.,SOLICITUD_TRAMITE,SOLICITUD_TRAMITE:06
una preguntica: busco saber si aprobaron mi solicitud de la consulta de historia laboral en pereira.,VERIFICACION_ESTADO,VERIFICACION_ESTADO:08
¿hay una sede que atienda consultas sobre la corrección del registro civil en medellín?,DERIVACION_ENTIDAD,DERIVACION_ENTIDAD:07
"disculpa, ¿me ayudas a arrancar con la corrección del registro civil en medellín?",SOLICITUD_TRAMITE,SOLICITUD_TRAMITE:10
¿cómo hago seguimiento a mi solicitud existente de la presentación de peticiones quejas reclamos sugerencias en cali?,VERIFICACION_ESTADO,VERIFICACION_ESTADO:04
"buenas, ¿me colaboras? la pantalla del pasaporte ordinario en cali queda en blanco.",REPORTE_PROBLEMA,REPORTE_PROBLEMA:14
"buenos días, intenté pagar la consulta de historia laboral en pasto y el portal rechazó la operación.",REPORTE_PROBLEMA,REPORTE_PROBLEMA:04
me haces el favor: ¿hay una sede que atienda consultas sobre el certificado de afiliación a salud en villavicencio?,DERIVACION_ENTIDAD,DERIVACION_ENTIDAD:07
me haces el favor: ¿qué edad mínima se exige para la consulta de historia laboral en pereira?,CONSULTA_INFORMATIVA,CONSULTA_INFORMATIVA:09
"hola, busco atención presencial de la institución que lleva la encuesta del sisbén en cúcuta.",DERIVACION_ENTIDAD,DERIVACION_ENTIDAD:19
"una preguntica: necesito hacer la corrección del registro civil en medellín, ¿cómo empiezo?",SOLICITUD_TRAMITE,SOLICITUD_TRAMITE:03
"buenas, ¿me colaboras? aparece un cobro repetido durante la corrección del registro civil en medellín.",REPORTE_PROBLEMA,REPORTE_PROBLEMA:17
"buenas, quiero la dirección de la sede competente paral certificado de afiliación a salud en villavicencio.",DERIVACION_ENTIDAD,DERIVACION_ENTIDAD:16
"disculpa, quiero pasar de la información a la solicitud de la renovación de la licencia de conducción en manizales.",SOLICITUD_TRAMITE,SOLICITUD_TRAMITE:14
"buenos días, quisiera presentar una solicitud del certificado de antecedentes judiciales en cúcuta.",SOLICITUD_TRAMITE,SOLICITUD_TRAMITE:05
me haces el favor: no puedo adjuntar los documentos de la inscripción del rut en pereira; aparece un fallo.,REPORTE_PROBLEMA,REPORTE_PROBLEMA:06
me haces el favor: ¿cómo contacto al área de atención ciudadana del pasaporte ordinario en bucaramanga?,DERIVACION_ENTIDAD,DERIVACION_ENTIDAD:17
"buenas, ¿me colaboras? hace unos días presenté la encuesta del sisbén en cúcuta; ¿en qué etapa va?",VERIFICACION_ESTADO,VERIFICACION_ESTADO:11
"buenas, ¿me colaboras? ¿qué diferencia hay entre la atención presencial y virtual para la renovación de la licencia de conducción en ibagué?",CONSULTA_INFORMATIVA,CONSULTA_INFORMATIVA:07
me haces el favor: ¿cuánto cuesta la cédula digital en medellín?,CONSULTA_INFORMATIVA,CONSULTA_INFORMATIVA:02
una preguntica: quiero iniciar la consulta de historia laboral en pasto.,SOLICITUD_TRAMITE,SOLICITUD_TRAMITE:01
"disculpa, busco información general sobre el pasaporte ordinario en bucaramanga.",CONSULTA_INFORMATIVA,CONSULTA_INFORMATIVA:11
me haces el favor: el sistema de la actualización del rut en cartagena se queda bloqueado.,REPORTE_PROBLEMA,REPORTE_PROBLEMA:03
"por favor, ¿dónde me atiende una persona por el pasaporte ordinario en cali?",DERIVACION_ENTIDAD,DERIVACION_ENTIDAD:11
"disculpa, ¿cuánto cuesta la renovación de la licencia de conducción en manizales?",CONSULTA_INFORMATIVA,CONSULTA_INFORMATIVA:02
"me haces el favor: vivo en bucaramanga, ¿dónde leo los requisitos oficiales del pasaporte ordinario?",CONSULTA_INFORMATIVA,CONSULTA_INFORMATIVA:16
una preguntica: quiero iniciar la renovación de la licencia de conducción en manizales.,SOLICITUD_TRAMITE,SOLICITUD_TRAMITE:01
"disculpa, hay un problema: el portal del certificado de afiliación a salud en villavicencio no termina de procesar.",REPORTE_PROBLEMA,REPORTE_PROBLEMA:20
"disculpa, quisiera presentar una solicitud del pasaporte ordinario en cali.",SOLICITUD_TRAMITE,SOLICITUD_TRAMITE:05
"buenas, la cita de la inscripción del rut en barranquilla desapareció del sistema.",REPORTE_PROBLEMA,REPORTE_PROBLEMA:19
una preguntica: hay un problema: el portal de la actualización del rut en manizales no termina de procesar.,REPORTE_PROBLEMA,REPORTE_PROBLEMA:20
"buenas tardes, ¿debo presentar originales o copias paral certificado de antecedentes disciplinarios en pasto?",CONSULTA_INFORMATIVA,CONSULTA_INFORMATIVA:19
me haces el favor: tengo un radicado de la consulta de historia laboral en pereira y busco su estado.,VERIFICACION_ESTADO,VERIFICACION_ESTADO:05
"hola, busco información general sobre el duplicado de la cédula en barranquilla.",CONSULTA_INFORMATIVA,CONSULTA_INFORMATIVA:11
"buenas, quiero iniciar el duplicado de la cédula en bogotá.",SOLICITUD_TRAMITE,SOLICITUD_TRAMITE:01
¿me ayudas a arrancar con el registro civil de nacimiento en bogotá?,SOLICITUD_TRAMITE,SOLICITUD_TRAMITE:10
"disculpa, antes de empezar, quiero conocer los pasos del certificado de antecedentes fiscales en ibagué.",CONSULTA_INFORMATIVA,CONSULTA_INFORMATIVA:08
me haces el favor: tengo una gestión abierta del certificado de antecedentes disciplinarios en pasto y quiero ver su avance.,VERIFICACION_ESTADO,VERIFICACION_ESTADO:19
"buenas, ¿me colaboras? no me deja ingresar a la plataforma de la corrección del registro civil en medellín.",REPORTE_PROBLEMA,REPORTE_PROBLEMA:18
me haces el favor: ¿puedo revisar el progreso del duplicado de la cédula que entregué en bogotá?,VERIFICACION_ESTADO,VERIFICACION_ESTADO:09
"buenos días, presenté el certificado de antecedentes fiscales en ibagué, ¿sigue en revisión?",VERIFICACION_ESTADO,VERIFICACION_ESTADO:07
¿a cuál oficina debo dirigirme por el certificado de antecedentes judiciales en villavicencio?,DERIVACION_ENTIDAD,DERIVACION_ENTIDAD:02
"buenas, quiero la dirección de la sede competente paral pasaporte ordinario en cali.",DERIVACION_ENTIDAD,DERIVACION_ENTIDAD:16
"disculpa, ¿a quién le corresponde orientarme sobre el certificado de antecedentes fiscales en ibagué?",DERIVACION_ENTIDAD,DERIVACION_ENTIDAD:20
"buenas tardes, ya decidí hacer la cédula digital en cartagena; orienta mi solicitud.",SOLICITUD_TRAMITE,SOLICITUD_TRAMITE:18
"buenas tardes, ¿con qué institución hablo sobre el certificado de antecedentes judiciales en villavicencio?",DERIVACION_ENTIDAD,DERIVACION_ENTIDAD:05
"una preguntica: por favor, guíame para solicitar el pasaporte ordinario en cali.",SOLICITUD_TRAMITE,SOLICITUD_TRAMITE:19
"buenas, ¿me colaboras? ¿a qué dependencia le correspondel certificado de antecedentes judiciales en villavicencio?",DERIVACION_ENTIDAD,DERIVACION_ENTIDAD:09
una preguntica: ¿hay una sede que atienda consultas sobre el registro civil de nacimiento en bogotá?,DERIVACION_ENTIDAD,DERIVACION_ENTIDAD:07
una preguntica: busco el contacto de la autoridad competente paral registro civil de nacimiento en bogotá.,DERIVACION_ENTIDAD,DERIVACION_ENTIDAD:08
"por favor, necesito hacer la inscripción del rut en barranquilla, ¿cómo empiezo?",SOLICITUD_TRAMITE,SOLICITUD_TRAMITE:03
"buenas tardes, ¿cómo veo el resultado de mi solicitud registrada de la renovación de la licencia de conducción en manizales?",VERIFICACION_ESTADO,VERIFICACION_ESTADO:18
"disculpa, la plataforma muestra un error de conexión al hacer la actualización del rut en cartagena.",REPORTE_PROBLEMA,REPORTE_PROBLEMA:10
me haces el favor: el botón para continuar con el pasaporte ordinario en cali no funciona.,REPORTE_PROBLEMA,REPORTE_PROBLEMA:05
"buenas tardes, ¿a quién le corresponde orientarme sobre la inscripción del rut en barranquilla?",DERIVACION_ENTIDAD,DERIVACION_ENTIDAD:20
"buenas, ¿me colaboras? ayúdame a tramitar la cédula digital desde cartagena.",SOLICITUD_TRAMITE,SOLICITUD_TRAMITE:02
una preguntica: la cita del certificado de antecedentes disciplinarios en pasto desapareció del sistema.,REPORTE_PROBLEMA,REPORTE_PROBLEMA:19
"buenas tardes, ¿cómo hago seguimiento a mi solicitud existente de la renovación de la licencia de conducción en ibagué?",VERIFICACION_ESTADO,VERIFICACION_ESTADO:04
me haces el favor: ¿qué entidad atiendel registro civil de nacimiento en bogotá?,DERIVACION_ENTIDAD,DERIVACION_ENTIDAD:01
"por favor, ¿qué edad mínima se exige para la corrección del registro civil en medellín?",CONSULTA_INFORMATIVA,CONSULTA_INFORMATIVA:09
"me haces el favor: antes de empezar, quiero conocer los pasos del certificado de afiliación a salud en villavicencio.",CONSULTA_INFORMATIVA,CONSULTA_INFORMATIVA:08
"buenos días, el botón para continuar con la cédula digital en medellín no funciona.",REPORTE_PROBLEMA,REPORTE_PROBLEMA:05
"buenas, ¿me colaboras? ¿cuánto cuestal certificado de afiliación a salud en villavicencio?",CONSULTA_INFORMATIVA,CONSULTA_INFORMATIVA:02
"hola, aparece un cobro repetido durante la inscripción del rut en pereira.",REPORTE_PROBLEMA,REPORTE_PROBLEMA:17
me haces el favor: ¿cómo contacto al área de atención ciudadana del duplicado de la cédula en barranquilla?,DERIVACION_ENTIDAD,DERIVACION_ENTIDAD:17
"buenas, ¿hay algún pago relacionado con la actualización del rut en cartagena?",CONSULTA_INFORMATIVA,CONSULTA_INFORMATIVA:12
"buenos días, ¿cuánto cuesta la consulta de historia laboral en pereira?",CONSULTA_INFORMATIVA,CONSULTA_INFORMATIVA:02
"por favor, ¿a quién le corresponde orientarme sobre el pasaporte ordinario en cali?",DERIVACION_ENTIDAD,DERIVACION_ENTIDAD:20
me haces el favor: quisiera presentar una solicitud de la corrección del registro civil en medellín.,SOLICITUD_TRAMITE,SOLICITUD_TRAMITE:05
"buenas, busco información general sobre la corrección del registro civil en medellín.",CONSULTA_INFORMATIVA,CONSULTA_INFORMATIVA:11
"disculpa, quisiera presentar una solicitud de la consulta de historia laboral en pereira.",SOLICITUD_TRAMITE,SOLICITUD_TRAMITE:05
"buenas, me interesa realizar la renovación de la licencia de conducción en manizales ahora.",SOLICITUD_TRAMITE,SOLICITUD_TRAMITE:07
una preguntica: ¿mi solicitud anterior de la actualización del rut en manizales continúa pendiente?,VERIFICACION_ESTADO,VERIFICACION_ESTADO:15
"buenos días, ¿cuáles son las etapas de la inscripción del rut para alguien de barranquilla?",CONSULTA_INFORMATIVA,CONSULTA_INFORMATIVA:17
"por favor, ¿debo presentar originales o copias para la actualización del rut en cartagena?",CONSULTA_INFORMATIVA,CONSULTA_INFORMATIVA:19
"buenas, aparece un cobro repetido durante la actualización del rut en manizales.",REPORTE_PROBLEMA,REPORTE_PROBLEMA:17
"hola, hace unos días presenté el pasaporte ordinario en bucaramanga; ¿en qué etapa va?",VERIFICACION_ESTADO,VERIFICACION_ESTADO:11
"hola, la plataforma muestra un error de conexión al hacer la presentación de peticiones quejas reclamos sugerencias en cali.",REPORTE_PROBLEMA,REPORTE_PROBLEMA:10
"por favor, vivo en ibagué, ¿dónde leo los requisitos oficiales de la renovación de la licencia de conducción?",CONSULTA_INFORMATIVA,CONSULTA_INFORMATIVA:16
me haces el favor: el botón para continuar con la consulta de historia laboral en pasto no funciona.,REPORTE_PROBLEMA,REPORTE_PROBLEMA:05
"buenos días, se borró la información mientras hacíal certificado de antecedentes judiciales en cúcuta.",REPORTE_PROBLEMA,REPORTE_PROBLEMA:07
"buenas, ayúdame a tramitar la renovación de la licencia de conducción desde ibagué.",SOLICITUD_TRAMITE,SOLICITUD_TRAMITE:02
"me haces el favor: presenté la corrección del registro civil en medellín, ¿sigue en revisión?",VERIFICACION_ESTADO,VERIFICACION_ESTADO:07
"buenas tardes, oriéntame hacial canal oficial de atención del certificado de antecedentes fiscales en ibagué.",DERIVACION_ENTIDAD,DERIVACION_ENTIDAD:06
"buenas, por favor, guíame para solicitar la renovación de la licencia de conducción en ibagué.",SOLICITUD_TRAMITE,SOLICITUD_TRAMITE:19
una preguntica: el enlace del pasaporte ordinario para bucaramanga está roto.,REPORTE_PROBLEMA,REPORTE_PROBLEMA:08
"buenas tardes, ¿existe una línea de atención oficial para la cédula digital en medellín?",DERIVACION_ENTIDAD,DERIVACION_ENTIDAD:18
"buenas, ¿me colaboras? el sistema del certificado de antecedentes judiciales en villavicencio se queda bloqueado.",REPORTE_PROBLEMA,REPORTE_PROBLEMA:03
una preguntica: me interesa realizar la consulta de historia laboral en pasto ahora.,SOLICITUD_TRAMITE,SOLICITUD_TRAMITE:07
una preguntica: me sale un error al llenar el formulario del certificado de antecedentes judiciales en cúcuta.,REPORTE_PROBLEMA,REPORTE_PROBLEMA:02
¿cuáles son las etapas de la presentación de peticiones quejas reclamos sugerencias para alguien de cali?,CONSULTA_INFORMATIVA,CONSULTA_INFORMATIVA:17
una preguntica: no puedo adjuntar los documentos del certificado de afiliación a salud en villavicencio; aparece un fallo.,REPORTE_PROBLEMA,REPORTE_PROBLEMA:06
"buenas tardes, necesito el enlace para iniciar la presentación de peticiones quejas reclamos sugerencias desde cali.",SOLICITUD_TRAMITE,SOLICITUD_TRAMITE:13
"buenos días, busco el contacto de la autoridad competente para la encuesta del sisbén en bucaramanga.",DERIVACION_ENTIDAD,DERIVACION_ENTIDAD:08
"disculpa, el comprobante del pasaporte ordinario en cali no se puede descargar.",REPORTE_PROBLEMA,REPORTE_PROBLEMA:16
"buenas tardes, quiero abrir una gestión nueva del certificado de antecedentes disciplinarios en pasto.",SOLICITUD_TRAMITE,SOLICITUD_TRAMITE:16
"hola, ¿con qué institución hablo sobre el registro civil de nacimiento en bogotá?",DERIVACION_ENTIDAD,DERIVACION_ENTIDAD:05
"por favor, ¿hay una sede que atienda consultas sobre la cédula digital en cartagena?",DERIVACION_ENTIDAD,DERIVACION_ENTIDAD:07
"una preguntica: vivo en manizales, ¿dónde leo los requisitos oficiales de la renovación de la licencia de conducción?",CONSULTA_INFORMATIVA,CONSULTA_INFORMATIVA:16
"buenas, ¿me colaboras? tengo una gestión abierta de la presentación de peticiones quejas reclamos sugerencias en cali y quiero ver su avance.",VERIFICACION_ESTADO,VERIFICACION_ESTADO:19
"buenas, explícame los requisitos del pasaporte ordinario en cali.",CONSULTA_INFORMATIVA,CONSULTA_INFORMATIVA:04
"buenas, ¿me colaboras? ya hice la inscripción del rut en barranquilla, ¿cómo va la gestión?",VERIFICACION_ESTADO,VERIFICACION_ESTADO:02
"hola, estoy listo para tramitar la presentación de peticiones quejas reclamos sugerencias en cali, ¿cuál es el paso inicial?",SOLICITUD_TRAMITE,SOLICITUD_TRAMITE:20
una preguntica: ¿cuáles son las etapas del certificado de antecedentes judiciales para alguien de cúcuta?,CONSULTA_INFORMATIVA,CONSULTA_INFORMATIVA:17
"buenas, tengo un radicado de la encuesta del sisbén en bucaramanga y busco su estado.",VERIFICACION_ESTADO,VERIFICACION_ESTADO:05
"buenos días, el sistema del certificado de antecedentes disciplinarios en pasto se queda bloqueado.",REPORTE_PROBLEMA,REPORTE_PROBLEMA:03
"disculpa, ¿existe una línea de atención oficial paral certificado de antecedentes fiscales en ibagué?",DERIVACION_ENTIDAD,DERIVACION_ENTIDAD:18
"hola, indícame cómo radicar una nueva solicitud de la cédula digital en medellín.",SOLICITUD_TRAMITE,SOLICITUD_TRAMITE:08
"por favor, busco atención presencial de la institución que lleva la actualización del rut en manizales.",DERIVACION_ENTIDAD,DERIVACION_ENTIDAD:19
"buenas tardes, el botón para continuar con el certificado de antecedentes judiciales en cúcuta no funciona.",REPORTE_PROBLEMA,REPORTE_PROBLEMA:05
"por favor, quiero contactar a la entidad encargada del duplicado de la cédula en barranquilla.",DERIVACION_ENTIDAD,DERIVACION_ENTIDAD:04
"antes de empezar, quiero conocer los pasos del duplicado de la cédula en bogotá.",CONSULTA_INFORMATIVA,CONSULTA_INFORMATIVA:08
"buenas, ¿hay una sede que atienda consultas sobre el duplicado de la cédula en bogotá?",DERIVACION_ENTIDAD,DERIVACION_ENTIDAD:07
una preguntica: oriéntame hacial canal oficial de atención de la inscripción del rut en barranquilla.,DERIVACION_ENTIDAD,DERIVACION_ENTIDAD:06
"hola, ¿debo presentar originales o copias para la actualización del rut en manizales?",CONSULTA_INFORMATIVA,CONSULTA_INFORMATIVA:19
"hola, la cita del pasaporte ordinario en bucaramanga desapareció del sistema.",REPORTE_PROBLEMA,REPORTE_PROBLEMA:19
"buenas, ¿me colaboras? ¿me ayudas a arrancar con el pasaporte ordinario en cali?",SOLICITUD_TRAMITE,SOLICITUD_TRAMITE:10
"buenos días, el botón para continuar con la corrección del registro civil en medellín no funciona.",REPORTE_PROBLEMA,REPORTE_PROBLEMA:05
"buenas, ¿me colaboras? ¿dónde miro la respuesta a mi radicación del certificado de antecedentes judiciales en villavicencio?",VERIFICACION_ESTADO,VERIFICACION_ESTADO:12
"buenas, ¿me colaboras? la plataforma muestra un error de conexión al hacer el pasaporte ordinario en cali.",REPORTE_PROBLEMA,REPORTE_PROBLEMA:10
una preguntica: ya envié los documentos del duplicado de la cédula en barranquilla; busco la respuesta.,VERIFICACION_ESTADO,VERIFICACION_ESTADO:16
una preguntica: ya envié los documentos del certificado de antecedentes disciplinarios en pasto; busco la respuesta.,VERIFICACION_ESTADO,VERIFICACION_ESTADO:16
"hola, busco información general sobre el certificado de antecedentes fiscales en ibagué.",CONSULTA_INFORMATIVA,CONSULTA_INFORMATIVA:11
la plataforma muestra un error de conexión al hacer el certificado de antecedentes fiscales en ibagué.,REPORTE_PROBLEMA,REPORTE_PROBLEMA:10
"hola, ¿cómo veo el resultado de mi solicitud registrada de la encuesta del sisbén en cúcuta?",VERIFICACION_ESTADO,VERIFICACION_ESTADO:18
"buenos días, quiero contactar a la entidad encargada del certificado de afiliación a salud en villavicencio.",DERIVACION_ENTIDAD,DERIVACION_ENTIDAD:04
una preguntica: explícame los requisitos de la cédula digital en cartagena.,CONSULTA_INFORMATIVA,CONSULTA_INFORMATIVA:04
me sale un error al llenar el formulario de la encuesta del sisbén en bucaramanga.,REPORTE_PROBLEMA,REPORTE_PROBLEMA:02
explícame los requisitos de la cédula digital en medellín.,CONSULTA_INFORMATIVA,CONSULTA_INFORMATIVA:04
"buenas, ¿cuáles son las etapas del registro civil de nacimiento para alguien de bogotá?",CONSULTA_INFORMATIVA,CONSULTA_INFORMATIVA:17
¿hay una guía para entender el certificado de antecedentes judiciales en villavicencio?,CONSULTA_INFORMATIVA,CONSULTA_INFORMATIVA:18
me haces el favor: busco el contacto de la autoridad competente paral certificado de antecedentes judiciales en villavicencio.,DERIVACION_ENTIDAD,DERIVACION_ENTIDAD:08
¿cuál es el plazo habitual del registro civil de nacimiento en bogotá?,CONSULTA_INFORMATIVA,CONSULTA_INFORMATIVA:03
"buenas tardes, el comprobante del certificado de antecedentes fiscales en ibagué no se puede descargar.",REPORTE_PROBLEMA,REPORTE_PROBLEMA:16
me haces el favor: no puedo adjuntar los documentos del certificado de antecedentes fiscales en ibagué; aparece un fallo.,REPORTE_PROBLEMA,REPORTE_PROBLEMA:06
una preguntica: ¿qué documentos piden para la consulta de historia laboral en pereira?,CONSULTA_INFORMATIVA,CONSULTA_INFORMATIVA:01
"por favor, quiero iniciar la inscripción del rut en barranquilla.",SOLICITUD_TRAMITE,SOLICITUD_TRAMITE:01
"buenas, ¿mi solicitud anterior de la cédula digital en cartagena continúa pendiente?",VERIFICACION_ESTADO,VERIFICACION_ESTADO:15
"buenas tardes, necesito consultar si finalizaron la encuesta del sisbén que inicié en bucaramanga.",VERIFICACION_ESTADO,VERIFICACION_ESTADO:17
"buenas tardes, la pantalla de la consulta de historia laboral en pereira queda en blanco.",REPORTE_PROBLEMA,REPORTE_PROBLEMA:14
"me haces el favor: ya hice la presentación de peticiones quejas reclamos sugerencias en cali, ¿cómo va la gestión?",VERIFICACION_ESTADO,VERIFICACION_ESTADO:02
"buenos días, hay un problema: el portal del pasaporte ordinario en cali no termina de procesar.",REPORTE_PROBLEMA,REPORTE_PROBLEMA:20
"buenas tardes, busco atención presencial de la institución que lleval certificado de antecedentes disciplinarios en pasto.",DERIVACION_ENTIDAD,DERIVACION_ENTIDAD:19
"buenas, ¿me colaboras? quiero abrir una gestión nueva del certificado de afiliación a salud en villavicencio.",SOLICITUD_TRAMITE,SOLICITUD_TRAMITE:16
"buenas, ¿me colaboras? se borró la información mientras hacíal certificado de afiliación a salud en villavicencio.",REPORTE_PROBLEMA,REPORTE_PROBLEMA:07
intenté pagar el pasaporte ordinario en bucaramanga y el portal rechazó la operación.,REPORTE_PROBLEMA,REPORTE_PROBLEMA:04
una preguntica: busco atención presencial de la institución que lleva la inscripción del rut en pereira.,DERIVACION_ENTIDAD,DERIVACION_ENTIDAD:19
me haces el favor: ¿me ayudas a arrancar con el pasaporte ordinario en bucaramanga?,SOLICITUD_TRAMITE,SOLICITUD_TRAMITE:10
una preguntica: ¿qué documentos piden paral registro civil de nacimiento en bogotá?,CONSULTA_INFORMATIVA,CONSULTA_INFORMATIVA:01
"buenos días, indícame cómo radicar una nueva solicitud del duplicado de la cédula en barranquilla.",SOLICITUD_TRAMITE,SOLICITUD_TRAMITE:08
"buenas, ¿qué documentos piden para la encuesta del sisbén en bucaramanga?",CONSULTA_INFORMATIVA,CONSULTA_INFORMATIVA:01
¿dónde miro la respuesta a mi radicación del pasaporte ordinario en cali?,VERIFICACION_ESTADO,VERIFICACION_ESTADO:12
"buenas, ¿a cuál oficina debo dirigirme por la inscripción del rut en barranquilla?",DERIVACION_ENTIDAD,DERIVACION_ENTIDAD:02
"por favor, necesito consultar si finalizaron el registro civil de nacimiento que inicié en bogotá.",VERIFICACION_ESTADO,VERIFICACION_ESTADO:17
el comprobante del duplicado de la cédula en barranquilla no se puede descargar.,REPORTE_PROBLEMA,REPORTE_PROBLEMA:16
"por favor, ¿qué entidad atiendel pasaporte ordinario en bucaramanga?",DERIVACION_ENTIDAD,DERIVACION_ENTIDAD:01
"hola, necesito hacer la actualización del rut en cartagena, ¿cómo empiezo?",SOLICITUD_TRAMITE,SOLICITUD_TRAMITE:03
"buenas, ya decidí hacer la consulta de historia laboral en pereira; orienta mi solicitud.",SOLICITUD_TRAMITE,SOLICITUD_TRAMITE:18
"buenos días, ¿con qué institución hablo sobre la presentación de peticiones quejas reclamos sugerencias en cali?",DERIVACION_ENTIDAD,DERIVACION_ENTIDAD:05
"buenas, intenté pagar la encuesta del sisbén en bucaramanga y el portal rechazó la operación.",REPORTE_PROBLEMA,REPORTE_PROBLEMA:04
"buenos días, necesito hacer el duplicado de la cédula en barranquilla, ¿cómo empiezo?",SOLICITUD_TRAMITE,SOLICITUD_TRAMITE:03
