sample_id,text,intent,source,is_synthetic,consent,reviewer,reviewStatus,template_family,procedure,city
syn-1665,"Buenos días, Quiero reportar una falla en el servicio de la actualización del RUT en Cartagena.",REPORTE_PROBLEMA,synthetic:handwritten-templates-v1,true,not_applicable,,not_human_reviewed,REPORTE_PROBLEMA:12,la actualización del RUT,Cartagena
syn-2128,"Hola, ¿Dónde me atiende una persona por la renovación de la licencia de conducción en Manizales?",DERIVACION_ENTIDAD,synthetic:handwritten-templates-v1,true,not_applicable,,not_human_reviewed,DERIVACION_ENTIDAD:11,la renovación de la licencia de conducción,Manizales
syn-0125,¿Hace falta una cita paral certificado de antecedentes judiciales en Villavicencio?,CONSULTA_INFORMATIVA,synthetic:handwritten-templates-v1,true,not_applicable,,not_human_reviewed,CONSULTA_INFORMATIVA:06,el certificado de antecedentes judiciales,Villavicencio
syn-0958,"Hola, ¿En qué estado está mi solicitud de la encuesta del Sisbén presentada en Bucaramanga?",VERIFICACION_ESTADO,synthetic:handwritten-templates-v1,true,not_applicable,,not_human_reviewed,VERIFICACION_ESTADO:01,la encuesta del Sisbén,Bucaramanga
syn-0809,Me haces el favor: Tengo los documentos listos y voy a empezar la consulta de historia laboral en Pasto.,SOLICITUD_TRAMITE,synthetic:handwritten-templates-v1,true,not_applicable,,not_human_reviewed,SOLICITUD_TRAMITE:15,la consulta de historia laboral,Pasto
syn-0007,"Disculpa, ¿Qué documentos piden paral duplicado de la cédula en Bogotá?",CONSULTA_INFORMATIVA,synthetic:handwritten-templates-v1,true,not_applicable,,not_human_reviewed,CONSULTA_INFORMATIVA:01,el duplicado de la cédula,Bogotá
syn-1503,"Buenas, ¿me colaboras? El botón para continuar con la inscripción del RUT en Pereira no funciona.",REPORTE_PROBLEMA,synthetic:handwritten-templates-v1,true,not_applicable,,not_human_reviewed,REPORTE_PROBLEMA:05,la inscripción del RUT,Pereira
syn-2325,"Disculpa, ¿A quién le corresponde orientarme sobre el certificado de antecedentes fiscales en Ibagué?",DERIVACION_ENTIDAD,synthetic:handwritten-templates-v1,true,not_applicable,,not_human_reviewed,DERIVACION_ENTIDAD:20,el certificado de antecedentes fiscales,Ibagué
syn-0269,¿Hay algún pago relacionado con el duplicado de la cédula en Bogotá?,CONSULTA_INFORMATIVA,synthetic:handwritten-templates-v1,true,not_applicable,,not_human_reviewed,CONSULTA_INFORMATIVA:12,el duplicado de la cédula,Bogotá
syn-1546,Me haces el favor: Se borró la información mientras hacíal pasaporte ordinario en Cali.,REPORTE_PROBLEMA,synthetic:handwritten-templates-v1,true,not_applicable,,not_human_reviewed,REPORTE_PROBLEMA:07,el pasaporte ordinario,Cali
syn-0264,"Buenas tardes, ¿Hay algún pago relacionado con la consulta de historia laboral en Pereira?",CONSULTA_INFORMATIVA,synthetic:handwritten-templates-v1,true,not_applicable,,not_human_reviewed,CONSULTA_INFORMATIVA:12,la consulta de historia laboral,Pereira
syn-0118,"Buenas tardes, ¿Se puede hacer el duplicado de la cédula por internet desde Barranquilla?",CONSULTA_INFORMATIVA,synthetic:handwritten-templates-v1,true,not_applicable,,not_human_reviewed,CONSULTA_INFORMATIVA:05,el duplicado de la cédula,Barranquilla
syn-1067,Una preguntica: ¿Ya respondieron mi petición del certificado de antecedentes judiciales en Cúcuta?,VERIFICACION_ESTADO,synthetic:handwritten-templates-v1,true,not_applicable,,not_human_reviewed,VERIFICACION_ESTADO:06,el certificado de antecedentes judiciales,Cúcuta
syn-2198,"Buenas tardes, ¿Me remites a la entidad que manejal pasaporte ordinario en Cali?",DERIVACION_ENTIDAD,synthetic:handwritten-templates-v1,true,not_applicable,,not_human_reviewed,DERIVACION_ENTIDAD:14,el pasaporte ordinario,Cali
syn-1533,"Disculpa, No puedo adjuntar los documentos del duplicado de la cédula en Barranquilla; aparece un fallo.",REPORTE_PROBLEMA,synthetic:handwritten-templates-v1,true,not_applicable,,not_human_reviewed,REPORTE_PROBLEMA:06,el duplicado de la cédula,Barranquilla
syn-1668,Me haces el favor: Quiero reportar una falla en el servicio de la encuesta del Sisbén en Cúcuta.,REPORTE_PROBLEMA,synthetic:handwritten-templates-v1,true,not_applicable,,not_human_reviewed,REPORTE_PROBLEMA:12,la encuesta del Sisbén,Cúcuta
syn-1558,"Buenas, ¿me colaboras? Se borró la información mientras hacíal certificado de afiliación a salud en Villavicencio.",REPORTE_PROBLEMA,synthetic:handwritten-templates-v1,true,not_applicable,,not_human_reviewed,REPORTE_PROBLEMA:07,el certificado de afiliación a salud,Villavicencio
syn-1792,"Buenas, ¿me colaboras? Aparece un cobro repetido durante el duplicado de la cédula en Barranquilla.",REPORTE_PROBLEMA,synthetic:handwritten-templates-v1,true,not_applicable,,not_human_reviewed,REPORTE_PROBLEMA:17,el duplicado de la cédula,Barranquilla
syn-1177,"Disculpa, Hace unos días presenté la actualización del RUT en Cartagena; ¿en qué etapa va?",VERIFICACION_ESTADO,synthetic:handwritten-templates-v1,true,not_applicable,,not_human_reviewed,VERIFICACION_ESTADO:11,la actualización del RUT,Cartagena
syn-0526,"Hola, Necesito hacer la renovación de la licencia de conducción en Ibagué, ¿cómo empiezo?",SOLICITUD_TRAMITE,synthetic:handwritten-templates-v1,true,not_applicable,,not_human_reviewed,SOLICITUD_TRAMITE:03,la renovación de la licencia de conducción,Ibagué
syn-1030,"Buenos días, Tengo un radicado del certificado de antecedentes fiscales en Ibagué y busco su estado.",VERIFICACION_ESTADO,synthetic:handwritten-templates-v1,true,not_applicable,,not_human_reviewed,VERIFICACION_ESTADO:05,el certificado de antecedentes fiscales,Ibagué
syn-2011,Me haces el favor: Oriéntame hacial canal oficial de atención de la consulta de historia laboral en Pereira.,DERIVACION_ENTIDAD,synthetic:handwritten-templates-v1,true,not_applicable,,not_human_reviewed,DERIVACION_ENTIDAD:06,la consulta de historia laboral,Pereira
syn-0878,"Buenas, ¿me colaboras? Ya decidí hacer la actualización del RUT en Manizales; orienta mi solicitud.",SOLICITUD_TRAMITE,synthetic:handwritten-templates-v1,true,not_applicable,,not_human_reviewed,SOLICITUD_TRAMITE:18,la actualización del RUT,Manizales
syn-2007,"Por favor, Oriéntame hacial canal oficial de atención de la presentación de PQRS en Cali.",DERIVACION_ENTIDAD,synthetic:handwritten-templates-v1,true,not_applicable,,not_human_reviewed,DERIVACION_ENTIDAD:06,la presentación de PQRS,Cali
syn-2150,"Hola, ¿Cuál es el canal institucional para pedir orientación sobre el duplicado de la cédula en Barranquilla?",DERIVACION_ENTIDAD,synthetic:handwritten-templates-v1,true,not_applicable,,not_human_reviewed,DERIVACION_ENTIDAD:12,el duplicado de la cédula,Barranquilla
syn-1636,La plataforma muestra un error de conexión al hacer la consulta de historia laboral en Pasto.,REPORTE_PROBLEMA,synthetic:handwritten-templates-v1,true,not_applicable,,not_human_reviewed,REPORTE_PROBLEMA:10,la consulta de historia laboral,Pasto
syn-1615,"Buenas, ¿me colaboras? La plataforma muestra un error de conexión al hacer el pasaporte ordinario en Cali.",REPORTE_PROBLEMA,synthetic:handwritten-templates-v1,true,not_applicable,,not_human_reviewed,REPORTE_PROBLEMA:10,el pasaporte ordinario,Cali
syn-1915,"Buenas, ¿me colaboras? ¿A cuál oficina debo dirigirme por la cédula digital en Cartagena?",DERIVACION_ENTIDAD,synthetic:handwritten-templates-v1,true,not_applicable,,not_human_reviewed,DERIVACION_ENTIDAD:02,la cédula digital,Cartagena
syn-1544,Me haces el favor: No puedo adjuntar los documentos del duplicado de la cédula en Bogotá; aparece un fallo.,REPORTE_PROBLEMA,synthetic:handwritten-templates-v1,true,not_applicable,,not_human_reviewed,REPORTE_PROBLEMA:06,el duplicado de la cédula,Bogotá
syn-1867,"Disculpa, Hay un problema: el portal del pasaporte ordinario en Bucaramanga no termina de procesar.",REPORTE_PROBLEMA,synthetic:handwritten-templates-v1,true,not_applicable,,not_human_reviewed,REPORTE_PROBLEMA:20,el pasaporte ordinario,Bucaramanga
syn-2062,¿A qué dependencia le corresponde la actualización del RUT en Manizales?,DERIVACION_ENTIDAD,synthetic:handwritten-templates-v1,true,not_applicable,,not_human_reviewed,DERIVACION_ENTIDAD:09,la actualización del RUT,Manizales
syn-0782,"Buenas, Quiero pasar de la información a la solicitud de la cédula digital en Cartagena.",SOLICITUD_TRAMITE,synthetic:handwritten-templates-v1,true,not_applicable,,not_human_reviewed,SOLICITUD_TRAMITE:14,la cédula digital,Cartagena
syn-0774,"Buenos días, Quiero pasar de la información a la solicitud del certificado de antecedentes disciplinarios en Pasto.",SOLICITUD_TRAMITE,synthetic:handwritten-templates-v1,true,not_applicable,,not_human_reviewed,SOLICITUD_TRAMITE:14,el certificado de antecedentes disciplinarios,Pasto
syn-0189,"Antes de empezar, quiero conocer los pasos del duplicado de la cédula en Bogotá.",CONSULTA_INFORMATIVA,synthetic:handwritten-templates-v1,true,not_applicable,,not_human_reviewed,CONSULTA_INFORMATIVA:08,el duplicado de la cédula,Bogotá
syn-0144,Me haces el favor: ¿Qué diferencia hay entre la atención presencial y virtual paral certificado de antecedentes judiciales en Cúcuta?,CONSULTA_INFORMATIVA,synthetic:handwritten-templates-v1,true,not_applicable,,not_human_reviewed,CONSULTA_INFORMATIVA:07,el certificado de antecedentes judiciales,Cúcuta
syn-1246,Una preguntica: ¿Han actualizado el estado de mi petición del certificado de antecedentes judiciales en Villavicencio?,VERIFICACION_ESTADO,synthetic:handwritten-templates-v1,true,not_applicable,,not_human_reviewed,VERIFICACION_ESTADO:14,el certificado de antecedentes judiciales,Villavicencio
syn-0314,¿Las condiciones de la consulta de historia laboral son las mismas para todos en Pereira?,CONSULTA_INFORMATIVA,synthetic:handwritten-templates-v1,true,not_applicable,,not_human_reviewed,CONSULTA_INFORMATIVA:14,la consulta de historia laboral,Pereira
syn-1538,"Hola, No puedo adjuntar los documentos de la cédula digital en Medellín; aparece un fallo.",REPORTE_PROBLEMA,synthetic:handwritten-templates-v1,true,not_applicable,,not_human_reviewed,REPORTE_PROBLEMA:06,la cédula digital,Medellín
syn-1105,Busco saber si aprobaron mi solicitud de la renovación de la licencia de conducción en Manizales.,VERIFICACION_ESTADO,synthetic:handwritten-templates-v1,true,not_applicable,,not_human_reviewed,VERIFICACION_ESTADO:08,la renovación de la licencia de conducción,Manizales
syn-0527,"Buenas, Necesito hacer la cédula digital en Cartagena, ¿cómo empiezo?",SOLICITUD_TRAMITE,synthetic:handwritten-templates-v1,true,not_applicable,,not_human_reviewed,SOLICITUD_TRAMITE:03,la cédula digital,Cartagena
syn-1700,"Disculpa, El código de verificación del certificado de antecedentes fiscales en Ibagué no llega.",REPORTE_PROBLEMA,synthetic:handwritten-templates-v1,true,not_applicable,,not_human_reviewed,REPORTE_PROBLEMA:13,el certificado de antecedentes fiscales,Ibagué
syn-1528,"Hola, No puedo adjuntar los documentos del pasaporte ordinario en Cali; aparece un fallo.",REPORTE_PROBLEMA,synthetic:handwritten-templates-v1,true,not_applicable,,not_human_reviewed,REPORTE_PROBLEMA:06,el pasaporte ordinario,Cali
syn-0744,"Buenas, ¿me colaboras? Voy a diligenciar la solicitud de la cédula digital en Medellín.",SOLICITUD_TRAMITE,synthetic:handwritten-templates-v1,true,not_applicable,,not_human_reviewed,SOLICITUD_TRAMITE:12,la cédula digital,Medellín
syn-1753,"Buenos días, Se cayó el portal cuando estaba con la encuesta del Sisbén en Bucaramanga.",REPORTE_PROBLEMA,synthetic:handwritten-templates-v1,true,not_applicable,,not_human_reviewed,REPORTE_PROBLEMA:15,la encuesta del Sisbén,Bucaramanga
syn-0972,"Por favor, Ya hice la cédula digital en Cartagena, ¿cómo va la gestión?",VERIFICACION_ESTADO,synthetic:handwritten-templates-v1,true,not_applicable,,not_human_reviewed,VERIFICACION_ESTADO:02,la cédula digital,Cartagena
syn-1028,"Buenas tardes, ¿Cómo hago seguimiento a mi solicitud existente del certificado de antecedentes fiscales en Ibagué?",VERIFICACION_ESTADO,synthetic:handwritten-templates-v1,true,not_applicable,,not_human_reviewed,VERIFICACION_ESTADO:04,el certificado de antecedentes fiscales,Ibagué
syn-0474,"Buenas tardes, Quiero iniciar la cédula digital en Cartagena.",SOLICITUD_TRAMITE,synthetic:handwritten-templates-v1,true,not_applicable,,not_human_reviewed,SOLICITUD_TRAMITE:01,la cédula digital,Cartagena
syn-1039,"Por favor, Tengo un radicado de la corrección del registro civil en Medellín y busco su estado.",VERIFICACION_ESTADO,synthetic:handwritten-templates-v1,true,not_applicable,,not_human_reviewed,VERIFICACION_ESTADO:05,la corrección del registro civil,Medellín
syn-2168,Me haces el favor: Necesito comunicarme con la oficina encargada de la actualización del RUT en Manizales.,DERIVACION_ENTIDAD,synthetic:handwritten-templates-v1,true,not_applicable,,not_human_reviewed,DERIVACION_ENTIDAD:13,la actualización del RUT,Manizales
syn-1598,"Buenos días, El portal de la renovación de la licencia de conducción en Manizales se cierra sin guardar.",REPORTE_PROBLEMA,synthetic:handwritten-templates-v1,true,not_applicable,,not_human_reviewed,REPORTE_PROBLEMA:09,la renovación de la licencia de conducción,Manizales
syn-0664,"Disculpa, Quiero agendar el inicio de la encuesta del Sisbén en Bucaramanga.",SOLICITUD_TRAMITE,synthetic:handwritten-templates-v1,true,not_applicable,,not_human_reviewed,SOLICITUD_TRAMITE:09,la encuesta del Sisbén,Bucaramanga
syn-1714,Me haces el favor: La pantalla de la consulta de historia laboral en Pasto queda en blanco.,REPORTE_PROBLEMA,synthetic:handwritten-templates-v1,true,not_applicable,,not_human_reviewed,REPORTE_PROBLEMA:14,la consulta de historia laboral,Pasto
syn-1677,"Disculpa, Quiero reportar una falla en el servicio del duplicado de la cédula en Bogotá.",REPORTE_PROBLEMA,synthetic:handwritten-templates-v1,true,not_applicable,,not_human_reviewed,REPORTE_PROBLEMA:12,el duplicado de la cédula,Bogotá
syn-1375,"Buenos días, Tengo una gestión abierta de la consulta de historia laboral en Pasto y quiero ver su avance.",VERIFICACION_ESTADO,synthetic:handwritten-templates-v1,true,not_applicable,,not_human_reviewed,VERIFICACION_ESTADO:19,la consulta de historia laboral,Pasto
syn-2218,"Buenas, ¿Qué organismo puede atender mi consulta de la cédula digital en Medellín?",DERIVACION_ENTIDAD,synthetic:handwritten-templates-v1,true,not_applicable,,not_human_reviewed,DERIVACION_ENTIDAD:15,la cédula digital,Medellín
syn-1923,"Buenas tardes, ¿Quién es el responsable institucional del pasaporte ordinario en Bucaramanga?",DERIVACION_ENTIDAD,synthetic:handwritten-templates-v1,true,not_applicable,,not_human_reviewed,DERIVACION_ENTIDAD:03,el pasaporte ordinario,Bucaramanga
syn-1097,"Buenas tardes, Presenté la inscripción del RUT en Pereira, ¿sigue en revisión?",VERIFICACION_ESTADO,synthetic:handwritten-templates-v1,true,not_applicable,,not_human_reviewed,VERIFICACION_ESTADO:07,la inscripción del RUT,Pereira
syn-0322,Una preguntica: ¿Las condiciones de la renovación de la licencia de conducción son las mismas para todos en Manizales?,CONSULTA_INFORMATIVA,synthetic:handwritten-templates-v1,true,not_applicable,,not_human_reviewed,CONSULTA_INFORMATIVA:14,la renovación de la licencia de conducción,Manizales
syn-1292,"Buenas, ¿me colaboras? Ya envié los documentos del certificado de antecedentes judiciales en Villavicencio; busco la respuesta.",VERIFICACION_ESTADO,synthetic:handwritten-templates-v1,true,not_applicable,,not_human_reviewed,VERIFICACION_ESTADO:16,el certificado de antecedentes judiciales,Villavicencio
syn-1215,"Hola, ¿Dónde miro la respuesta a mi radicación de la encuesta del Sisbén en Cúcuta?",VERIFICACION_ESTADO,synthetic:handwritten-templates-v1,true,not_applicable,,not_human_reviewed,VERIFICACION_ESTADO:12,la encuesta del Sisbén,Cúcuta
syn-1578,Me haces el favor: El enlace del certificado de antecedentes judiciales para Cúcuta está roto.,REPORTE_PROBLEMA,synthetic:handwritten-templates-v1,true,not_applicable,,not_human_reviewed,REPORTE_PROBLEMA:08,el certificado de antecedentes judiciales,Cúcuta
syn-1078,"Disculpa, Presenté la inscripción del RUT en Barranquilla, ¿sigue en revisión?",VERIFICACION_ESTADO,synthetic:handwritten-templates-v1,true,not_applicable,,not_human_reviewed,VERIFICACION_ESTADO:07,la inscripción del RUT,Barranquilla
syn-2219,"Por favor, ¿Qué organismo puede atender mi consulta del duplicado de la cédula en Barranquilla?",DERIVACION_ENTIDAD,synthetic:handwritten-templates-v1,true,not_applicable,,not_human_reviewed,DERIVACION_ENTIDAD:15,el duplicado de la cédula,Barranquilla
syn-0143,"Disculpa, ¿Qué diferencia hay entre la atención presencial y virtual paral certificado de antecedentes judiciales en Villavicencio?",CONSULTA_INFORMATIVA,synthetic:handwritten-templates-v1,true,not_applicable,,not_human_reviewed,CONSULTA_INFORMATIVA:07,el certificado de antecedentes judiciales,Villavicencio
syn-1656,Me haces el favor: El formulario de la cédula digital en Medellín rechaza datos que son correctos.,REPORTE_PROBLEMA,synthetic:handwritten-templates-v1,true,not_applicable,,not_human_reviewed,REPORTE_PROBLEMA:11,la cédula digital,Medellín
syn-0702,Es mi primera vez haciendo la encuesta del Sisbén en Cúcuta; quiero empezarlo.,SOLICITUD_TRAMITE,synthetic:handwritten-templates-v1,true,not_applicable,,not_human_reviewed,SOLICITUD_TRAMITE:11,la encuesta del Sisbén,Cúcuta
syn-1431,"Buenos días, Me sale un error al llenar el formulario del pasaporte ordinario en Cali.",REPORTE_PROBLEMA,synthetic:handwritten-templates-v1,true,not_applicable,,not_human_reviewed,REPORTE_PROBLEMA:02,el pasaporte ordinario,Cali
syn-0418,"Buenas tardes, ¿Hay una guía para entender la encuesta del Sisbén en Cúcuta?",CONSULTA_INFORMATIVA,synthetic:handwritten-templates-v1,true,not_applicable,,not_human_reviewed,CONSULTA_INFORMATIVA:18,la encuesta del Sisbén,Cúcuta
syn-1032,"Disculpa, Tengo un radicado del registro civil de nacimiento en Bogotá y busco su estado.",VERIFICACION_ESTADO,synthetic:handwritten-templates-v1,true,not_applicable,,not_human_reviewed,VERIFICACION_ESTADO:05,el registro civil de nacimiento,Bogotá
syn-0901,"Buenas, ¿me colaboras? Por favor, guíame para solicitar la actualización del RUT en Cartagena.",SOLICITUD_TRAMITE,synthetic:handwritten-templates-v1,true,not_applicable,,not_human_reviewed,SOLICITUD_TRAMITE:19,la actualización del RUT,Cartagena
syn-2087,"Por favor, Quiero hablar con un funcionario responsable de la corrección del registro civil en Medellín.",DERIVACION_ENTIDAD,synthetic:handwritten-templates-v1,true,not_applicable,,not_human_reviewed,DERIVACION_ENTIDAD:10,la corrección del registro civil,Medellín
syn-1051,"Buenas tardes, Tengo un radicado de la cédula digital en Cartagena y busco su estado.",VERIFICACION_ESTADO,synthetic:handwritten-templates-v1,true,not_applicable,,not_human_reviewed,VERIFICACION_ESTADO:05,la cédula digital,Cartagena
syn-1399,"Disculpa, ¿Hay novedades de mi trámite del registro civil de nacimiento radicado en Bogotá?",VERIFICACION_ESTADO,synthetic:handwritten-templates-v1,true,not_applicable,,not_human_reviewed,VERIFICACION_ESTADO:20,el registro civil de nacimiento,Bogotá
syn-1227,"Hola, Me dieron un comprobante del pasaporte ordinario en Bucaramanga; quiero revisar la gestión.",VERIFICACION_ESTADO,synthetic:handwritten-templates-v1,true,not_applicable,,not_human_reviewed,VERIFICACION_ESTADO:13,el pasaporte ordinario,Bucaramanga
syn-0823,"Buenas, ¿me colaboras? Quiero abrir una gestión nueva del certificado de antecedentes judiciales en Villavicencio.",SOLICITUD_TRAMITE,synthetic:handwritten-templates-v1,true,not_applicable,,not_human_reviewed,SOLICITUD_TRAMITE:16,el certificado de antecedentes judiciales,Villavicencio
syn-0751,"Por favor, Necesito el enlace para iniciar la renovación de la licencia de conducción desde Ibagué.",SOLICITUD_TRAMITE,synthetic:handwritten-templates-v1,true,not_applicable,,not_human_reviewed,SOLICITUD_TRAMITE:13,la renovación de la licencia de conducción,Ibagué
syn-0041,Me haces el favor: ¿Cuánto cuesta la cédula digital en Medellín?,CONSULTA_INFORMATIVA,synthetic:handwritten-templates-v1,true,not_applicable,,not_human_reviewed,CONSULTA_INFORMATIVA:02,la cédula digital,Medellín
syn-1683,"Buenas, Quiero reportar una falla en el servicio de la presentación de PQRS en Cali.",REPORTE_PROBLEMA,synthetic:handwritten-templates-v1,true,not_applicable,,not_human_reviewed,REPORTE_PROBLEMA:12,la presentación de PQRS,Cali
syn-0009,Una preguntica: ¿Qué documentos piden para la consulta de historia laboral en Pereira?,CONSULTA_INFORMATIVA,synthetic:handwritten-templates-v1,true,not_applicable,,not_human_reviewed,CONSULTA_INFORMATIVA:01,la consulta de historia laboral,Pereira
syn-0218,"Por favor, ¿Qué comprobantes debo llevar paral duplicado de la cédula en Barranquilla?",CONSULTA_INFORMATIVA,synthetic:handwritten-templates-v1,true,not_applicable,,not_human_reviewed,CONSULTA_INFORMATIVA:10,el duplicado de la cédula,Barranquilla
syn-0102,"Buenas, ¿me colaboras? ¿Se puede hacer la renovación de la licencia de conducción por internet desde Manizales?",CONSULTA_INFORMATIVA,synthetic:handwritten-templates-v1,true,not_applicable,,not_human_reviewed,CONSULTA_INFORMATIVA:05,la renovación de la licencia de conducción,Manizales
syn-1790,Me haces el favor: Aparece un cobro repetido durante la cédula digital en Medellín.,REPORTE_PROBLEMA,synthetic:handwritten-templates-v1,true,not_applicable,,not_human_reviewed,REPORTE_PROBLEMA:17,la cédula digital,Medellín
syn-1219,"Por favor, Me dieron un comprobante de la presentación de PQRS en Cali; quiero revisar la gestión.",VERIFICACION_ESTADO,synthetic:handwritten-templates-v1,true,not_applicable,,not_human_reviewed,VERIFICACION_ESTADO:13,la presentación de PQRS,Cali
syn-0964,"Buenas tardes, Ya hice la actualización del RUT en Cartagena, ¿cómo va la gestión?",VERIFICACION_ESTADO,synthetic:handwritten-templates-v1,true,not_applicable,,not_human_reviewed,VERIFICACION_ESTADO:02,la actualización del RUT,Cartagena
syn-0717,"Buenas tardes, Es mi primera vez haciendo la inscripción del RUT en Barranquilla; quiero empezarlo.",SOLICITUD_TRAMITE,synthetic:handwritten-templates-v1,true,not_applicable,,not_human_reviewed,SOLICITUD_TRAMITE:11,la inscripción del RUT,Barranquilla
syn-1117,"Buenas, Busco saber si aprobaron mi solicitud de la renovación de la licencia de conducción en Ibagué.",VERIFICACION_ESTADO,synthetic:handwritten-templates-v1,true,not_applicable,,not_human_reviewed,VERIFICACION_ESTADO:08,la renovación de la licencia de conducción,Ibagué
syn-0306,"Buenos días, Me explicas en palabras sencillas en qué consiste el certificado de afiliación a salud en Villavicencio.",CONSULTA_INFORMATIVA,synthetic:handwritten-templates-v1,true,not_applicable,,not_human_reviewed,CONSULTA_INFORMATIVA:13,el certificado de afiliación a salud,Villavicencio
syn-1124,"Buenas, ¿me colaboras? Busco saber si aprobaron mi solicitud del pasaporte ordinario en Cali.",VERIFICACION_ESTADO,synthetic:handwritten-templates-v1,true,not_applicable,,not_human_reviewed,VERIFICACION_ESTADO:08,el pasaporte ordinario,Cali
syn-1943,"Por favor, Quiero contactar a la entidad encargada de la consulta de historia laboral en Pasto.",DERIVACION_ENTIDAD,synthetic:handwritten-templates-v1,true,not_applicable,,not_human_reviewed,DERIVACION_ENTIDAD:04,la consulta de historia laboral,Pasto
syn-1708,"Buenos días, El código de verificación del duplicado de la cédula en Bogotá no llega.",REPORTE_PROBLEMA,synthetic:handwritten-templates-v1,true,not_applicable,,not_human_reviewed,REPORTE_PROBLEMA:13,el duplicado de la cédula,Bogotá
syn-0079,"Buenas, ¿me colaboras? Explícame los requisitos del certificado de antecedentes fiscales en Ibagué.",CONSULTA_INFORMATIVA,synthetic:handwritten-templates-v1,true,not_applicable,,not_human_reviewed,CONSULTA_INFORMATIVA:04,el certificado de antecedentes fiscales,Ibagué
syn-0121,"Disculpa, ¿Hace falta una cita para la corrección del registro civil en Medellín?",CONSULTA_INFORMATIVA,synthetic:handwritten-templates-v1,true,not_applicable,,not_human_reviewed,CONSULTA_INFORMATIVA:06,la corrección del registro civil,Medellín
syn-0057,¿Cuál es el plazo habitual del registro civil de nacimiento en Bogotá?,CONSULTA_INFORMATIVA,synthetic:handwritten-templates-v1,true,not_applicable,,not_human_reviewed,CONSULTA_INFORMATIVA:03,el registro civil de nacimiento,Bogotá
syn-1214,¿Dónde miro la respuesta a mi radicación del pasaporte ordinario en Cali?,VERIFICACION_ESTADO,synthetic:handwritten-templates-v1,true,not_applicable,,not_human_reviewed,VERIFICACION_ESTADO:12,el pasaporte ordinario,Cali
syn-0963,"Buenos días, Ya hice el pasaporte ordinario en Bucaramanga, ¿cómo va la gestión?",VERIFICACION_ESTADO,synthetic:handwritten-templates-v1,true,not_applicable,,not_human_reviewed,VERIFICACION_ESTADO:02,el pasaporte ordinario,Bucaramanga
syn-1316,Necesito consultar si finalizaron la inscripción del RUT que inicié en Pereira.,VERIFICACION_ESTADO,synthetic:handwritten-templates-v1,true,not_applicable,,not_human_reviewed,VERIFICACION_ESTADO:17,la inscripción del RUT,Pereira
syn-0565,"Disculpa, Quisiera presentar una solicitud del pasaporte ordinario en Cali.",SOLICITUD_TRAMITE,synthetic:handwritten-templates-v1,true,not_applicable,,not_human_reviewed,SOLICITUD_TRAMITE:05,el pasaporte ordinario,Cali
syn-0436,"Hola, ¿Debo presentar originales o copias para la actualización del RUT en Manizales?",CONSULTA_INFORMATIVA,synthetic:handwritten-templates-v1,true,not_applicable,,not_human_reviewed,CONSULTA_INFORMATIVA:19,la actualización del RUT,Manizales
syn-0389,"Buenas, ¿me colaboras? ¿Cuáles son las etapas de la cédula digital para alguien de Cartagena?",CONSULTA_INFORMATIVA,synthetic:handwritten-templates-v1,true,not_applicable,,not_human_reviewed,CONSULTA_INFORMATIVA:17,la cédula digital,Cartagena
syn-2000,"Disculpa, Oriéntame hacial canal oficial de atención del certificado de antecedentes judiciales en Cúcuta.",DERIVACION_ENTIDAD,synthetic:handwritten-templates-v1,true,not_applicable,,not_human_reviewed,DERIVACION_ENTIDAD:06,el certificado de antecedentes judiciales,Cúcuta
syn-1406,"Hola, La página de la corrección del registro civil no carga cuando entro desde Medellín.",REPORTE_PROBLEMA,synthetic:handwritten-templates-v1,true,not_applicable,,not_human_reviewed,REPORTE_PROBLEMA:01,la corrección del registro civil,Medellín
syn-0820,"Disculpa, Quiero abrir una gestión nueva de la inscripción del RUT en Barranquilla.",SOLICITUD_TRAMITE,synthetic:handwritten-templates-v1,true,not_applicable,,not_human_reviewed,SOLICITUD_TRAMITE:16,la inscripción del RUT,Barranquilla
syn-2030,"Por favor, ¿Hay una sede que atienda consultas sobre la consulta de historia laboral en Pereira?",DERIVACION_ENTIDAD,synthetic:handwritten-templates-v1,true,not_applicable,,not_human_reviewed,DERIVACION_ENTIDAD:07,la consulta de historia laboral,Pereira
syn-2171,Necesito comunicarme con la oficina encargada de la encuesta del Sisbén en Cúcuta.,DERIVACION_ENTIDAD,synthetic:handwritten-templates-v1,true,not_applicable,,not_human_reviewed,DERIVACION_ENTIDAD:13,la encuesta del Sisbén,Cúcuta
syn-0120,"Buenas tardes, ¿Hace falta una cita para la consulta de historia laboral en Pasto?",CONSULTA_INFORMATIVA,synthetic:handwritten-templates-v1,true,not_applicable,,not_human_reviewed,CONSULTA_INFORMATIVA:06,la consulta de historia laboral,Pasto
syn-1735,"Disculpa, Se cayó el portal cuando estaba con el pasaporte ordinario en Cali.",REPORTE_PROBLEMA,synthetic:handwritten-templates-v1,true,not_applicable,,not_human_reviewed,REPORTE_PROBLEMA:15,el pasaporte ordinario,Cali
syn-1725,Una preguntica: La pantalla de la presentación de PQRS en Cali queda en blanco.,REPORTE_PROBLEMA,synthetic:handwritten-templates-v1,true,not_applicable,,not_human_reviewed,REPORTE_PROBLEMA:14,la presentación de PQRS,Cali
syn-1071,"Buenas, ¿Ya respondieron mi petición de la encuesta del Sisbén en Bucaramanga?",VERIFICACION_ESTADO,synthetic:handwritten-templates-v1,true,not_applicable,,not_human_reviewed,VERIFICACION_ESTADO:06,la encuesta del Sisbén,Bucaramanga
syn-2080,Una preguntica: ¿A qué dependencia le corresponde la inscripción del RUT en Pereira?,DERIVACION_ENTIDAD,synthetic:handwritten-templates-v1,true,not_applicable,,not_human_reviewed,DERIVACION_ENTIDAD:09,la inscripción del RUT,Pereira
syn-1826,Una preguntica: La cita del certificado de antecedentes disciplinarios en Pasto desapareció del sistema.,REPORTE_PROBLEMA,synthetic:handwritten-templates-v1,true,not_applicable,,not_human_reviewed,REPORTE_PROBLEMA:19,el certificado de antecedentes disciplinarios,Pasto
syn-0778,Una preguntica: Quiero pasar de la información a la solicitud de la consulta de historia laboral en Pereira.,SOLICITUD_TRAMITE,synthetic:handwritten-templates-v1,true,not_applicable,,not_human_reviewed,SOLICITUD_TRAMITE:14,la consulta de historia laboral,Pereira
syn-1828,La cita de la cédula digital en Medellín desapareció del sistema.,REPORTE_PROBLEMA,synthetic:handwritten-templates-v1,true,not_applicable,,not_human_reviewed,REPORTE_PROBLEMA:19,la cédula digital,Medellín
syn-1416,"Hola, La página del certificado de afiliación a salud no carga cuando entro desde Villavicencio.",REPORTE_PROBLEMA,synthetic:handwritten-templates-v1,true,not_applicable,,not_human_reviewed,REPORTE_PROBLEMA:01,el certificado de afiliación a salud,Villavicencio
syn-1616,La plataforma muestra un error de conexión al hacer el certificado de antecedentes fiscales en Ibagué.,REPORTE_PROBLEMA,synthetic:handwritten-templates-v1,true,not_applicable,,not_human_reviewed,REPORTE_PROBLEMA:10,el certificado de antecedentes fiscales,Ibagué
syn-0214,"Buenas, ¿me colaboras? ¿Qué comprobantes debo llevar paral pasaporte ordinario en Bucaramanga?",CONSULTA_INFORMATIVA,synthetic:handwritten-templates-v1,true,not_applicable,,not_human_reviewed,CONSULTA_INFORMATIVA:10,el pasaporte ordinario,Bucaramanga
syn-0730,"Buenas tardes, Voy a diligenciar la solicitud de la renovación de la licencia de conducción en Ibagué.",SOLICITUD_TRAMITE,synthetic:handwritten-templates-v1,true,not_applicable,,not_human_reviewed,SOLICITUD_TRAMITE:12,la renovación de la licencia de conducción,Ibagué
syn-1059,¿Ya respondieron mi petición del certificado de antecedentes fiscales en Ibagué?,VERIFICACION_ESTADO,synthetic:handwritten-templates-v1,true,not_applicable,,not_human_reviewed,VERIFICACION_ESTADO:06,el certificado de antecedentes fiscales,Ibagué
syn-0962,"Por favor, Ya hice el certificado de antecedentes judiciales en Cúcuta, ¿cómo va la gestión?",VERIFICACION_ESTADO,synthetic:handwritten-templates-v1,true,not_applicable,,not_human_reviewed,VERIFICACION_ESTADO:02,el certificado de antecedentes judiciales,Cúcuta
syn-1089,"Me haces el favor: Presenté la actualización del RUT en Cartagena, ¿sigue en revisión?",VERIFICACION_ESTADO,synthetic:handwritten-templates-v1,true,not_applicable,,not_human_reviewed,VERIFICACION_ESTADO:07,la actualización del RUT,Cartagena
syn-0482,"Por favor, Quiero iniciar el pasaporte ordinario en Cali.",SOLICITUD_TRAMITE,synthetic:handwritten-templates-v1,true,not_applicable,,not_human_reviewed,SOLICITUD_TRAMITE:01,el pasaporte ordinario,Cali
syn-2173,"Buenas, Necesito comunicarme con la oficina encargada de la inscripción del RUT en Barranquilla.",DERIVACION_ENTIDAD,synthetic:handwritten-templates-v1,true,not_applicable,,not_human_reviewed,DERIVACION_ENTIDAD:13,la inscripción del RUT,Barranquilla
syn-1500,"Disculpa, El botón para continuar con la presentación de PQRS en Cali no funciona.",REPORTE_PROBLEMA,synthetic:handwritten-templates-v1,true,not_applicable,,not_human_reviewed,REPORTE_PROBLEMA:05,la presentación de PQRS,Cali
syn-2093,"Buenas, ¿me colaboras? Quiero hablar con un funcionario responsable de la consulta de historia laboral en Pasto.",DERIVACION_ENTIDAD,synthetic:handwritten-templates-v1,true,not_applicable,,not_human_reviewed,DERIVACION_ENTIDAD:10,la consulta de historia laboral,Pasto
syn-0048,"Buenos días, ¿Cuánto cuesta la cédula digital en Cartagena?",CONSULTA_INFORMATIVA,synthetic:handwritten-templates-v1,true,not_applicable,,not_human_reviewed,CONSULTA_INFORMATIVA:02,la cédula digital,Cartagena
syn-0135,¿Hace falta una cita para la actualización del RUT en Cartagena?,CONSULTA_INFORMATIVA,synthetic:handwritten-templates-v1,true,not_applicable,,not_human_reviewed,CONSULTA_INFORMATIVA:06,la actualización del RUT,Cartagena
syn-1167,Una preguntica: Quiero saber si ya está listo el resultado de la encuesta del Sisbén en Cúcuta.,VERIFICACION_ESTADO,synthetic:handwritten-templates-v1,true,not_applicable,,not_human_reviewed,VERIFICACION_ESTADO:10,la encuesta del Sisbén,Cúcuta
syn-2105,"Hola, Quiero hablar con un funcionario responsable del certificado de antecedentes judiciales en Villavicencio.",DERIVACION_ENTIDAD,synthetic:handwritten-templates-v1,true,not_applicable,,not_human_reviewed,DERIVACION_ENTIDAD:10,el certificado de antecedentes judiciales,Villavicencio
syn-1727,La pantalla del duplicado de la cédula en Bogotá queda en blanco.,REPORTE_PROBLEMA,synthetic:handwritten-templates-v1,true,not_applicable,,not_human_reviewed,REPORTE_PROBLEMA:14,el duplicado de la cédula,Bogotá
syn-1627,"Hola, La plataforma muestra un error de conexión al hacer el certificado de antecedentes judiciales en Villavicencio.",REPORTE_PROBLEMA,synthetic:handwritten-templates-v1,true,not_applicable,,not_human_reviewed,REPORTE_PROBLEMA:10,el certificado de antecedentes judiciales,Villavicencio
syn-1275,"Buenos días, ¿Mi solicitud anterior del registro civil de nacimiento en Bogotá continúa pendiente?",VERIFICACION_ESTADO,synthetic:handwritten-templates-v1,true,not_applicable,,not_human_reviewed,VERIFICACION_ESTADO:15,el registro civil de nacimiento,Bogotá
syn-0230,"Buenas tardes, ¿Qué comprobantes debo llevar para la encuesta del Sisbén en Cúcuta?",CONSULTA_INFORMATIVA,synthetic:handwritten-templates-v1,true,not_applicable,,not_human_reviewed,CONSULTA_INFORMATIVA:10,la encuesta del Sisbén,Cúcuta
syn-0435,¿Debo presentar originales o copias para la inscripción del RUT en Pereira?,CONSULTA_INFORMATIVA,synthetic:handwritten-templates-v1,true,not_applicable,,not_human_reviewed,CONSULTA_INFORMATIVA:19,la inscripción del RUT,Pereira
syn-1612,Una preguntica: El portal del duplicado de la cédula en Bogotá se cierra sin guardar.,REPORTE_PROBLEMA,synthetic:handwritten-templates-v1,true,not_applicable,,not_human_reviewed,REPORTE_PROBLEMA:09,el duplicado de la cédula,Bogotá
syn-1920,"Buenas, ¿Quién es el responsable institucional del duplicado de la cédula en Barranquilla?",DERIVACION_ENTIDAD,synthetic:handwritten-templates-v1,true,not_applicable,,not_human_reviewed,DERIVACION_ENTIDAD:03,el duplicado de la cédula,Barranquilla
syn-0761,"Por favor, Necesito el enlace para iniciar la actualización del RUT desde Cartagena.",SOLICITUD_TRAMITE,synthetic:handwritten-templates-v1,true,not_applicable,,not_human_reviewed,SOLICITUD_TRAMITE:13,la actualización del RUT,Cartagena
syn-1234,Una preguntica: Me dieron un comprobante de la consulta de historia laboral en Pereira; quiero revisar la gestión.,VERIFICACION_ESTADO,synthetic:handwritten-templates-v1,true,not_applicable,,not_human_reviewed,VERIFICACION_ESTADO:13,la consulta de historia laboral,Pereira
syn-1978,"Disculpa, ¿Con qué institución hablo sobre la corrección del registro civil en Medellín?",DERIVACION_ENTIDAD,synthetic:handwritten-templates-v1,true,not_applicable,,not_human_reviewed,DERIVACION_ENTIDAD:05,la corrección del registro civil,Medellín
syn-2315,"Buenas, ¿me colaboras? Busco atención presencial de la institución que lleva la presentación de PQRS en Cali.",DERIVACION_ENTIDAD,synthetic:handwritten-templates-v1,true,not_applicable,,not_human_reviewed,DERIVACION_ENTIDAD:19,la presentación de PQRS,Cali
syn-2079,Me haces el favor: ¿A qué dependencia le correspondel pasaporte ordinario en Bucaramanga?,DERIVACION_ENTIDAD,synthetic:handwritten-templates-v1,true,not_applicable,,not_human_reviewed,DERIVACION_ENTIDAD:09,el pasaporte ordinario,Bucaramanga
syn-2040,"Hola, Busco el contacto de la autoridad competente para la actualización del RUT en Manizales.",DERIVACION_ENTIDAD,synthetic:handwritten-templates-v1,true,not_applicable,,not_human_reviewed,DERIVACION_ENTIDAD:08,la actualización del RUT,Manizales
syn-0887,Una preguntica: Ya decidí hacer el duplicado de la cédula en Bogotá; orienta mi solicitud.,SOLICITUD_TRAMITE,synthetic:handwritten-templates-v1,true,not_applicable,,not_human_reviewed,SOLICITUD_TRAMITE:18,el duplicado de la cédula,Bogotá
syn-1922,"Buenos días, ¿Quién es el responsable institucional del registro civil de nacimiento en Bogotá?",DERIVACION_ENTIDAD,synthetic:handwritten-templates-v1,true,not_applicable,,not_human_reviewed,DERIVACION_ENTIDAD:03,el registro civil de nacimiento,Bogotá
syn-0045,"Hola, ¿Cuánto cuestal pasaporte ordinario en Bucaramanga?",CONSULTA_INFORMATIVA,synthetic:handwritten-templates-v1,true,not_applicable,,not_human_reviewed,CONSULTA_INFORMATIVA:02,el pasaporte ordinario,Bucaramanga
syn-0386,"Disculpa, ¿Cuáles son las etapas del certificado de afiliación a salud para alguien de Villavicencio?",CONSULTA_INFORMATIVA,synthetic:handwritten-templates-v1,true,not_applicable,,not_human_reviewed,CONSULTA_INFORMATIVA:17,el certificado de afiliación a salud,Villavicencio
syn-1085,"Por favor, Presenté la cédula digital en Medellín, ¿sigue en revisión?",VERIFICACION_ESTADO,synthetic:handwritten-templates-v1,true,not_applicable,,not_human_reviewed,VERIFICACION_ESTADO:07,la cédula digital,Medellín
syn-0666,Una preguntica: Quiero agendar el inicio de la encuesta del Sisbén en Cúcuta.,SOLICITUD_TRAMITE,synthetic:handwritten-templates-v1,true,not_applicable,,not_human_reviewed,SOLICITUD_TRAMITE:09,la encuesta del Sisbén,Cúcuta
syn-0465,"Una preguntica: Estoy averiguando cómo es la renovación de la licencia de conducción en Manizales, todavía no voy a iniciarlo.",CONSULTA_INFORMATIVA,synthetic:handwritten-templates-v1,true,not_applicable,,not_human_reviewed,CONSULTA_INFORMATIVA:20,la renovación de la licencia de conducción,Manizales
syn-2162,"Hola, Necesito comunicarme con la oficina encargada de la encuesta del Sisbén en Bucaramanga.",DERIVACION_ENTIDAD,synthetic:handwritten-templates-v1,true,not_applicable,,not_human_reviewed,DERIVACION_ENTIDAD:13,la encuesta del Sisbén,Bucaramanga
syn-0117,"Buenos días, ¿Se puede hacer la cédula digital por internet desde Medellín?",CONSULTA_INFORMATIVA,synthetic:handwritten-templates-v1,true,not_applicable,,not_human_reviewed,CONSULTA_INFORMATIVA:05,la cédula digital,Medellín
syn-0521,"Disculpa, Necesito hacer el pasaporte ordinario en Cali, ¿cómo empiezo?",SOLICITUD_TRAMITE,synthetic:handwritten-templates-v1,true,not_applicable,,not_human_reviewed,SOLICITUD_TRAMITE:03,el pasaporte ordinario,Cali
syn-1618,"Buenas, La plataforma muestra un error de conexión al hacer el pasaporte ordinario en Bucaramanga.",REPORTE_PROBLEMA,synthetic:handwritten-templates-v1,true,not_applicable,,not_human_reviewed,REPORTE_PROBLEMA:10,el pasaporte ordinario,Bucaramanga
syn-0573,"Buenos días, Quisiera presentar una solicitud de la renovación de la licencia de conducción en Ibagué.",SOLICITUD_TRAMITE,synthetic:handwritten-templates-v1,true,not_applicable,,not_human_reviewed,SOLICITUD_TRAMITE:05,la renovación de la licencia de conducción,Ibagué
syn-1248,¿Han actualizado el estado de mi petición de la cédula digital en Medellín?,VERIFICACION_ESTADO,synthetic:handwritten-templates-v1,true,not_applicable,,not_human_reviewed,VERIFICACION_ESTADO:14,la cédula digital,Medellín
syn-1052,"Disculpa, Tengo un radicado del certificado de antecedentes disciplinarios en Pasto y busco su estado.",VERIFICACION_ESTADO,synthetic:handwritten-templates-v1,true,not_applicable,,not_human_reviewed,VERIFICACION_ESTADO:05,el certificado de antecedentes disciplinarios,Pasto
syn-1012,"Buenas, ¿me colaboras? ¿Cómo hago seguimiento a mi solicitud existente de la actualización del RUT en Cartagena?",VERIFICACION_ESTADO,synthetic:handwritten-templates-v1,true,not_applicable,,not_human_reviewed,VERIFICACION_ESTADO:04,la actualización del RUT,Cartagena
syn-1226,Me dieron un comprobante de la cédula digital en Cartagena; quiero revisar la gestión.,VERIFICACION_ESTADO,synthetic:handwritten-templates-v1,true,not_applicable,,not_human_reviewed,VERIFICACION_ESTADO:13,la cédula digital,Cartagena
syn-2258,Me haces el favor: ¿Cómo contacto al área de atención ciudadana del duplicado de la cédula en Barranquilla?,DERIVACION_ENTIDAD,synthetic:handwritten-templates-v1,true,not_applicable,,not_human_reviewed,DERIVACION_ENTIDAD:17,el duplicado de la cédula,Barranquilla
syn-0147,¿Qué diferencia hay entre la atención presencial y virtual para la consulta de historia laboral en Pasto?,CONSULTA_INFORMATIVA,synthetic:handwritten-templates-v1,true,not_applicable,,not_human_reviewed,CONSULTA_INFORMATIVA:07,la consulta de historia laboral,Pasto
syn-0876,Me haces el favor: Ya decidí hacer la inscripción del RUT en Pereira; orienta mi solicitud.,SOLICITUD_TRAMITE,synthetic:handwritten-templates-v1,true,not_applicable,,not_human_reviewed,SOLICITUD_TRAMITE:18,la inscripción del RUT,Pereira
syn-0839,"Buenas tardes, Quiero abrir una gestión nueva de la corrección del registro civil en Medellín.",SOLICITUD_TRAMITE,synthetic:handwritten-templates-v1,true,not_applicable,,not_human_reviewed,SOLICITUD_TRAMITE:16,la corrección del registro civil,Medellín
syn-1879,"Disculpa, ¿Qué entidad atiendel pasaporte ordinario en Cali?",DERIVACION_ENTIDAD,synthetic:handwritten-templates-v1,true,not_applicable,,not_human_reviewed,DERIVACION_ENTIDAD:01,el pasaporte ordinario,Cali
syn-1233,Me haces el favor: Me dieron un comprobante del pasaporte ordinario en Cali; quiero revisar la gestión.,VERIFICACION_ESTADO,synthetic:handwritten-templates-v1,true,not_applicable,,not_human_reviewed,VERIFICACION_ESTADO:13,el pasaporte ordinario,Cali
syn-0362,"Buenos días, Vivo en Cartagena, ¿dónde leo los requisitos oficiales de la cédula digital?",CONSULTA_INFORMATIVA,synthetic:handwritten-templates-v1,true,not_applicable,,not_human_reviewed,CONSULTA_INFORMATIVA:16,la cédula digital,Cartagena
syn-0085,"Buenas tardes, Explícame los requisitos de la encuesta del Sisbén en Bucaramanga.",CONSULTA_INFORMATIVA,synthetic:handwritten-templates-v1,true,not_applicable,,not_human_reviewed,CONSULTA_INFORMATIVA:04,la encuesta del Sisbén,Bucaramanga
syn-1865,"Buenos días, Hay un problema: el portal del pasaporte ordinario en Cali no termina de procesar.",REPORTE_PROBLEMA,synthetic:handwritten-templates-v1,true,not_applicable,,not_human_reviewed,REPORTE_PROBLEMA:20,el pasaporte ordinario,Cali
syn-1852,"Hola, Hay un problema: el portal del certificado de antecedentes judiciales en Villavicencio no termina de procesar.",REPORTE_PROBLEMA,synthetic:handwritten-templates-v1,true,not_applicable,,not_human_reviewed,REPORTE_PROBLEMA:20,el certificado de antecedentes judiciales,Villavicencio
syn-1832,"Buenos días, La cita del certificado de antecedentes judiciales en Villavicencio desapareció del sistema.",REPORTE_PROBLEMA,synthetic:handwritten-templates-v1,true,not_applicable,,not_human_reviewed,REPORTE_PROBLEMA:19,el certificado de antecedentes judiciales,Villavicencio
syn-2112,"Buenas tardes, ¿Dónde me atiende una persona por el certificado de antecedentes disciplinarios en Pasto?",DERIVACION_ENTIDAD,synthetic:handwritten-templates-v1,true,not_applicable,,not_human_reviewed,DERIVACION_ENTIDAD:11,el certificado de antecedentes disciplinarios,Pasto
syn-1333,Me haces el favor: Necesito consultar si finalizaron el pasaporte ordinario que inicié en Cali.,VERIFICACION_ESTADO,synthetic:handwritten-templates-v1,true,not_applicable,,not_human_reviewed,VERIFICACION_ESTADO:17,el pasaporte ordinario,Cali
syn-0985,"Buenos días, Quiero consultar el avance de la actualización del RUT que radiqué en Cartagena.",VERIFICACION_ESTADO,synthetic:handwritten-templates-v1,true,not_applicable,,not_human_reviewed,VERIFICACION_ESTADO:03,la actualización del RUT,Cartagena
syn-0724,"Buenas, Es mi primera vez haciendo el certificado de antecedentes fiscales en Ibagué; quiero empezarlo.",SOLICITUD_TRAMITE,synthetic:handwritten-templates-v1,true,not_applicable,,not_human_reviewed,SOLICITUD_TRAMITE:11,el certificado de antecedentes fiscales,Ibagué
syn-0105,"Buenas, ¿Se puede hacer la corrección del registro civil por internet desde Medellín?",CONSULTA_INFORMATIVA,synthetic:handwritten-templates-v1,true,not_applicable,,not_human_reviewed,CONSULTA_INFORMATIVA:05,la corrección del registro civil,Medellín
syn-2259,Una preguntica: ¿Cómo contacto al área de atención ciudadana del pasaporte ordinario en Cali?,DERIVACION_ENTIDAD,synthetic:handwritten-templates-v1,true,not_applicable,,not_human_reviewed,DERIVACION_ENTIDAD:17,el pasaporte ordinario,Cali
syn-1501,Me haces el favor: El botón para continuar con el pasaporte ordinario en Cali no funciona.,REPORTE_PROBLEMA,synthetic:handwritten-templates-v1,true,not_applicable,,not_human_reviewed,REPORTE_PROBLEMA:05,el pasaporte ordinario,Cali
syn-0701,"Hola, ¿Me ayudas a arrancar con el certificado de antecedentes judiciales en Villavicencio?",SOLICITUD_TRAMITE,synthetic:handwritten-templates-v1,true,not_applicable,,not_human_reviewed,SOLICITUD_TRAMITE:10,el certificado de antecedentes judiciales,Villavicencio
syn-0651,"Buenas tardes, Indícame cómo radicar una nueva solicitud de la consulta de historia laboral en Pereira.",SOLICITUD_TRAMITE,synthetic:handwritten-templates-v1,true,not_applicable,,not_human_reviewed,SOLICITUD_TRAMITE:08,la consulta de historia laboral,Pereira
syn-2029,"Buenas, ¿Hay una sede que atienda consultas sobre el duplicado de la cédula en Bogotá?",DERIVACION_ENTIDAD,synthetic:handwritten-templates-v1,true,not_applicable,,not_human_reviewed,DERIVACION_ENTIDAD:07,el duplicado de la cédula,Bogotá
syn-0284,"Buenas, Me explicas en palabras sencillas en qué consiste la cédula digital en Medellín.",CONSULTA_INFORMATIVA,synthetic:handwritten-templates-v1,true,not_applicable,,not_human_reviewed,CONSULTA_INFORMATIVA:13,la cédula digital,Medellín
syn-0559,"Buenas, Voy a gestionar el certificado de afiliación a salud en Villavicencio y busco el primer paso.",SOLICITUD_TRAMITE,synthetic:handwritten-templates-v1,true,not_applicable,,not_human_reviewed,SOLICITUD_TRAMITE:04,el certificado de afiliación a salud,Villavicencio
syn-1902,"Disculpa, ¿A cuál oficina debo dirigirme por la presentación de PQRS en Cali?",DERIVACION_ENTIDAD,synthetic:handwritten-templates-v1,true,not_applicable,,not_human_reviewed,DERIVACION_ENTIDAD:02,la presentación de PQRS,Cali
syn-0221,"Disculpa, ¿Qué comprobantes debo llevar para la corrección del registro civil en Medellín?",CONSULTA_INFORMATIVA,synthetic:handwritten-templates-v1,true,not_applicable,,not_human_reviewed,CONSULTA_INFORMATIVA:10,la corrección del registro civil,Medellín
syn-1871,Hay un problema: el portal de la inscripción del RUT en Barranquilla no termina de procesar.,REPORTE_PROBLEMA,synthetic:handwritten-templates-v1,true,not_applicable,,not_human_reviewed,REPORTE_PROBLEMA:20,la inscripción del RUT,Barranquilla
syn-1308,"Buenas tardes, Ya envié los documentos del certificado de afiliación a salud en Villavicencio; busco la respuesta.",VERIFICACION_ESTADO,synthetic:handwritten-templates-v1,true,not_applicable,,not_human_reviewed,VERIFICACION_ESTADO:16,el certificado de afiliación a salud,Villavicencio
syn-0919,"Buenos días, Estoy listo para tramitar el duplicado de la cédula en Bogotá, ¿cuál es el paso inicial?",SOLICITUD_TRAMITE,synthetic:handwritten-templates-v1,true,not_applicable,,not_human_reviewed,SOLICITUD_TRAMITE:20,el duplicado de la cédula,Bogotá
syn-0159,"Buenas, ¿Qué diferencia hay entre la atención presencial y virtual para la corrección del registro civil en Medellín?",CONSULTA_INFORMATIVA,synthetic:handwritten-templates-v1,true,not_applicable,,not_human_reviewed,CONSULTA_INFORMATIVA:07,la corrección del registro civil,Medellín
syn-2100,"Disculpa, Quiero hablar con un funcionario responsable de la presentación de PQRS en Cali.",DERIVACION_ENTIDAD,synthetic:handwritten-templates-v1,true,not_applicable,,not_human_reviewed,DERIVACION_ENTIDAD:10,la presentación de PQRS,Cali
syn-2230,"Hola, Quiero la dirección de la sede competente para la consulta de historia laboral en Pasto.",DERIVACION_ENTIDAD,synthetic:handwritten-templates-v1,true,not_applicable,,not_human_reviewed,DERIVACION_ENTIDAD:16,la consulta de historia laboral,Pasto
syn-0903,"Hola, Por favor, guíame para solicitar la cédula digital en Cartagena.",SOLICITUD_TRAMITE,synthetic:handwritten-templates-v1,true,not_applicable,,not_human_reviewed,SOLICITUD_TRAMITE:19,la cédula digital,Cartagena
syn-0864,Una preguntica: Busco comenzar la renovación de la licencia de conducción por el canal oficial de Manizales.,SOLICITUD_TRAMITE,synthetic:handwritten-templates-v1,true,not_applicable,,not_human_reviewed,SOLICITUD_TRAMITE:17,la renovación de la licencia de conducción,Manizales
syn-0620,Me haces el favor: Me interesa realizar la renovación de la licencia de conducción en Ibagué ahora.,SOLICITUD_TRAMITE,synthetic:handwritten-templates-v1,true,not_applicable,,not_human_reviewed,SOLICITUD_TRAMITE:07,la renovación de la licencia de conducción,Ibagué
syn-0799,Me haces el favor: Tengo los documentos listos y voy a empezar la actualización del RUT en Cartagena.,SOLICITUD_TRAMITE,synthetic:handwritten-templates-v1,true,not_applicable,,not_human_reviewed,SOLICITUD_TRAMITE:15,la actualización del RUT,Cartagena
syn-1916,¿A cuál oficina debo dirigirme por la corrección del registro civil en Medellín?,DERIVACION_ENTIDAD,synthetic:handwritten-templates-v1,true,not_applicable,,not_human_reviewed,DERIVACION_ENTIDAD:02,la corrección del registro civil,Medellín
syn-0226,"Hola, ¿Qué comprobantes debo llevar paral certificado de antecedentes judiciales en Villavicencio?",CONSULTA_INFORMATIVA,synthetic:handwritten-templates-v1,true,not_applicable,,not_human_reviewed,CONSULTA_INFORMATIVA:10,el certificado de antecedentes judiciales,Villavicencio
syn-2182,"Buenas, ¿me colaboras? ¿Me remites a la entidad que manejal certificado de antecedentes disciplinarios en Pasto?",DERIVACION_ENTIDAD,synthetic:handwritten-templates-v1,true,not_applicable,,not_human_reviewed,DERIVACION_ENTIDAD:14,el certificado de antecedentes disciplinarios,Pasto
syn-1692,Una preguntica: El código de verificación del certificado de afiliación a salud en Villavicencio no llega.,REPORTE_PROBLEMA,synthetic:handwritten-templates-v1,true,not_applicable,,not_human_reviewed,REPORTE_PROBLEMA:13,el certificado de afiliación a salud,Villavicencio
syn-2261,¿Cómo contacto al área de atención ciudadana del duplicado de la cédula en Bogotá?,DERIVACION_ENTIDAD,synthetic:handwritten-templates-v1,true,not_applicable,,not_human_reviewed,DERIVACION_ENTIDAD:17,el duplicado de la cédula,Bogotá
syn-1343,"Buenas tardes, ¿Cómo veo el resultado de mi solicitud registrada del pasaporte ordinario en Bucaramanga?",VERIFICACION_ESTADO,synthetic:handwritten-templates-v1,true,not_applicable,,not_human_reviewed,VERIFICACION_ESTADO:18,el pasaporte ordinario,Bucaramanga
syn-0222,Me haces el favor: ¿Qué comprobantes debo llevar para la consulta de historia laboral en Pereira?,CONSULTA_INFORMATIVA,synthetic:handwritten-templates-v1,true,not_applicable,,not_human_reviewed,CONSULTA_INFORMATIVA:10,la consulta de historia laboral,Pereira
syn-1563,"Buenos días, Se borró la información mientras hacíal certificado de antecedentes judiciales en Cúcuta.",REPORTE_PROBLEMA,synthetic:handwritten-templates-v1,true,not_applicable,,not_human_reviewed,REPORTE_PROBLEMA:07,el certificado de antecedentes judiciales,Cúcuta
syn-2224,"Buenas tardes, Quiero la dirección de la sede competente para la cédula digital en Cartagena.",DERIVACION_ENTIDAD,synthetic:handwritten-templates-v1,true,not_applicable,,not_human_reviewed,DERIVACION_ENTIDAD:16,la cédula digital,Cartagena
syn-1429,"Buenas, Me sale un error al llenar el formulario de la encuesta del Sisbén en Cúcuta.",REPORTE_PROBLEMA,synthetic:handwritten-templates-v1,true,not_applicable,,not_human_reviewed,REPORTE_PROBLEMA:02,la encuesta del Sisbén,Cúcuta
syn-0419,"Disculpa, ¿Hay una guía para entender la cédula digital en Medellín?",CONSULTA_INFORMATIVA,synthetic:handwritten-templates-v1,true,not_applicable,,not_human_reviewed,CONSULTA_INFORMATIVA:18,la cédula digital,Medellín
syn-2181,Una preguntica: ¿Me remites a la entidad que maneja la corrección del registro civil en Medellín?,DERIVACION_ENTIDAD,synthetic:handwritten-templates-v1,true,not_applicable,,not_human_reviewed,DERIVACION_ENTIDAD:14,la corrección del registro civil,Medellín
syn-0524,"Buenas, ¿me colaboras? Necesito hacer la consulta de historia laboral en Pereira, ¿cómo empiezo?",SOLICITUD_TRAMITE,synthetic:handwritten-templates-v1,true,not_applicable,,not_human_reviewed,SOLICITUD_TRAMITE:03,la consulta de historia laboral,Pereira
syn-0514,"Buenas, Ayúdame a tramitar la renovación de la licencia de conducción desde Ibagué.",SOLICITUD_TRAMITE,synthetic:handwritten-templates-v1,true,not_applicable,,not_human_reviewed,SOLICITUD_TRAMITE:02,la renovación de la licencia de conducción,Ibagué
syn-0688,Una preguntica: ¿Me ayudas a arrancar con el certificado de antecedentes judiciales en Cúcuta?,SOLICITUD_TRAMITE,synthetic:handwritten-templates-v1,true,not_applicable,,not_human_reviewed,SOLICITUD_TRAMITE:10,el certificado de antecedentes judiciales,Cúcuta
syn-1941,"Por favor, ¿Quién es el responsable institucional de la encuesta del Sisbén en Cúcuta?",DERIVACION_ENTIDAD,synthetic:handwritten-templates-v1,true,not_applicable,,not_human_reviewed,DERIVACION_ENTIDAD:03,la encuesta del Sisbén,Cúcuta
syn-1633,Me haces el favor: La plataforma muestra un error de conexión al hacer la actualización del RUT en Manizales.,REPORTE_PROBLEMA,synthetic:handwritten-templates-v1,true,not_applicable,,not_human_reviewed,REPORTE_PROBLEMA:10,la actualización del RUT,Manizales
syn-2005,"Hola, Oriéntame hacial canal oficial de atención de la actualización del RUT en Manizales.",DERIVACION_ENTIDAD,synthetic:handwritten-templates-v1,true,not_applicable,,not_human_reviewed,DERIVACION_ENTIDAD:06,la actualización del RUT,Manizales
syn-1948,Una preguntica: Quiero contactar a la entidad encargada del certificado de antecedentes disciplinarios en Pasto.,DERIVACION_ENTIDAD,synthetic:handwritten-templates-v1,true,not_applicable,,not_human_reviewed,DERIVACION_ENTIDAD:04,el certificado de antecedentes disciplinarios,Pasto
syn-0338,"Buenas, ¿Qué datos pidel formulario de la renovación de la licencia de conducción en Manizales?",CONSULTA_INFORMATIVA,synthetic:handwritten-templates-v1,true,not_applicable,,not_human_reviewed,CONSULTA_INFORMATIVA:15,la renovación de la licencia de conducción,Manizales
syn-1513,"Buenas, ¿me colaboras? El botón para continuar con la renovación de la licencia de conducción en Manizales no funciona.",REPORTE_PROBLEMA,synthetic:handwritten-templates-v1,true,not_applicable,,not_human_reviewed,REPORTE_PROBLEMA:05,la renovación de la licencia de conducción,Manizales
syn-1827,"Buenas, ¿me colaboras? La cita de la consulta de historia laboral en Pereira desapareció del sistema.",REPORTE_PROBLEMA,synthetic:handwritten-templates-v1,true,not_applicable,,not_human_reviewed,REPORTE_PROBLEMA:19,la consulta de historia laboral,Pereira
syn-1793,Aparece un cobro repetido durante el registro civil de nacimiento en Bogotá.,REPORTE_PROBLEMA,synthetic:handwritten-templates-v1,true,not_applicable,,not_human_reviewed,REPORTE_PROBLEMA:17,el registro civil de nacimiento,Bogotá
syn-1324,Una preguntica: Necesito consultar si finalizaron el certificado de antecedentes fiscales que inicié en Ibagué.,VERIFICACION_ESTADO,synthetic:handwritten-templates-v1,true,not_applicable,,not_human_reviewed,VERIFICACION_ESTADO:17,el certificado de antecedentes fiscales,Ibagué
syn-1551,"Buenas, Se borró la información mientras hacía la inscripción del RUT en Pereira.",REPORTE_PROBLEMA,synthetic:handwritten-templates-v1,true,not_applicable,,not_human_reviewed,REPORTE_PROBLEMA:07,la inscripción del RUT,Pereira
syn-0261,"Buenas, ¿Hay algún pago relacionado con la corrección del registro civil en Medellín?",CONSULTA_INFORMATIVA,synthetic:handwritten-templates-v1,true,not_applicable,,not_human_reviewed,CONSULTA_INFORMATIVA:12,la corrección del registro civil,Medellín
syn-0544,Me haces el favor: Voy a gestionar la cédula digital en Cartagena y busco el primer paso.,SOLICITUD_TRAMITE,synthetic:handwritten-templates-v1,true,not_applicable,,not_human_reviewed,SOLICITUD_TRAMITE:04,la cédula digital,Cartagena
syn-2065,"Por favor, ¿A qué dependencia le corresponde la consulta de historia laboral en Pasto?",DERIVACION_ENTIDAD,synthetic:handwritten-templates-v1,true,not_applicable,,not_human_reviewed,DERIVACION_ENTIDAD:09,la consulta de historia laboral,Pasto
syn-0168,"Buenas, ¿me colaboras? Antes de empezar, quiero conocer los pasos de la inscripción del RUT en Pereira.",CONSULTA_INFORMATIVA,synthetic:handwritten-templates-v1,true,not_applicable,,not_human_reviewed,CONSULTA_INFORMATIVA:08,la inscripción del RUT,Pereira
syn-0321,Me haces el favor: ¿Las condiciones del certificado de antecedentes judiciales son las mismas para todos en Villavicencio?,CONSULTA_INFORMATIVA,synthetic:handwritten-templates-v1,true,not_applicable,,not_human_reviewed,CONSULTA_INFORMATIVA:14,el certificado de antecedentes judiciales,Villavicencio
syn-1499,"Buenas tardes, El botón para continuar con el duplicado de la cédula en Bogotá no funciona.",REPORTE_PROBLEMA,synthetic:handwritten-templates-v1,true,not_applicable,,not_human_reviewed,REPORTE_PROBLEMA:05,el duplicado de la cédula,Bogotá
syn-1058,"Buenas, ¿me colaboras? ¿Ya respondieron mi petición del pasaporte ordinario en Cali?",VERIFICACION_ESTADO,synthetic:handwritten-templates-v1,true,not_applicable,,not_human_reviewed,VERIFICACION_ESTADO:06,el pasaporte ordinario,Cali
syn-0462,"Buenas tardes, Estoy averiguando cómo es el pasaporte ordinario en Bucaramanga, todavía no voy a iniciarlo.",CONSULTA_INFORMATIVA,synthetic:handwritten-templates-v1,true,not_applicable,,not_human_reviewed,CONSULTA_INFORMATIVA:20,el pasaporte ordinario,Bucaramanga
syn-0589,Una preguntica: Deseo comenzar el proceso de la inscripción del RUT en Pereira.,SOLICITUD_TRAMITE,synthetic:handwritten-templates-v1,true,not_applicable,,not_human_reviewed,SOLICITUD_TRAMITE:06,la inscripción del RUT,Pereira
syn-0873,"Buenos días, Ya decidí hacer la consulta de historia laboral en Pasto; orienta mi solicitud.",SOLICITUD_TRAMITE,synthetic:handwritten-templates-v1,true,not_applicable,,not_human_reviewed,SOLICITUD_TRAMITE:18,la consulta de historia laboral,Pasto
syn-0137,"Buenas, ¿Hace falta una cita para la inscripción del RUT en Pereira?",CONSULTA_INFORMATIVA,synthetic:handwritten-templates-v1,true,not_applicable,,not_human_reviewed,CONSULTA_INFORMATIVA:06,la inscripción del RUT,Pereira
syn-2121,"Buenos días, ¿Dónde me atiende una persona por la actualización del RUT en Cartagena?",DERIVACION_ENTIDAD,synthetic:handwritten-templates-v1,true,not_applicable,,not_human_reviewed,DERIVACION_ENTIDAD:11,la actualización del RUT,Cartagena
syn-0772,"Buenos días, Necesito el enlace para iniciar la consulta de historia laboral desde Pereira.",SOLICITUD_TRAMITE,synthetic:handwritten-templates-v1,true,not_applicable,,not_human_reviewed,SOLICITUD_TRAMITE:13,la consulta de historia laboral,Pereira
syn-1491,Intenté pagar el pasaporte ordinario en Bucaramanga y el portal rechazó la operación.,REPORTE_PROBLEMA,synthetic:handwritten-templates-v1,true,not_applicable,,not_human_reviewed,REPORTE_PROBLEMA:04,el pasaporte ordinario,Bucaramanga
syn-0855,"Buenas, ¿me colaboras? Busco comenzar el pasaporte ordinario por el canal oficial de Bucaramanga.",SOLICITUD_TRAMITE,synthetic:handwritten-templates-v1,true,not_applicable,,not_human_reviewed,SOLICITUD_TRAMITE:17,el pasaporte ordinario,Bucaramanga
syn-0520,"Buenas tardes, Necesito hacer la actualización del RUT en Manizales, ¿cómo empiezo?",SOLICITUD_TRAMITE,synthetic:handwritten-templates-v1,true,not_applicable,,not_human_reviewed,SOLICITUD_TRAMITE:03,la actualización del RUT,Manizales
syn-1640,"Hola, El formulario de la consulta de historia laboral en Pasto rechaza datos que son correctos.",REPORTE_PROBLEMA,synthetic:handwritten-templates-v1,true,not_applicable,,not_human_reviewed,REPORTE_PROBLEMA:11,la consulta de historia laboral,Pasto
syn-1791,Una preguntica: Aparece un cobro repetido durante el certificado de antecedentes judiciales en Cúcuta.,REPORTE_PROBLEMA,synthetic:handwritten-templates-v1,true,not_applicable,,not_human_reviewed,REPORTE_PROBLEMA:17,el certificado de antecedentes judiciales,Cúcuta
syn-0409,"Disculpa, ¿Hay una guía para entender la inscripción del RUT en Pereira?",CONSULTA_INFORMATIVA,synthetic:handwritten-templates-v1,true,not_applicable,,not_human_reviewed,CONSULTA_INFORMATIVA:18,la inscripción del RUT,Pereira
syn-1320,"Buenos días, Necesito consultar si finalizaron la renovación de la licencia de conducción que inicié en Manizales.",VERIFICACION_ESTADO,synthetic:handwritten-templates-v1,true,not_applicable,,not_human_reviewed,VERIFICACION_ESTADO:17,la renovación de la licencia de conducción,Manizales
syn-0596,"Buenas tardes, Deseo comenzar el proceso de la actualización del RUT en Cartagena.",SOLICITUD_TRAMITE,synthetic:handwritten-templates-v1,true,not_applicable,,not_human_reviewed,SOLICITUD_TRAMITE:06,la actualización del RUT,Cartagena
syn-0712,Es mi primera vez haciendo el certificado de antecedentes judiciales en Villavicencio; quiero empezarlo.,SOLICITUD_TRAMITE,synthetic:handwritten-templates-v1,true,not_applicable,,not_human_reviewed,SOLICITUD_TRAMITE:11,el certificado de antecedentes judiciales,Villavicencio
syn-1859,Una preguntica: Hay un problema: el portal de la consulta de historia laboral en Pasto no termina de procesar.,REPORTE_PROBLEMA,synthetic:handwritten-templates-v1,true,not_applicable,,not_human_reviewed,REPORTE_PROBLEMA:20,la consulta de historia laboral,Pasto
syn-1590,"Buenas, ¿me colaboras? El enlace del duplicado de la cédula para Barranquilla está roto.",REPORTE_PROBLEMA,synthetic:handwritten-templates-v1,true,not_applicable,,not_human_reviewed,REPORTE_PROBLEMA:08,el duplicado de la cédula,Barranquilla
syn-2032,"Buenas tardes, ¿Hay una sede que atienda consultas sobre la consulta de historia laboral en Pasto?",DERIVACION_ENTIDAD,synthetic:handwritten-templates-v1,true,not_applicable,,not_human_reviewed,DERIVACION_ENTIDAD:07,la consulta de historia laboral,Pasto
syn-1164,"Buenas tardes, Quiero saber si ya está listo el resultado del duplicado de la cédula en Bogotá.",VERIFICACION_ESTADO,synthetic:handwritten-templates-v1,true,not_applicable,,not_human_reviewed,VERIFICACION_ESTADO:10,el duplicado de la cédula,Bogotá
syn-1870,"Buenas, ¿me colaboras? Hay un problema: el portal del certificado de antecedentes disciplinarios en Pasto no termina de procesar.",REPORTE_PROBLEMA,synthetic:handwritten-templates-v1,true,not_applicable,,not_human_reviewed,REPORTE_PROBLEMA:20,el certificado de antecedentes disciplinarios,Pasto
syn-0705,"Por favor, Es mi primera vez haciendo la corrección del registro civil en Medellín; quiero empezarlo.",SOLICITUD_TRAMITE,synthetic:handwritten-templates-v1,true,not_applicable,,not_human_reviewed,SOLICITUD_TRAMITE:11,la corrección del registro civil,Medellín
syn-0432,Me haces el favor: ¿Debo presentar originales o copias para la inscripción del RUT en Barranquilla?,CONSULTA_INFORMATIVA,synthetic:handwritten-templates-v1,true,not_applicable,,not_human_reviewed,CONSULTA_INFORMATIVA:19,la inscripción del RUT,Barranquilla
syn-0909,"Me haces el favor: Por favor, guíame para solicitar el pasaporte ordinario en Bucaramanga.",SOLICITUD_TRAMITE,synthetic:handwritten-templates-v1,true,not_applicable,,not_human_reviewed,SOLICITUD_TRAMITE:19,el pasaporte ordinario,Bucaramanga
syn-0591,Deseo comenzar el proceso de la encuesta del Sisbén en Cúcuta.,SOLICITUD_TRAMITE,synthetic:handwritten-templates-v1,true,not_applicable,,not_human_reviewed,SOLICITUD_TRAMITE:06,la encuesta del Sisbén,Cúcuta
syn-0059,"Buenas, ¿Cuál es el plazo habitual del pasaporte ordinario en Bucaramanga?",CONSULTA_INFORMATIVA,synthetic:handwritten-templates-v1,true,not_applicable,,not_human_reviewed,CONSULTA_INFORMATIVA:03,el pasaporte ordinario,Bucaramanga
syn-1495,"Buenos días, Intenté pagar el registro civil de nacimiento en Bogotá y el portal rechazó la operación.",REPORTE_PROBLEMA,synthetic:handwritten-templates-v1,true,not_applicable,,not_human_reviewed,REPORTE_PROBLEMA:04,el registro civil de nacimiento,Bogotá
syn-0643,Me haces el favor: Indícame cómo radicar una nueva solicitud de la inscripción del RUT en Pereira.,SOLICITUD_TRAMITE,synthetic:handwritten-templates-v1,true,not_applicable,,not_human_reviewed,SOLICITUD_TRAMITE:08,la inscripción del RUT,Pereira
syn-0534,"Buenas, ¿me colaboras? Necesito hacer el certificado de antecedentes judiciales en Cúcuta, ¿cómo empiezo?",SOLICITUD_TRAMITE,synthetic:handwritten-templates-v1,true,not_applicable,,not_human_reviewed,SOLICITUD_TRAMITE:03,el certificado de antecedentes judiciales,Cúcuta
syn-1478,Me haces el favor: Intenté pagar el certificado de antecedentes disciplinarios en Pasto y el portal rechazó la operación.,REPORTE_PROBLEMA,synthetic:handwritten-templates-v1,true,not_applicable,,not_human_reviewed,REPORTE_PROBLEMA:04,el certificado de antecedentes disciplinarios,Pasto
syn-1204,¿Dónde miro la respuesta a mi radicación de la corrección del registro civil en Medellín?,VERIFICACION_ESTADO,synthetic:handwritten-templates-v1,true,not_applicable,,not_human_reviewed,VERIFICACION_ESTADO:12,la corrección del registro civil,Medellín
syn-1212,Una preguntica: ¿Dónde miro la respuesta a mi radicación de la actualización del RUT en Cartagena?,VERIFICACION_ESTADO,synthetic:handwritten-templates-v1,true,not_applicable,,not_human_reviewed,VERIFICACION_ESTADO:12,la actualización del RUT,Cartagena
syn-0043,"Buenas, ¿me colaboras? ¿Cuánto cuestal certificado de afiliación a salud en Villavicencio?",CONSULTA_INFORMATIVA,synthetic:handwritten-templates-v1,true,not_applicable,,not_human_reviewed,CONSULTA_INFORMATIVA:02,el certificado de afiliación a salud,Villavicencio
syn-0402,"Buenas, ¿me colaboras? ¿Hay una guía para entender la renovación de la licencia de conducción en Manizales?",CONSULTA_INFORMATIVA,synthetic:handwritten-templates-v1,true,not_applicable,,not_human_reviewed,CONSULTA_INFORMATIVA:18,la renovación de la licencia de conducción,Manizales
syn-2264,"Por favor, ¿Cómo contacto al área de atención ciudadana del certificado de antecedentes judiciales en Villavicencio?",DERIVACION_ENTIDAD,synthetic:handwritten-templates-v1,true,not_applicable,,not_human_reviewed,DERIVACION_ENTIDAD:17,el certificado de antecedentes judiciales,Villavicencio
syn-0297,"Buenas tardes, Me explicas en palabras sencillas en qué consiste el registro civil de nacimiento en Bogotá.",CONSULTA_INFORMATIVA,synthetic:handwritten-templates-v1,true,not_applicable,,not_human_reviewed,CONSULTA_INFORMATIVA:13,el registro civil de nacimiento,Bogotá
syn-1816,"Hola, No me deja ingresar a la plataforma de la encuesta del Sisbén en Cúcuta.",REPORTE_PROBLEMA,synthetic:handwritten-templates-v1,true,not_applicable,,not_human_reviewed,REPORTE_PROBLEMA:18,la encuesta del Sisbén,Cúcuta
syn-0908,"Disculpa, Por favor, guíame para solicitar el duplicado de la cédula en Bogotá.",SOLICITUD_TRAMITE,synthetic:handwritten-templates-v1,true,not_applicable,,not_human_reviewed,SOLICITUD_TRAMITE:19,el duplicado de la cédula,Bogotá
syn-0294,"Buenas, Me explicas en palabras sencillas en qué consiste la encuesta del Sisbén en Cúcuta.",CONSULTA_INFORMATIVA,synthetic:handwritten-templates-v1,true,not_applicable,,not_human_reviewed,CONSULTA_INFORMATIVA:13,la encuesta del Sisbén,Cúcuta
syn-0957,¿En qué estado está mi solicitud de la cédula digital presentada en Cartagena?,VERIFICACION_ESTADO,synthetic:handwritten-templates-v1,true,not_applicable,,not_human_reviewed,VERIFICACION_ESTADO:01,la cédula digital,Cartagena
syn-1433,"Disculpa, Me sale un error al llenar el formulario de la consulta de historia laboral en Pereira.",REPORTE_PROBLEMA,synthetic:handwritten-templates-v1,true,not_applicable,,not_human_reviewed,REPORTE_PROBLEMA:02,la consulta de historia laboral,Pereira
syn-0149,"Buenas, ¿Qué diferencia hay entre la atención presencial y virtual paral certificado de antecedentes disciplinarios en Pasto?",CONSULTA_INFORMATIVA,synthetic:handwritten-templates-v1,true,not_applicable,,not_human_reviewed,CONSULTA_INFORMATIVA:07,el certificado de antecedentes disciplinarios,Pasto
syn-1855,"Buenos días, Hay un problema: el portal del duplicado de la cédula en Barranquilla no termina de procesar.",REPORTE_PROBLEMA,synthetic:handwritten-templates-v1,true,not_applicable,,not_human_reviewed,REPORTE_PROBLEMA:20,el duplicado de la cédula,Barranquilla
syn-1199,"Buenas tardes, ¿Dónde miro la respuesta a mi radicación de la inscripción del RUT en Barranquilla?",VERIFICACION_ESTADO,synthetic:handwritten-templates-v1,true,not_applicable,,not_human_reviewed,VERIFICACION_ESTADO:12,la inscripción del RUT,Barranquilla
syn-0532,"Me haces el favor: Necesito hacer el certificado de antecedentes judiciales en Villavicencio, ¿cómo empiezo?",SOLICITUD_TRAMITE,synthetic:handwritten-templates-v1,true,not_applicable,,not_human_reviewed,SOLICITUD_TRAMITE:03,el certificado de antecedentes judiciales,Villavicencio
syn-1475,"Buenos días, Intenté pagar la cédula digital en Medellín y el portal rechazó la operación.",REPORTE_PROBLEMA,synthetic:handwritten-templates-v1,true,not_applicable,,not_human_reviewed,REPORTE_PROBLEMA:04,la cédula digital,Medellín
syn-1621,"Buenas tardes, La plataforma muestra un error de conexión al hacer el certificado de antecedentes judiciales en Cúcuta.",REPORTE_PROBLEMA,synthetic:handwritten-templates-v1,true,not_applicable,,not_human_reviewed,REPORTE_PROBLEMA:10,el certificado de antecedentes judiciales,Cúcuta
syn-0258,"Hola, Busco información general sobre la renovación de la licencia de conducción en Ibagué.",CONSULTA_INFORMATIVA,synthetic:handwritten-templates-v1,true,not_applicable,,not_human_reviewed,CONSULTA_INFORMATIVA:11,la renovación de la licencia de conducción,Ibagué
syn-0695,"Buenas tardes, ¿Me ayudas a arrancar con el duplicado de la cédula en Bogotá?",SOLICITUD_TRAMITE,synthetic:handwritten-templates-v1,true,not_applicable,,not_human_reviewed,SOLICITUD_TRAMITE:10,el duplicado de la cédula,Bogotá
syn-0542,"Buenas tardes, Voy a gestionar la actualización del RUT en Cartagena y busco el primer paso.",SOLICITUD_TRAMITE,synthetic:handwritten-templates-v1,true,not_applicable,,not_human_reviewed,SOLICITUD_TRAMITE:04,la actualización del RUT,Cartagena
syn-0295,"Por favor, Me explicas en palabras sencillas en qué consiste la consulta de historia laboral en Pasto.",CONSULTA_INFORMATIVA,synthetic:handwritten-templates-v1,true,not_applicable,,not_human_reviewed,CONSULTA_INFORMATIVA:13,la consulta de historia laboral,Pasto
syn-1145,Una preguntica: ¿Puedo revisar el progreso del certificado de afiliación a salud que entregué en Villavicencio?,VERIFICACION_ESTADO,synthetic:handwritten-templates-v1,true,not_applicable,,not_human_reviewed,VERIFICACION_ESTADO:09,el certificado de afiliación a salud,Villavicencio
syn-1588,Me haces el favor: El enlace de la renovación de la licencia de conducción para Ibagué está roto.,REPORTE_PROBLEMA,synthetic:handwritten-templates-v1,true,not_applicable,,not_human_reviewed,REPORTE_PROBLEMA:08,la renovación de la licencia de conducción,Ibagué
syn-1979,Me haces el favor: ¿Con qué institución hablo sobre la renovación de la licencia de conducción en Ibagué?,DERIVACION_ENTIDAD,synthetic:handwritten-templates-v1,true,not_applicable,,not_human_reviewed,DERIVACION_ENTIDAD:05,la renovación de la licencia de conducción,Ibagué
syn-1083,"Hola, Presenté el certificado de antecedentes disciplinarios en Pasto, ¿sigue en revisión?",VERIFICACION_ESTADO,synthetic:handwritten-templates-v1,true,not_applicable,,not_human_reviewed,VERIFICACION_ESTADO:07,el certificado de antecedentes disciplinarios,Pasto
syn-0959,"Buenas, ¿En qué estado está mi solicitud del certificado de afiliación a salud presentada en Villavicencio?",VERIFICACION_ESTADO,synthetic:handwritten-templates-v1,true,not_applicable,,not_human_reviewed,VERIFICACION_ESTADO:01,el certificado de afiliación a salud,Villavicencio
syn-1592,Una preguntica: El portal del certificado de antecedentes fiscales en Ibagué se cierra sin guardar.,REPORTE_PROBLEMA,synthetic:handwritten-templates-v1,true,not_applicable,,not_human_reviewed,REPORTE_PROBLEMA:09,el certificado de antecedentes fiscales,Ibagué
syn-0376,"Disculpa, ¿Cuáles son las etapas de la actualización del RUT para alguien de Cartagena?",CONSULTA_INFORMATIVA,synthetic:handwritten-templates-v1,true,not_applicable,,not_human_reviewed,CONSULTA_INFORMATIVA:17,la actualización del RUT,Cartagena
syn-1366,"Buenas tardes, Tengo una gestión abierta de la encuesta del Sisbén en Cúcuta y quiero ver su avance.",VERIFICACION_ESTADO,synthetic:handwritten-templates-v1,true,not_applicable,,not_human_reviewed,VERIFICACION_ESTADO:19,la encuesta del Sisbén,Cúcuta
syn-1289,"Disculpa, Ya envié los documentos de la actualización del RUT en Cartagena; busco la respuesta.",VERIFICACION_ESTADO,synthetic:handwritten-templates-v1,true,not_applicable,,not_human_reviewed,VERIFICACION_ESTADO:16,la actualización del RUT,Cartagena
syn-0008,Me haces el favor: ¿Qué documentos piden paral certificado de antecedentes judiciales en Villavicencio?,CONSULTA_INFORMATIVA,synthetic:handwritten-templates-v1,true,not_applicable,,not_human_reviewed,CONSULTA_INFORMATIVA:01,el certificado de antecedentes judiciales,Villavicencio
syn-0431,"Disculpa, ¿Debo presentar originales o copias para la encuesta del Sisbén en Cúcuta?",CONSULTA_INFORMATIVA,synthetic:handwritten-templates-v1,true,not_applicable,,not_human_reviewed,CONSULTA_INFORMATIVA:19,la encuesta del Sisbén,Cúcuta
syn-1713,"Disculpa, La pantalla de la cédula digital en Cartagena queda en blanco.",REPORTE_PROBLEMA,synthetic:handwritten-templates-v1,true,not_applicable,,not_human_reviewed,REPORTE_PROBLEMA:14,la cédula digital,Cartagena
syn-0390,¿Cuáles son las etapas de la renovación de la licencia de conducción para alguien de Ibagué?,CONSULTA_INFORMATIVA,synthetic:handwritten-templates-v1,true,not_applicable,,not_human_reviewed,CONSULTA_INFORMATIVA:17,la renovación de la licencia de conducción,Ibagué
syn-1090,"Una preguntica: Presenté la actualización del RUT en Manizales, ¿sigue en revisión?",VERIFICACION_ESTADO,synthetic:handwritten-templates-v1,true,not_applicable,,not_human_reviewed,VERIFICACION_ESTADO:07,la actualización del RUT,Manizales
syn-2143,"Buenos días, ¿Cuál es el canal institucional para pedir orientación sobre el certificado de antecedentes judiciales en Villavicencio?",DERIVACION_ENTIDAD,synthetic:handwritten-templates-v1,true,not_applicable,,not_human_reviewed,DERIVACION_ENTIDAD:12,el certificado de antecedentes judiciales,Villavicencio
syn-0197,"Buenas tardes, ¿Qué edad mínima se exige paral duplicado de la cédula en Bogotá?",CONSULTA_INFORMATIVA,synthetic:handwritten-templates-v1,true,not_applicable,,not_human_reviewed,CONSULTA_INFORMATIVA:09,el duplicado de la cédula,Bogotá
syn-1786,"Por favor, Aparece un cobro repetido durante la encuesta del Sisbén en Cúcuta.",REPORTE_PROBLEMA,synthetic:handwritten-templates-v1,true,not_applicable,,not_human_reviewed,REPORTE_PROBLEMA:17,la encuesta del Sisbén,Cúcuta
syn-0377,Me haces el favor: ¿Cuáles son las etapas de la encuesta del Sisbén para alguien de Cúcuta?,CONSULTA_INFORMATIVA,synthetic:handwritten-templates-v1,true,not_applicable,,not_human_reviewed,CONSULTA_INFORMATIVA:17,la encuesta del Sisbén,Cúcuta
syn-0395,"Buenas tardes, ¿Cuáles son las etapas del certificado de antecedentes fiscales para alguien de Ibagué?",CONSULTA_INFORMATIVA,synthetic:handwritten-templates-v1,true,not_applicable,,not_human_reviewed,CONSULTA_INFORMATIVA:17,el certificado de antecedentes fiscales,Ibagué
syn-2056,Me haces el favor: Busco el contacto de la autoridad competente paral certificado de antecedentes judiciales en Villavicencio.,DERIVACION_ENTIDAD,synthetic:handwritten-templates-v1,true,not_applicable,,not_human_reviewed,DERIVACION_ENTIDAD:08,el certificado de antecedentes judiciales,Villavicencio
syn-0223,Una preguntica: ¿Qué comprobantes debo llevar para la cédula digital en Medellín?,CONSULTA_INFORMATIVA,synthetic:handwritten-templates-v1,true,not_applicable,,not_human_reviewed,CONSULTA_INFORMATIVA:10,la cédula digital,Medellín
syn-2085,"Hola, Quiero hablar con un funcionario responsable del registro civil de nacimiento en Bogotá.",DERIVACION_ENTIDAD,synthetic:handwritten-templates-v1,true,not_applicable,,not_human_reviewed,DERIVACION_ENTIDAD:10,el registro civil de nacimiento,Bogotá
syn-0371,"Por favor, Vivo en Ibagué, ¿dónde leo los requisitos oficiales de la renovación de la licencia de conducción?",CONSULTA_INFORMATIVA,synthetic:handwritten-templates-v1,true,not_applicable,,not_human_reviewed,CONSULTA_INFORMATIVA:16,la renovación de la licencia de conducción,Ibagué
syn-0502,Ayúdame a tramitar la encuesta del Sisbén desde Cúcuta.,SOLICITUD_TRAMITE,synthetic:handwritten-templates-v1,true,not_applicable,,not_human_reviewed,SOLICITUD_TRAMITE:02,la encuesta del Sisbén,Cúcuta
syn-1239,"Por favor, Me dieron un comprobante de la encuesta del Sisbén en Bucaramanga; quiero revisar la gestión.",VERIFICACION_ESTADO,synthetic:handwritten-templates-v1,true,not_applicable,,not_human_reviewed,VERIFICACION_ESTADO:13,la encuesta del Sisbén,Bucaramanga
syn-1952,"Buenas, Quiero contactar a la entidad encargada del registro civil de nacimiento en Bogotá.",DERIVACION_ENTIDAD,synthetic:handwritten-templates-v1,true,not_applicable,,not_human_reviewed,DERIVACION_ENTIDAD:04,el registro civil de nacimiento,Bogotá
syn-1835,Me haces el favor: La cita de la corrección del registro civil en Medellín desapareció del sistema.,REPORTE_PROBLEMA,synthetic:handwritten-templates-v1,true,not_applicable,,not_human_reviewed,REPORTE_PROBLEMA:19,la corrección del registro civil,Medellín
syn-0810,Una preguntica: Tengo los documentos listos y voy a empezar la renovación de la licencia de conducción en Ibagué.,SOLICITUD_TRAMITE,synthetic:handwritten-templates-v1,true,not_applicable,,not_human_reviewed,SOLICITUD_TRAMITE:15,la renovación de la licencia de conducción,Ibagué
syn-2222,"Disculpa, ¿Qué organismo puede atender mi consulta del registro civil de nacimiento en Bogotá?",DERIVACION_ENTIDAD,synthetic:handwritten-templates-v1,true,not_applicable,,not_human_reviewed,DERIVACION_ENTIDAD:15,el registro civil de nacimiento,Bogotá
syn-1895,"Buenas, ¿Qué entidad atiende la inscripción del RUT en Barranquilla?",DERIVACION_ENTIDAD,synthetic:handwritten-templates-v1,true,not_applicable,,not_human_reviewed,DERIVACION_ENTIDAD:01,la inscripción del RUT,Barranquilla
syn-2239,Quiero la dirección de la sede competente para la inscripción del RUT en Pereira.,DERIVACION_ENTIDAD,synthetic:handwritten-templates-v1,true,not_applicable,,not_human_reviewed,DERIVACION_ENTIDAD:16,la inscripción del RUT,Pereira
syn-0631,Una preguntica: Me interesa realizar la actualización del RUT en Manizales ahora.,SOLICITUD_TRAMITE,synthetic:handwritten-templates-v1,true,not_applicable,,not_human_reviewed,SOLICITUD_TRAMITE:07,la actualización del RUT,Manizales
syn-1593,"Buenas, ¿me colaboras? El portal de la renovación de la licencia de conducción en Ibagué se cierra sin guardar.",REPORTE_PROBLEMA,synthetic:handwritten-templates-v1,true,not_applicable,,not_human_reviewed,REPORTE_PROBLEMA:09,la renovación de la licencia de conducción,Ibagué
syn-1120,"Buenas tardes, Busco saber si aprobaron mi solicitud del certificado de antecedentes judiciales en Cúcuta.",VERIFICACION_ESTADO,synthetic:handwritten-templates-v1,true,not_applicable,,not_human_reviewed,VERIFICACION_ESTADO:08,el certificado de antecedentes judiciales,Cúcuta
syn-1497,"Disculpa, Intenté pagar la inscripción del RUT en Barranquilla y el portal rechazó la operación.",REPORTE_PROBLEMA,synthetic:handwritten-templates-v1,true,not_applicable,,not_human_reviewed,REPORTE_PROBLEMA:04,la inscripción del RUT,Barranquilla
syn-2170,"Buenas, ¿me colaboras? Necesito comunicarme con la oficina encargada del certificado de antecedentes judiciales en Cúcuta.",DERIVACION_ENTIDAD,synthetic:handwritten-templates-v1,true,not_applicable,,not_human_reviewed,DERIVACION_ENTIDAD:13,el certificado de antecedentes judiciales,Cúcuta
syn-0042,Una preguntica: ¿Cuánto cuestal duplicado de la cédula en Barranquilla?,CONSULTA_INFORMATIVA,synthetic:handwritten-templates-v1,true,not_applicable,,not_human_reviewed,CONSULTA_INFORMATIVA:02,el duplicado de la cédula,Barranquilla
syn-0984,"Por favor, Quiero consultar el avance de la encuesta del Sisbén que radiqué en Cúcuta.",VERIFICACION_ESTADO,synthetic:handwritten-templates-v1,true,not_applicable,,not_human_reviewed,VERIFICACION_ESTADO:03,la encuesta del Sisbén,Cúcuta
syn-1684,"Por favor, Quiero reportar una falla en el servicio del pasaporte ordinario en Bucaramanga.",REPORTE_PROBLEMA,synthetic:handwritten-templates-v1,true,not_applicable,,not_human_reviewed,REPORTE_PROBLEMA:12,el pasaporte ordinario,Bucaramanga
syn-0074,"Buenos días, Explícame los requisitos del registro civil de nacimiento en Bogotá.",CONSULTA_INFORMATIVA,synthetic:handwritten-templates-v1,true,not_applicable,,not_human_reviewed,CONSULTA_INFORMATIVA:04,el registro civil de nacimiento,Bogotá
syn-0235,¿Qué comprobantes debo llevar para la inscripción del RUT en Barranquilla?,CONSULTA_INFORMATIVA,synthetic:handwritten-templates-v1,true,not_applicable,,not_human_reviewed,CONSULTA_INFORMATIVA:10,la inscripción del RUT,Barranquilla
syn-1098,"Disculpa, Presenté la cédula digital en Cartagena, ¿sigue en revisión?",VERIFICACION_ESTADO,synthetic:handwritten-templates-v1,true,not_applicable,,not_human_reviewed,VERIFICACION_ESTADO:07,la cédula digital,Cartagena
syn-0466,"Buenas, ¿me colaboras? Estoy averiguando cómo es el pasaporte ordinario en Cali, todavía no voy a iniciarlo.",CONSULTA_INFORMATIVA,synthetic:handwritten-templates-v1,true,not_applicable,,not_human_reviewed,CONSULTA_INFORMATIVA:20,el pasaporte ordinario,Cali
syn-2133,"Buenos días, ¿Cuál es el canal institucional para pedir orientación sobre el pasaporte ordinario en Cali?",DERIVACION_ENTIDAD,synthetic:handwritten-templates-v1,true,not_applicable,,not_human_reviewed,DERIVACION_ENTIDAD:12,el pasaporte ordinario,Cali
syn-0788,Una preguntica: Quiero pasar de la información a la solicitud de la consulta de historia laboral en Pasto.,SOLICITUD_TRAMITE,synthetic:handwritten-templates-v1,true,not_applicable,,not_human_reviewed,SOLICITUD_TRAMITE:14,la consulta de historia laboral,Pasto
syn-2048,"Buenas, ¿me colaboras? Busco el contacto de la autoridad competente paral certificado de antecedentes fiscales en Ibagué.",DERIVACION_ENTIDAD,synthetic:handwritten-templates-v1,true,not_applicable,,not_human_reviewed,DERIVACION_ENTIDAD:08,el certificado de antecedentes fiscales,Ibagué
syn-0078,Una preguntica: Explícame los requisitos de la renovación de la licencia de conducción en Manizales.,CONSULTA_INFORMATIVA,synthetic:handwritten-templates-v1,true,not_applicable,,not_human_reviewed,CONSULTA_INFORMATIVA:04,la renovación de la licencia de conducción,Manizales
syn-0335,"Buenas, ¿me colaboras? ¿Qué datos pidel formulario de la actualización del RUT en Cartagena?",CONSULTA_INFORMATIVA,synthetic:handwritten-templates-v1,true,not_applicable,,not_human_reviewed,CONSULTA_INFORMATIVA:15,la actualización del RUT,Cartagena
syn-1674,"Por favor, Quiero reportar una falla en el servicio del certificado de antecedentes disciplinarios en Pasto.",REPORTE_PROBLEMA,synthetic:handwritten-templates-v1,true,not_applicable,,not_human_reviewed,REPORTE_PROBLEMA:12,el certificado de antecedentes disciplinarios,Pasto
syn-2078,"Disculpa, ¿A qué dependencia le correspondel pasaporte ordinario en Cali?",DERIVACION_ENTIDAD,synthetic:handwritten-templates-v1,true,not_applicable,,not_human_reviewed,DERIVACION_ENTIDAD:09,el pasaporte ordinario,Cali
syn-1806,"Hola, No me deja ingresar a la plataforma de la consulta de historia laboral en Pasto.",REPORTE_PROBLEMA,synthetic:handwritten-templates-v1,true,not_applicable,,not_human_reviewed,REPORTE_PROBLEMA:18,la consulta de historia laboral,Pasto
syn-1088,"Disculpa, Presenté el pasaporte ordinario en Bucaramanga, ¿sigue en revisión?",VERIFICACION_ESTADO,synthetic:handwritten-templates-v1,true,not_applicable,,not_human_reviewed,VERIFICACION_ESTADO:07,el pasaporte ordinario,Bucaramanga
syn-0062,"Buenas tardes, ¿Cuál es el plazo habitual de la inscripción del RUT en Pereira?",CONSULTA_INFORMATIVA,synthetic:handwritten-templates-v1,true,not_applicable,,not_human_reviewed,CONSULTA_INFORMATIVA:03,la inscripción del RUT,Pereira
syn-0257,Busco información general sobre la cédula digital en Cartagena.,CONSULTA_INFORMATIVA,synthetic:handwritten-templates-v1,true,not_applicable,,not_human_reviewed,CONSULTA_INFORMATIVA:11,la cédula digital,Cartagena
syn-0640,"Buenos días, Indícame cómo radicar una nueva solicitud del duplicado de la cédula en Barranquilla.",SOLICITUD_TRAMITE,synthetic:handwritten-templates-v1,true,not_applicable,,not_human_reviewed,SOLICITUD_TRAMITE:08,el duplicado de la cédula,Barranquilla
syn-1037,"Hola, Tengo un radicado de la actualización del RUT en Manizales y busco su estado.",VERIFICACION_ESTADO,synthetic:handwritten-templates-v1,true,not_applicable,,not_human_reviewed,VERIFICACION_ESTADO:05,la actualización del RUT,Manizales
syn-0037,"Por favor, ¿Cuánto cuestal certificado de antecedentes disciplinarios en Pasto?",CONSULTA_INFORMATIVA,synthetic:handwritten-templates-v1,true,not_applicable,,not_human_reviewed,CONSULTA_INFORMATIVA:02,el certificado de antecedentes disciplinarios,Pasto
syn-0318,"Buenos días, ¿Las condiciones de la actualización del RUT son las mismas para todos en Manizales?",CONSULTA_INFORMATIVA,synthetic:handwritten-templates-v1,true,not_applicable,,not_human_reviewed,CONSULTA_INFORMATIVA:14,la actualización del RUT,Manizales
syn-0298,"Disculpa, Me explicas en palabras sencillas en qué consiste la inscripción del RUT en Barranquilla.",CONSULTA_INFORMATIVA,synthetic:handwritten-templates-v1,true,not_applicable,,not_human_reviewed,CONSULTA_INFORMATIVA:13,la inscripción del RUT,Barranquilla
syn-0653,Me haces el favor: Indícame cómo radicar una nueva solicitud de la presentación de PQRS en Cali.,SOLICITUD_TRAMITE,synthetic:handwritten-templates-v1,true,not_applicable,,not_human_reviewed,SOLICITUD_TRAMITE:08,la presentación de PQRS,Cali
syn-1041,"Buenas tardes, Tengo un radicado de la renovación de la licencia de conducción en Manizales y busco su estado.",VERIFICACION_ESTADO,synthetic:handwritten-templates-v1,true,not_applicable,,not_human_reviewed,VERIFICACION_ESTADO:05,la renovación de la licencia de conducción,Manizales
syn-2054,"Buenas tardes, Busco el contacto de la autoridad competente para la consulta de historia laboral en Pasto.",DERIVACION_ENTIDAD,synthetic:handwritten-templates-v1,true,not_applicable,,not_human_reviewed,DERIVACION_ENTIDAD:08,la consulta de historia laboral,Pasto
syn-1459,El sistema de la consulta de historia laboral en Pereira se queda bloqueado.,REPORTE_PROBLEMA,synthetic:handwritten-templates-v1,true,not_applicable,,not_human_reviewed,REPORTE_PROBLEMA:03,la consulta de historia laboral,Pereira
syn-1115,Busco saber si aprobaron mi solicitud de la consulta de historia laboral en Pasto.,VERIFICACION_ESTADO,synthetic:handwritten-templates-v1,true,not_applicable,,not_human_reviewed,VERIFICACION_ESTADO:08,la consulta de historia laboral,Pasto
syn-1207,"Por favor, ¿Dónde miro la respuesta a mi radicación de la cédula digital en Medellín?",VERIFICACION_ESTADO,synthetic:handwritten-templates-v1,true,not_applicable,,not_human_reviewed,VERIFICACION_ESTADO:12,la cédula digital,Medellín
syn-0897,"Buenas tardes, Por favor, guíame para solicitar la encuesta del Sisbén en Cúcuta.",SOLICITUD_TRAMITE,synthetic:handwritten-templates-v1,true,not_applicable,,not_human_reviewed,SOLICITUD_TRAMITE:19,la encuesta del Sisbén,Cúcuta
syn-0428,"Por favor, ¿Debo presentar originales o copias para la presentación de PQRS en Cali?",CONSULTA_INFORMATIVA,synthetic:handwritten-templates-v1,true,not_applicable,,not_human_reviewed,CONSULTA_INFORMATIVA:19,la presentación de PQRS,Cali
syn-0595,"Buenos días, Deseo comenzar el proceso de la encuesta del Sisbén en Bucaramanga.",SOLICITUD_TRAMITE,synthetic:handwritten-templates-v1,true,not_applicable,,not_human_reviewed,SOLICITUD_TRAMITE:06,la encuesta del Sisbén,Bucaramanga
syn-0766,Una preguntica: Necesito el enlace para iniciar el certificado de antecedentes judiciales desde Villavicencio.,SOLICITUD_TRAMITE,synthetic:handwritten-templates-v1,true,not_applicable,,not_human_reviewed,SOLICITUD_TRAMITE:13,el certificado de antecedentes judiciales,Villavicencio
syn-1498,"Buenos días, El botón para continuar con la corrección del registro civil en Medellín no funciona.",REPORTE_PROBLEMA,synthetic:handwritten-templates-v1,true,not_applicable,,not_human_reviewed,REPORTE_PROBLEMA:05,la corrección del registro civil,Medellín
syn-0216,"Hola, ¿Qué comprobantes debo llevar para la inscripción del RUT en Pereira?",CONSULTA_INFORMATIVA,synthetic:handwritten-templates-v1,true,not_applicable,,not_human_reviewed,CONSULTA_INFORMATIVA:10,la inscripción del RUT,Pereira
syn-1788,"Buenas tardes, Aparece un cobro repetido durante el certificado de antecedentes fiscales en Ibagué.",REPORTE_PROBLEMA,synthetic:handwritten-templates-v1,true,not_applicable,,not_human_reviewed,REPORTE_PROBLEMA:17,el certificado de antecedentes fiscales,Ibagué
syn-0648,"Buenas, Indícame cómo radicar una nueva solicitud de la consulta de historia laboral en Pasto.",SOLICITUD_TRAMITE,synthetic:handwritten-templates-v1,true,not_applicable,,not_human_reviewed,SOLICITUD_TRAMITE:08,la consulta de historia laboral,Pasto
syn-0794,"Buenos días, Quiero pasar de la información a la solicitud de la corrección del registro civil en Medellín.",SOLICITUD_TRAMITE,synthetic:handwritten-templates-v1,true,not_applicable,,not_human_reviewed,SOLICITUD_TRAMITE:14,la corrección del registro civil,Medellín
syn-0917,"Buenas, Estoy listo para tramitar la inscripción del RUT en Pereira, ¿cuál es el paso inicial?",SOLICITUD_TRAMITE,synthetic:handwritten-templates-v1,true,not_applicable,,not_human_reviewed,SOLICITUD_TRAMITE:20,la inscripción del RUT,Pereira
syn-0650,"Buenos días, Indícame cómo radicar una nueva solicitud del certificado de antecedentes disciplinarios en Pasto.",SOLICITUD_TRAMITE,synthetic:handwritten-templates-v1,true,not_applicable,,not_human_reviewed,SOLICITUD_TRAMITE:08,el certificado de antecedentes disciplinarios,Pasto
syn-0743,Una preguntica: Voy a diligenciar la solicitud de la corrección del registro civil en Medellín.,SOLICITUD_TRAMITE,synthetic:handwritten-templates-v1,true,not_applicable,,not_human_reviewed,SOLICITUD_TRAMITE:12,la corrección del registro civil,Medellín
syn-0611,Una preguntica: Me interesa realizar la consulta de historia laboral en Pasto ahora.,SOLICITUD_TRAMITE,synthetic:handwritten-templates-v1,true,not_applicable,,not_human_reviewed,SOLICITUD_TRAMITE:07,la consulta de historia laboral,Pasto
syn-0399,"Buenas, ¿me colaboras? ¿Cuáles son las etapas de la consulta de historia laboral para alguien de Pereira?",CONSULTA_INFORMATIVA,synthetic:handwritten-templates-v1,true,not_applicable,,not_human_reviewed,CONSULTA_INFORMATIVA:17,la consulta de historia laboral,Pereira
syn-1150,"Hola, Quiero saber si ya está listo el resultado de la cédula digital en Medellín.",VERIFICACION_ESTADO,synthetic:handwritten-templates-v1,true,not_applicable,,not_human_reviewed,VERIFICACION_ESTADO:10,la cédula digital,Medellín
syn-1807,"Buenas, No me deja ingresar a la plataforma de la renovación de la licencia de conducción en Manizales.",REPORTE_PROBLEMA,synthetic:handwritten-templates-v1,true,not_applicable,,not_human_reviewed,REPORTE_PROBLEMA:18,la renovación de la licencia de conducción,Manizales
syn-0875,"Disculpa, Ya decidí hacer el registro civil de nacimiento en Bogotá; orienta mi solicitud.",SOLICITUD_TRAMITE,synthetic:handwritten-templates-v1,true,not_applicable,,not_human_reviewed,SOLICITUD_TRAMITE:18,el registro civil de nacimiento,Bogotá
syn-0066,"Buenas, ¿me colaboras? ¿Cuál es el plazo habitual del certificado de antecedentes judiciales en Cúcuta?",CONSULTA_INFORMATIVA,synthetic:handwritten-templates-v1,true,not_applicable,,not_human_reviewed,CONSULTA_INFORMATIVA:03,el certificado de antecedentes judiciales,Cúcuta
syn-2090,"Disculpa, Quiero hablar con un funcionario responsable del certificado de antecedentes fiscales en Ibagué.",DERIVACION_ENTIDAD,synthetic:handwritten-templates-v1,true,not_applicable,,not_human_reviewed,DERIVACION_ENTIDAD:10,el certificado de antecedentes fiscales,Ibagué
syn-0818,"Disculpa, Tengo los documentos listos y voy a empezar la encuesta del Sisbén en Bucaramanga.",SOLICITUD_TRAMITE,synthetic:handwritten-templates-v1,true,not_applicable,,not_human_reviewed,SOLICITUD_TRAMITE:15,la encuesta del Sisbén,Bucaramanga
syn-0696,"Disculpa, ¿Me ayudas a arrancar con la corrección del registro civil en Medellín?",SOLICITUD_TRAMITE,synthetic:handwritten-templates-v1,true,not_applicable,,not_human_reviewed,SOLICITUD_TRAMITE:10,la corrección del registro civil,Medellín
syn-1152,"Por favor, Quiero saber si ya está listo el resultado del duplicado de la cédula en Barranquilla.",VERIFICACION_ESTADO,synthetic:handwritten-templates-v1,true,not_applicable,,not_human_reviewed,VERIFICACION_ESTADO:10,el duplicado de la cédula,Barranquilla
syn-1448,"Hola, Me sale un error al llenar el formulario de la renovación de la licencia de conducción en Manizales.",REPORTE_PROBLEMA,synthetic:handwritten-templates-v1,true,not_applicable,,not_human_reviewed,REPORTE_PROBLEMA:02,la renovación de la licencia de conducción,Manizales
syn-1359,Una preguntica: Tengo una gestión abierta de la corrección del registro civil en Medellín y quiero ver su avance.,VERIFICACION_ESTADO,synthetic:handwritten-templates-v1,true,not_applicable,,not_human_reviewed,VERIFICACION_ESTADO:19,la corrección del registro civil,Medellín
syn-1645,"Disculpa, El formulario de la encuesta del Sisbén en Cúcuta rechaza datos que son correctos.",REPORTE_PROBLEMA,synthetic:handwritten-templates-v1,true,not_applicable,,not_human_reviewed,REPORTE_PROBLEMA:11,la encuesta del Sisbén,Cúcuta
syn-1277,"Disculpa, ¿Mi solicitud anterior de la inscripción del RUT en Barranquilla continúa pendiente?",VERIFICACION_ESTADO,synthetic:handwritten-templates-v1,true,not_applicable,,not_human_reviewed,VERIFICACION_ESTADO:15,la inscripción del RUT,Barranquilla
syn-1190,"Buenas, ¿me colaboras? Hace unos días presenté la renovación de la licencia de conducción en Ibagué; ¿en qué etapa va?",VERIFICACION_ESTADO,synthetic:handwritten-templates-v1,true,not_applicable,,not_human_reviewed,VERIFICACION_ESTADO:11,la renovación de la licencia de conducción,Ibagué
syn-1851,Hay un problema: el portal de la presentación de PQRS en Cali no termina de procesar.,REPORTE_PROBLEMA,synthetic:handwritten-templates-v1,true,not_applicable,,not_human_reviewed,REPORTE_PROBLEMA:20,la presentación de PQRS,Cali
syn-1586,"Buenas tardes, El enlace de la corrección del registro civil para Medellín está roto.",REPORTE_PROBLEMA,synthetic:handwritten-templates-v1,true,not_applicable,,not_human_reviewed,REPORTE_PROBLEMA:08,la corrección del registro civil,Medellín
syn-0741,"Disculpa, Voy a diligenciar la solicitud de la actualización del RUT en Manizales.",SOLICITUD_TRAMITE,synthetic:handwritten-templates-v1,true,not_applicable,,not_human_reviewed,SOLICITUD_TRAMITE:12,la actualización del RUT,Manizales
syn-0727,"Buenas, Voy a diligenciar la solicitud del duplicado de la cédula en Barranquilla.",SOLICITUD_TRAMITE,synthetic:handwritten-templates-v1,true,not_applicable,,not_human_reviewed,SOLICITUD_TRAMITE:12,el duplicado de la cédula,Barranquilla
syn-1103,Una preguntica: Busco saber si aprobaron mi solicitud del registro civil de nacimiento en Bogotá.,VERIFICACION_ESTADO,synthetic:handwritten-templates-v1,true,not_applicable,,not_human_reviewed,VERIFICACION_ESTADO:08,el registro civil de nacimiento,Bogotá
syn-0352,"Disculpa, ¿Qué datos pidel formulario de la cédula digital en Medellín?",CONSULTA_INFORMATIVA,synthetic:handwritten-templates-v1,true,not_applicable,,not_human_reviewed,CONSULTA_INFORMATIVA:15,la cédula digital,Medellín
syn-1285,"Buenos días, ¿Mi solicitud anterior de la encuesta del Sisbén en Bucaramanga continúa pendiente?",VERIFICACION_ESTADO,synthetic:handwritten-templates-v1,true,not_applicable,,not_human_reviewed,VERIFICACION_ESTADO:15,la encuesta del Sisbén,Bucaramanga
syn-1076,Me haces el favor: ¿Ya respondieron mi petición del certificado de antecedentes disciplinarios en Pasto?,VERIFICACION_ESTADO,synthetic:handwritten-templates-v1,true,not_applicable,,not_human_reviewed,VERIFICACION_ESTADO:06,el certificado de antecedentes disciplinarios,Pasto
syn-0372,"Buenos días, Vivo en Cali, ¿dónde leo los requisitos oficiales del pasaporte ordinario?",CONSULTA_INFORMATIVA,synthetic:handwritten-templates-v1,true,not_applicable,,not_human_reviewed,CONSULTA_INFORMATIVA:16,el pasaporte ordinario,Cali
syn-1650,"Hola, El formulario de la actualización del RUT en Manizales rechaza datos que son correctos.",REPORTE_PROBLEMA,synthetic:handwritten-templates-v1,true,not_applicable,,not_human_reviewed,REPORTE_PROBLEMA:11,la actualización del RUT,Manizales
syn-0098,"Buenas tardes, ¿Se puede hacer la presentación de PQRS por internet desde Cali?",CONSULTA_INFORMATIVA,synthetic:handwritten-templates-v1,true,not_applicable,,not_human_reviewed,CONSULTA_INFORMATIVA:05,la presentación de PQRS,Cali
syn-0647,"Hola, Indícame cómo radicar una nueva solicitud de la cédula digital en Medellín.",SOLICITUD_TRAMITE,synthetic:handwritten-templates-v1,true,not_applicable,,not_human_reviewed,SOLICITUD_TRAMITE:08,la cédula digital,Medellín
syn-1637,"Hola, La plataforma muestra un error de conexión al hacer la presentación de PQRS en Cali.",REPORTE_PROBLEMA,synthetic:handwritten-templates-v1,true,not_applicable,,not_human_reviewed,REPORTE_PROBLEMA:10,la presentación de PQRS,Cali
syn-1075,"Disculpa, ¿Ya respondieron mi petición de la actualización del RUT en Cartagena?",VERIFICACION_ESTADO,synthetic:handwritten-templates-v1,true,not_applicable,,not_human_reviewed,VERIFICACION_ESTADO:06,la actualización del RUT,Cartagena
syn-0019,Una preguntica: ¿Qué documentos piden paral registro civil de nacimiento en Bogotá?,CONSULTA_INFORMATIVA,synthetic:handwritten-templates-v1,true,not_applicable,,not_human_reviewed,CONSULTA_INFORMATIVA:01,el registro civil de nacimiento,Bogotá
syn-2088,"Buenos días, Quiero hablar con un funcionario responsable de la renovación de la licencia de conducción en Manizales.",DERIVACION_ENTIDAD,synthetic:handwritten-templates-v1,true,not_applicable,,not_human_reviewed,DERIVACION_ENTIDAD:10,la renovación de la licencia de conducción,Manizales
syn-2069,Me haces el favor: ¿A qué dependencia le corresponde la cédula digital en Cartagena?,DERIVACION_ENTIDAD,synthetic:handwritten-templates-v1,true,not_applicable,,not_human_reviewed,DERIVACION_ENTIDAD:09,la cédula digital,Cartagena
syn-0208,"Disculpa, ¿Qué edad mínima se exige para la inscripción del RUT en Pereira?",CONSULTA_INFORMATIVA,synthetic:handwritten-templates-v1,true,not_applicable,,not_human_reviewed,CONSULTA_INFORMATIVA:09,la inscripción del RUT,Pereira
syn-0759,"Hola, Necesito el enlace para iniciar el certificado de afiliación a salud desde Villavicencio.",SOLICITUD_TRAMITE,synthetic:handwritten-templates-v1,true,not_applicable,,not_human_reviewed,SOLICITUD_TRAMITE:13,el certificado de afiliación a salud,Villavicencio
syn-1049,"Por favor, Tengo un radicado del certificado de afiliación a salud en Villavicencio y busco su estado.",VERIFICACION_ESTADO,synthetic:handwritten-templates-v1,true,not_applicable,,not_human_reviewed,VERIFICACION_ESTADO:05,el certificado de afiliación a salud,Villavicencio
syn-0583,"Buenos días, Quisiera presentar una solicitud de la actualización del RUT en Manizales.",SOLICITUD_TRAMITE,synthetic:handwritten-templates-v1,true,not_applicable,,not_human_reviewed,SOLICITUD_TRAMITE:05,la actualización del RUT,Manizales
syn-1367,"Disculpa, Tengo una gestión abierta de la inscripción del RUT en Barranquilla y quiero ver su avance.",VERIFICACION_ESTADO,synthetic:handwritten-templates-v1,true,not_applicable,,not_human_reviewed,VERIFICACION_ESTADO:19,la inscripción del RUT,Barranquilla
syn-1356,Una preguntica: ¿Cómo veo el resultado de mi solicitud registrada del duplicado de la cédula en Bogotá?,VERIFICACION_ESTADO,synthetic:handwritten-templates-v1,true,not_applicable,,not_human_reviewed,VERIFICACION_ESTADO:18,el duplicado de la cédula,Bogotá
syn-1116,"Hola, Busco saber si aprobaron mi solicitud del duplicado de la cédula en Bogotá.",VERIFICACION_ESTADO,synthetic:handwritten-templates-v1,true,not_applicable,,not_human_reviewed,VERIFICACION_ESTADO:08,el duplicado de la cédula,Bogotá
syn-2268,Me haces el favor: ¿Cómo contacto al área de atención ciudadana de la encuesta del Sisbén en Cúcuta?,DERIVACION_ENTIDAD,synthetic:handwritten-templates-v1,true,not_applicable,,not_human_reviewed,DERIVACION_ENTIDAD:17,la encuesta del Sisbén,Cúcuta
syn-0072,"Buenas tardes, ¿Cuál es el plazo habitual de la corrección del registro civil en Medellín?",CONSULTA_INFORMATIVA,synthetic:handwritten-templates-v1,true,not_applicable,,not_human_reviewed,CONSULTA_INFORMATIVA:03,la corrección del registro civil,Medellín
syn-1809,"Buenos días, No me deja ingresar a la plataforma del certificado de antecedentes fiscales en Ibagué.",REPORTE_PROBLEMA,synthetic:handwritten-templates-v1,true,not_applicable,,not_human_reviewed,REPORTE_PROBLEMA:18,el certificado de antecedentes fiscales,Ibagué
syn-2154,"Por favor, Necesito comunicarme con la oficina encargada del certificado de antecedentes judiciales en Villavicencio.",DERIVACION_ENTIDAD,synthetic:handwritten-templates-v1,true,not_applicable,,not_human_reviewed,DERIVACION_ENTIDAD:13,el certificado de antecedentes judiciales,Villavicencio
syn-1961,"Hola, Quiero contactar a la entidad encargada de la renovación de la licencia de conducción en Manizales.",DERIVACION_ENTIDAD,synthetic:handwritten-templates-v1,true,not_applicable,,not_human_reviewed,DERIVACION_ENTIDAD:04,la renovación de la licencia de conducción,Manizales
syn-0603,"Buenas, Deseo comenzar el proceso de la renovación de la licencia de conducción en Manizales.",SOLICITUD_TRAMITE,synthetic:handwritten-templates-v1,true,not_applicable,,not_human_reviewed,SOLICITUD_TRAMITE:06,la renovación de la licencia de conducción,Manizales
syn-2225,"Disculpa, Quiero la dirección de la sede competente paral registro civil de nacimiento en Bogotá.",DERIVACION_ENTIDAD,synthetic:handwritten-templates-v1,true,not_applicable,,not_human_reviewed,DERIVACION_ENTIDAD:16,el registro civil de nacimiento,Bogotá
syn-0525,"Necesito hacer el registro civil de nacimiento en Bogotá, ¿cómo empiezo?",SOLICITUD_TRAMITE,synthetic:handwritten-templates-v1,true,not_applicable,,not_human_reviewed,SOLICITUD_TRAMITE:03,el registro civil de nacimiento,Bogotá
syn-2083,"Buenas, ¿me colaboras? Quiero hablar con un funcionario responsable de la cédula digital en Medellín.",DERIVACION_ENTIDAD,synthetic:handwritten-templates-v1,true,not_applicable,,not_human_reviewed,DERIVACION_ENTIDAD:10,la cédula digital,Medellín
syn-1561,"Buenas, Se borró la información mientras hacíal duplicado de la cédula en Bogotá.",REPORTE_PROBLEMA,synthetic:handwritten-templates-v1,true,not_applicable,,not_human_reviewed,REPORTE_PROBLEMA:07,el duplicado de la cédula,Bogotá
syn-0825,"Hola, Quiero abrir una gestión nueva de la cédula digital en Medellín.",SOLICITUD_TRAMITE,synthetic:handwritten-templates-v1,true,not_applicable,,not_human_reviewed,SOLICITUD_TRAMITE:16,la cédula digital,Medellín
syn-2110,"Por favor, ¿Dónde me atiende una persona por la cédula digital en Medellín?",DERIVACION_ENTIDAD,synthetic:handwritten-templates-v1,true,not_applicable,,not_human_reviewed,DERIVACION_ENTIDAD:11,la cédula digital,Medellín
syn-0097,"Buenos días, ¿Se puede hacer la encuesta del Sisbén por internet desde Cúcuta?",CONSULTA_INFORMATIVA,synthetic:handwritten-templates-v1,true,not_applicable,,not_human_reviewed,CONSULTA_INFORMATIVA:05,la encuesta del Sisbén,Cúcuta
syn-1241,"Por favor, ¿Han actualizado el estado de mi petición de la corrección del registro civil en Medellín?",VERIFICACION_ESTADO,synthetic:handwritten-templates-v1,true,not_applicable,,not_human_reviewed,VERIFICACION_ESTADO:14,la corrección del registro civil,Medellín
syn-0467,"Estoy averiguando cómo es el certificado de antecedentes judiciales en Villavicencio, todavía no voy a iniciarlo.",CONSULTA_INFORMATIVA,synthetic:handwritten-templates-v1,true,not_applicable,,not_human_reviewed,CONSULTA_INFORMATIVA:20,el certificado de antecedentes judiciales,Villavicencio
syn-0987,"Disculpa, Quiero consultar el avance del certificado de antecedentes disciplinarios que radiqué en Pasto.",VERIFICACION_ESTADO,synthetic:handwritten-templates-v1,true,not_applicable,,not_human_reviewed,VERIFICACION_ESTADO:03,el certificado de antecedentes disciplinarios,Pasto
syn-1198,"Buenos días, ¿Dónde miro la respuesta a mi radicación del pasaporte ordinario en Bucaramanga?",VERIFICACION_ESTADO,synthetic:handwritten-templates-v1,true,not_applicable,,not_human_reviewed,VERIFICACION_ESTADO:12,el pasaporte ordinario,Bucaramanga
syn-1092,"Presenté la consulta de historia laboral en Pereira, ¿sigue en revisión?",VERIFICACION_ESTADO,synthetic:handwritten-templates-v1,true,not_applicable,,not_human_reviewed,VERIFICACION_ESTADO:07,la consulta de historia laboral,Pereira
syn-2020,"Por favor, ¿Hay una sede que atienda consultas sobre la cédula digital en Cartagena?",DERIVACION_ENTIDAD,synthetic:handwritten-templates-v1,true,not_applicable,,not_human_reviewed,DERIVACION_ENTIDAD:07,la cédula digital,Cartagena
syn-0733,Una preguntica: Voy a diligenciar la solicitud del certificado de antecedentes judiciales en Cúcuta.,SOLICITUD_TRAMITE,synthetic:handwritten-templates-v1,true,not_applicable,,not_human_reviewed,SOLICITUD_TRAMITE:12,el certificado de antecedentes judiciales,Cúcuta
syn-1436,"Buenas, ¿me colaboras? Me sale un error al llenar el formulario de la presentación de PQRS en Cali.",REPORTE_PROBLEMA,synthetic:handwritten-templates-v1,true,not_applicable,,not_human_reviewed,REPORTE_PROBLEMA:02,la presentación de PQRS,Cali
syn-1135,Una preguntica: ¿Puedo revisar el progreso de la renovación de la licencia de conducción que entregué en Manizales?,VERIFICACION_ESTADO,synthetic:handwritten-templates-v1,true,not_applicable,,not_human_reviewed,VERIFICACION_ESTADO:09,la renovación de la licencia de conducción,Manizales
syn-1654,"Buenas tardes, El formulario del pasaporte ordinario en Bucaramanga rechaza datos que son correctos.",REPORTE_PROBLEMA,synthetic:handwritten-templates-v1,true,not_applicable,,not_human_reviewed,REPORTE_PROBLEMA:11,el pasaporte ordinario,Bucaramanga
syn-1955,"Buenas tardes, Quiero contactar a la entidad encargada de la inscripción del RUT en Barranquilla.",DERIVACION_ENTIDAD,synthetic:handwritten-templates-v1,true,not_applicable,,not_human_reviewed,DERIVACION_ENTIDAD:04,la inscripción del RUT,Barranquilla
syn-1304,"Hola, Ya envié los documentos del pasaporte ordinario en Cali; busco la respuesta.",VERIFICACION_ESTADO,synthetic:handwritten-templates-v1,true,not_applicable,,not_human_reviewed,VERIFICACION_ESTADO:16,el pasaporte ordinario,Cali
syn-0685,"Buenas tardes, ¿Me ayudas a arrancar con la actualización del RUT en Manizales?",SOLICITUD_TRAMITE,synthetic:handwritten-templates-v1,true,not_applicable,,not_human_reviewed,SOLICITUD_TRAMITE:10,la actualización del RUT,Manizales
syn-0723,"Hola, Es mi primera vez haciendo la inscripción del RUT en Pereira; quiero empezarlo.",SOLICITUD_TRAMITE,synthetic:handwritten-templates-v1,true,not_applicable,,not_human_reviewed,SOLICITUD_TRAMITE:11,la inscripción del RUT,Pereira
syn-2309,"Por favor, Busco atención presencial de la institución que lleva la inscripción del RUT en Barranquilla.",DERIVACION_ENTIDAD,synthetic:handwritten-templates-v1,true,not_applicable,,not_human_reviewed,DERIVACION_ENTIDAD:19,la inscripción del RUT,Barranquilla
syn-2081,"Buenas, ¿me colaboras? ¿A qué dependencia le correspondel certificado de antecedentes judiciales en Villavicencio?",DERIVACION_ENTIDAD,synthetic:handwritten-templates-v1,true,not_applicable,,not_human_reviewed,DERIVACION_ENTIDAD:09,el certificado de antecedentes judiciales,Villavicencio
syn-1756,"Buenas tardes, El comprobante de la consulta de historia laboral en Pereira no se puede descargar.",REPORTE_PROBLEMA,synthetic:handwritten-templates-v1,true,not_applicable,,not_human_reviewed,REPORTE_PROBLEMA:16,la consulta de historia laboral,Pereira
syn-1004,"Por favor, Quiero consultar el avance de la cédula digital que radiqué en Medellín.",VERIFICACION_ESTADO,synthetic:handwritten-templates-v1,true,not_applicable,,not_human_reviewed,VERIFICACION_ESTADO:03,la cédula digital,Medellín
syn-1658,"Buenas, ¿me colaboras? El formulario del duplicado de la cédula en Barranquilla rechaza datos que son correctos.",REPORTE_PROBLEMA,synthetic:handwritten-templates-v1,true,not_applicable,,not_human_reviewed,REPORTE_PROBLEMA:11,el duplicado de la cédula,Barranquilla
syn-2028,"Hola, ¿Hay una sede que atienda consultas sobre el duplicado de la cédula en Barranquilla?",DERIVACION_ENTIDAD,synthetic:handwritten-templates-v1,true,not_applicable,,not_human_reviewed,DERIVACION_ENTIDAD:07,el duplicado de la cédula,Barranquilla
syn-1669,Una preguntica: Quiero reportar una falla en el servicio de la encuesta del Sisbén en Bucaramanga.,REPORTE_PROBLEMA,synthetic:handwritten-templates-v1,true,not_applicable,,not_human_reviewed,REPORTE_PROBLEMA:12,la encuesta del Sisbén,Bucaramanga
syn-1611,Me haces el favor: El portal de la corrección del registro civil en Medellín se cierra sin guardar.,REPORTE_PROBLEMA,synthetic:handwritten-templates-v1,true,not_applicable,,not_human_reviewed,REPORTE_PROBLEMA:09,la corrección del registro civil,Medellín
syn-2243,"Buenos días, Quiero la dirección de la sede competente para la cédula digital en Medellín.",DERIVACION_ENTIDAD,synthetic:handwritten-templates-v1,true,not_applicable,,not_human_reviewed,DERIVACION_ENTIDAD:16,la cédula digital,Medellín
syn-0683,"Por favor, ¿Me ayudas a arrancar con la inscripción del RUT en Barranquilla?",SOLICITUD_TRAMITE,synthetic:handwritten-templates-v1,true,not_applicable,,not_human_reviewed,SOLICITUD_TRAMITE:10,la inscripción del RUT,Barranquilla
syn-0053,"Disculpa, ¿Cuál es el plazo habitual del certificado de antecedentes disciplinarios en Pasto?",CONSULTA_INFORMATIVA,synthetic:handwritten-templates-v1,true,not_applicable,,not_human_reviewed,CONSULTA_INFORMATIVA:03,el certificado de antecedentes disciplinarios,Pasto
syn-2302,"Disculpa, Busco atención presencial de la institución que lleval certificado de antecedentes fiscales en Ibagué.",DERIVACION_ENTIDAD,synthetic:handwritten-templates-v1,true,not_applicable,,not_human_reviewed,DERIVACION_ENTIDAD:19,el certificado de antecedentes fiscales,Ibagué
syn-0510,Una preguntica: Ayúdame a tramitar el duplicado de la cédula desde Bogotá.,SOLICITUD_TRAMITE,synthetic:handwritten-templates-v1,true,not_applicable,,not_human_reviewed,SOLICITUD_TRAMITE:02,el duplicado de la cédula,Bogotá
syn-2279,"Buenas tardes, ¿Existe una línea de atención oficial para la cédula digital en Medellín?",DERIVACION_ENTIDAD,synthetic:handwritten-templates-v1,true,not_applicable,,not_human_reviewed,DERIVACION_ENTIDAD:18,la cédula digital,Medellín
syn-0423,Una preguntica: ¿Debo presentar originales o copias paral registro civil de nacimiento en Bogotá?,CONSULTA_INFORMATIVA,synthetic:handwritten-templates-v1,true,not_applicable,,not_human_reviewed,CONSULTA_INFORMATIVA:19,el registro civil de nacimiento,Bogotá
syn-0267,Una preguntica: ¿Hay algún pago relacionado con el certificado de antecedentes judiciales en Villavicencio?,CONSULTA_INFORMATIVA,synthetic:handwritten-templates-v1,true,not_applicable,,not_human_reviewed,CONSULTA_INFORMATIVA:12,el certificado de antecedentes judiciales,Villavicencio
syn-2248,Me haces el favor: ¿Cómo contacto al área de atención ciudadana del pasaporte ordinario en Bucaramanga?,DERIVACION_ENTIDAD,synthetic:handwritten-templates-v1,true,not_applicable,,not_human_reviewed,DERIVACION_ENTIDAD:17,el pasaporte ordinario,Bucaramanga
syn-0827,"Por favor, Quiero abrir una gestión nueva de la cédula digital en Cartagena.",SOLICITUD_TRAMITE,synthetic:handwritten-templates-v1,true,not_applicable,,not_human_reviewed,SOLICITUD_TRAMITE:16,la cédula digital,Cartagena
syn-0892,"Por favor, guíame para solicitar la actualización del RUT en Manizales.",SOLICITUD_TRAMITE,synthetic:handwritten-templates-v1,true,not_applicable,,not_human_reviewed,SOLICITUD_TRAMITE:19,la actualización del RUT,Manizales
syn-1889,"Disculpa, ¿Qué entidad atiende la renovación de la licencia de conducción en Manizales?",DERIVACION_ENTIDAD,synthetic:handwritten-templates-v1,true,not_applicable,,not_human_reviewed,DERIVACION_ENTIDAD:01,la renovación de la licencia de conducción,Manizales
syn-0450,"Por favor, Estoy averiguando cómo es la inscripción del RUT en Pereira, todavía no voy a iniciarlo.",CONSULTA_INFORMATIVA,synthetic:handwritten-templates-v1,true,not_applicable,,not_human_reviewed,CONSULTA_INFORMATIVA:20,la inscripción del RUT,Pereira
syn-1626,La plataforma muestra un error de conexión al hacer el duplicado de la cédula en Barranquilla.,REPORTE_PROBLEMA,synthetic:handwritten-templates-v1,true,not_applicable,,not_human_reviewed,REPORTE_PROBLEMA:10,el duplicado de la cédula,Barranquilla
syn-2177,"Buenos días, ¿Me remites a la entidad que manejal duplicado de la cédula en Bogotá?",DERIVACION_ENTIDAD,synthetic:handwritten-templates-v1,true,not_applicable,,not_human_reviewed,DERIVACION_ENTIDAD:14,el duplicado de la cédula,Bogotá
syn-0978,"Buenas, ¿me colaboras? Ya hice el certificado de afiliación a salud en Villavicencio, ¿cómo va la gestión?",VERIFICACION_ESTADO,synthetic:handwritten-templates-v1,true,not_applicable,,not_human_reviewed,VERIFICACION_ESTADO:02,el certificado de afiliación a salud,Villavicencio
syn-1148,"Buenas, ¿me colaboras? Quiero saber si ya está listo el resultado de la inscripción del RUT en Pereira.",VERIFICACION_ESTADO,synthetic:handwritten-templates-v1,true,not_applicable,,not_human_reviewed,VERIFICACION_ESTADO:10,la inscripción del RUT,Pereira
syn-1697,"Por favor, El código de verificación de la actualización del RUT en Manizales no llega.",REPORTE_PROBLEMA,synthetic:handwritten-templates-v1,true,not_applicable,,not_human_reviewed,REPORTE_PROBLEMA:13,la actualización del RUT,Manizales
syn-1122,Me haces el favor: Busco saber si aprobaron mi solicitud del certificado de antecedentes disciplinarios en Pasto.,VERIFICACION_ESTADO,synthetic:handwritten-templates-v1,true,not_applicable,,not_human_reviewed,VERIFICACION_ESTADO:08,el certificado de antecedentes disciplinarios,Pasto
syn-0999,Una preguntica: Quiero consultar el avance del certificado de antecedentes fiscales que radiqué en Ibagué.,VERIFICACION_ESTADO,synthetic:handwritten-templates-v1,true,not_applicable,,not_human_reviewed,VERIFICACION_ESTADO:03,el certificado de antecedentes fiscales,Ibagué
syn-1990,"Disculpa, Oriéntame hacial canal oficial de atención del pasaporte ordinario en Bucaramanga.",DERIVACION_ENTIDAD,synthetic:handwritten-templates-v1,true,not_applicable,,not_human_reviewed,DERIVACION_ENTIDAD:06,el pasaporte ordinario,Bucaramanga
syn-0365,"Me haces el favor: Vivo en Manizales, ¿dónde leo los requisitos oficiales de la actualización del RUT?",CONSULTA_INFORMATIVA,synthetic:handwritten-templates-v1,true,not_applicable,,not_human_reviewed,CONSULTA_INFORMATIVA:16,la actualización del RUT,Manizales
syn-0157,¿Qué diferencia hay entre la atención presencial y virtual paral certificado de antecedentes fiscales en Ibagué?,CONSULTA_INFORMATIVA,synthetic:handwritten-templates-v1,true,not_applicable,,not_human_reviewed,CONSULTA_INFORMATIVA:07,el certificado de antecedentes fiscales,Ibagué
syn-0594,"Por favor, Deseo comenzar el proceso de la actualización del RUT en Manizales.",SOLICITUD_TRAMITE,synthetic:handwritten-templates-v1,true,not_applicable,,not_human_reviewed,SOLICITUD_TRAMITE:06,la actualización del RUT,Manizales
syn-0312,Una preguntica: ¿Las condiciones del certificado de antecedentes fiscales son las mismas para todos en Ibagué?,CONSULTA_INFORMATIVA,synthetic:handwritten-templates-v1,true,not_applicable,,not_human_reviewed,CONSULTA_INFORMATIVA:14,el certificado de antecedentes fiscales,Ibagué
syn-0608,Me haces el favor: Deseo comenzar el proceso de la cédula digital en Cartagena.,SOLICITUD_TRAMITE,synthetic:handwritten-templates-v1,true,not_applicable,,not_human_reviewed,SOLICITUD_TRAMITE:06,la cédula digital,Cartagena
syn-1998,"Buenos días, Oriéntame hacial canal oficial de atención de la renovación de la licencia de conducción en Ibagué.",DERIVACION_ENTIDAD,synthetic:handwritten-templates-v1,true,not_applicable,,not_human_reviewed,DERIVACION_ENTIDAD:06,la renovación de la licencia de conducción,Ibagué
syn-0459,"Buenas, Estoy averiguando cómo es la consulta de historia laboral en Pereira, todavía no voy a iniciarlo.",CONSULTA_INFORMATIVA,synthetic:handwritten-templates-v1,true,not_applicable,,not_human_reviewed,CONSULTA_INFORMATIVA:20,la consulta de historia laboral,Pereira
syn-1021,Una preguntica: ¿Cómo hago seguimiento a mi solicitud existente de la corrección del registro civil en Medellín?,VERIFICACION_ESTADO,synthetic:handwritten-templates-v1,true,not_applicable,,not_human_reviewed,VERIFICACION_ESTADO:04,la corrección del registro civil,Medellín
syn-0546,"Buenas, ¿me colaboras? Voy a gestionar el certificado de antecedentes fiscales en Ibagué y busco el primer paso.",SOLICITUD_TRAMITE,synthetic:handwritten-templates-v1,true,not_applicable,,not_human_reviewed,SOLICITUD_TRAMITE:04,el certificado de antecedentes fiscales,Ibagué
syn-0089,"Buenas, ¿me colaboras? Explícame los requisitos de la inscripción del RUT en Barranquilla.",CONSULTA_INFORMATIVA,synthetic:handwritten-templates-v1,true,not_applicable,,not_human_reviewed,CONSULTA_INFORMATIVA:04,la inscripción del RUT,Barranquilla
syn-0472,"Por favor, Quiero iniciar la inscripción del RUT en Barranquilla.",SOLICITUD_TRAMITE,synthetic:handwritten-templates-v1,true,not_applicable,,not_human_reviewed,SOLICITUD_TRAMITE:01,la inscripción del RUT,Barranquilla
syn-1157,Una preguntica: Quiero saber si ya está listo el resultado del certificado de antecedentes fiscales en Ibagué.,VERIFICACION_ESTADO,synthetic:handwritten-templates-v1,true,not_applicable,,not_human_reviewed,VERIFICACION_ESTADO:10,el certificado de antecedentes fiscales,Ibagué
syn-1726,"Buenas, ¿me colaboras? La pantalla de la encuesta del Sisbén en Cúcuta queda en blanco.",REPORTE_PROBLEMA,synthetic:handwritten-templates-v1,true,not_applicable,,not_human_reviewed,REPORTE_PROBLEMA:14,la encuesta del Sisbén,Cúcuta
syn-0005,"Buenos días, ¿Qué documentos piden para la corrección del registro civil en Medellín?",CONSULTA_INFORMATIVA,synthetic:handwritten-templates-v1,true,not_applicable,,not_human_reviewed,CONSULTA_INFORMATIVA:01,la corrección del registro civil,Medellín
syn-0350,"Buenos días, ¿Qué datos pidel formulario de la renovación de la licencia de conducción en Ibagué?",CONSULTA_INFORMATIVA,synthetic:handwritten-templates-v1,true,not_applicable,,not_human_reviewed,CONSULTA_INFORMATIVA:15,la renovación de la licencia de conducción,Ibagué
syn-0572,"Por favor, Quisiera presentar una solicitud del duplicado de la cédula en Barranquilla.",SOLICITUD_TRAMITE,synthetic:handwritten-templates-v1,true,not_applicable,,not_human_reviewed,SOLICITUD_TRAMITE:05,el duplicado de la cédula,Barranquilla
syn-1033,Me haces el favor: Tengo un radicado de la consulta de historia laboral en Pasto y busco su estado.,VERIFICACION_ESTADO,synthetic:handwritten-templates-v1,true,not_applicable,,not_human_reviewed,VERIFICACION_ESTADO:05,la consulta de historia laboral,Pasto
syn-0443,Una preguntica: ¿Debo presentar originales o copias paral pasaporte ordinario en Bucaramanga?,CONSULTA_INFORMATIVA,synthetic:handwritten-templates-v1,true,not_applicable,,not_human_reviewed,CONSULTA_INFORMATIVA:19,el pasaporte ordinario,Bucaramanga
syn-1869,Una preguntica: Hay un problema: el portal de la actualización del RUT en Manizales no termina de procesar.,REPORTE_PROBLEMA,synthetic:handwritten-templates-v1,true,not_applicable,,not_human_reviewed,REPORTE_PROBLEMA:20,la actualización del RUT,Manizales
syn-1171,Hace unos días presenté el pasaporte ordinario en Cali; ¿en qué etapa va?,VERIFICACION_ESTADO,synthetic:handwritten-templates-v1,true,not_applicable,,not_human_reviewed,VERIFICACION_ESTADO:11,el pasaporte ordinario,Cali
syn-1319,"Por favor, Necesito consultar si finalizaron la encuesta del Sisbén que inicié en Cúcuta.",VERIFICACION_ESTADO,synthetic:handwritten-templates-v1,true,not_applicable,,not_human_reviewed,VERIFICACION_ESTADO:17,la encuesta del Sisbén,Cúcuta
syn-1435,Una preguntica: Me sale un error al llenar el formulario de la corrección del registro civil en Medellín.,REPORTE_PROBLEMA,synthetic:handwritten-templates-v1,true,not_applicable,,not_human_reviewed,REPORTE_PROBLEMA:02,la corrección del registro civil,Medellín
syn-1949,"Buenas, ¿me colaboras? Quiero contactar a la entidad encargada de la inscripción del RUT en Pereira.",DERIVACION_ENTIDAD,synthetic:handwritten-templates-v1,true,not_applicable,,not_human_reviewed,DERIVACION_ENTIDAD:04,la inscripción del RUT,Pereira
syn-0106,"Por favor, ¿Se puede hacer la renovación de la licencia de conducción por internet desde Ibagué?",CONSULTA_INFORMATIVA,synthetic:handwritten-templates-v1,true,not_applicable,,not_human_reviewed,CONSULTA_INFORMATIVA:05,la renovación de la licencia de conducción,Ibagué
syn-0716,"Buenos días, Es mi primera vez haciendo la actualización del RUT en Manizales; quiero empezarlo.",SOLICITUD_TRAMITE,synthetic:handwritten-templates-v1,true,not_applicable,,not_human_reviewed,SOLICITUD_TRAMITE:11,la actualización del RUT,Manizales
syn-1780,Me haces el favor: Aparece un cobro repetido durante la actualización del RUT en Cartagena.,REPORTE_PROBLEMA,synthetic:handwritten-templates-v1,true,not_applicable,,not_human_reviewed,REPORTE_PROBLEMA:17,la actualización del RUT,Cartagena
syn-0841,Me haces el favor: Quiero abrir una gestión nueva del certificado de antecedentes fiscales en Ibagué.,SOLICITUD_TRAMITE,synthetic:handwritten-templates-v1,true,not_applicable,,not_human_reviewed,SOLICITUD_TRAMITE:16,el certificado de antecedentes fiscales,Ibagué
syn-1822,Me haces el favor: No me deja ingresar a la plataforma de la presentación de PQRS en Cali.,REPORTE_PROBLEMA,synthetic:handwritten-templates-v1,true,not_applicable,,not_human_reviewed,REPORTE_PROBLEMA:18,la presentación de PQRS,Cali
syn-0439,"Buenos días, ¿Debo presentar originales o copias para la renovación de la licencia de conducción en Ibagué?",CONSULTA_INFORMATIVA,synthetic:handwritten-templates-v1,true,not_applicable,,not_human_reviewed,CONSULTA_INFORMATIVA:19,la renovación de la licencia de conducción,Ibagué
syn-1928,¿Quién es el responsable institucional de la consulta de historia laboral en Pereira?,DERIVACION_ENTIDAD,synthetic:handwritten-templates-v1,true,not_applicable,,not_human_reviewed,DERIVACION_ENTIDAD:03,la consulta de historia laboral,Pereira
syn-1512,Una preguntica: El botón para continuar con la encuesta del Sisbén en Cúcuta no funciona.,REPORTE_PROBLEMA,synthetic:handwritten-templates-v1,true,not_applicable,,not_human_reviewed,REPORTE_PROBLEMA:05,la encuesta del Sisbén,Cúcuta
syn-1153,"Buenos días, Quiero saber si ya está listo el resultado del certificado de antecedentes disciplinarios en Pasto.",VERIFICACION_ESTADO,synthetic:handwritten-templates-v1,true,not_applicable,,not_human_reviewed,VERIFICACION_ESTADO:10,el certificado de antecedentes disciplinarios,Pasto
syn-1518,"Buenos días, El botón para continuar con el duplicado de la cédula en Barranquilla no funciona.",REPORTE_PROBLEMA,synthetic:handwritten-templates-v1,true,not_applicable,,not_human_reviewed,REPORTE_PROBLEMA:05,el duplicado de la cédula,Barranquilla
syn-0916,"Hola, Estoy listo para tramitar la consulta de historia laboral en Pasto, ¿cuál es el paso inicial?",SOLICITUD_TRAMITE,synthetic:handwritten-templates-v1,true,not_applicable,,not_human_reviewed,SOLICITUD_TRAMITE:20,la consulta de historia laboral,Pasto
syn-1162,"Por favor, Quiero saber si ya está listo el resultado del pasaporte ordinario en Cali.",VERIFICACION_ESTADO,synthetic:handwritten-templates-v1,true,not_applicable,,not_human_reviewed,VERIFICACION_ESTADO:10,el pasaporte ordinario,Cali
syn-1169,Quiero saber si ya está listo el resultado de la encuesta del Sisbén en Bucaramanga.,VERIFICACION_ESTADO,synthetic:handwritten-templates-v1,true,not_applicable,,not_human_reviewed,VERIFICACION_ESTADO:10,la encuesta del Sisbén,Bucaramanga
syn-2216,¿Qué organismo puede atender mi consulta de la actualización del RUT en Manizales?,DERIVACION_ENTIDAD,synthetic:handwritten-templates-v1,true,not_applicable,,not_human_reviewed,DERIVACION_ENTIDAD:15,la actualización del RUT,Manizales
syn-0835,"Hola, Quiero abrir una gestión nueva de la consulta de historia laboral en Pereira.",SOLICITUD_TRAMITE,synthetic:handwritten-templates-v1,true,not_applicable,,not_human_reviewed,SOLICITUD_TRAMITE:16,la consulta de historia laboral,Pereira
syn-2117,¿Dónde me atiende una persona por el duplicado de la cédula en Bogotá?,DERIVACION_ENTIDAD,synthetic:handwritten-templates-v1,true,not_applicable,,not_human_reviewed,DERIVACION_ENTIDAD:11,el duplicado de la cédula,Bogotá
syn-1760,"Buenas, ¿me colaboras? El comprobante de la cédula digital en Cartagena no se puede descargar.",REPORTE_PROBLEMA,synthetic:handwritten-templates-v1,true,not_applicable,,not_human_reviewed,REPORTE_PROBLEMA:16,la cédula digital,Cartagena
syn-1138,"Hola, ¿Puedo revisar el progreso de la cédula digital que entregué en Cartagena?",VERIFICACION_ESTADO,synthetic:handwritten-templates-v1,true,not_applicable,,not_human_reviewed,VERIFICACION_ESTADO:09,la cédula digital,Cartagena
syn-1521,Me haces el favor: El botón para continuar con la consulta de historia laboral en Pasto no funciona.,REPORTE_PROBLEMA,synthetic:handwritten-templates-v1,true,not_applicable,,not_human_reviewed,REPORTE_PROBLEMA:05,la consulta de historia laboral,Pasto
syn-0133,Una preguntica: ¿Hace falta una cita para la cédula digital en Medellín?,CONSULTA_INFORMATIVA,synthetic:handwritten-templates-v1,true,not_applicable,,not_human_reviewed,CONSULTA_INFORMATIVA:06,la cédula digital,Medellín
syn-1191,Hace unos días presenté la inscripción del RUT en Barranquilla; ¿en qué etapa va?,VERIFICACION_ESTADO,synthetic:handwritten-templates-v1,true,not_applicable,,not_human_reviewed,VERIFICACION_ESTADO:11,la inscripción del RUT,Barranquilla
syn-1462,"Por favor, El sistema de la cédula digital en Medellín se queda bloqueado.",REPORTE_PROBLEMA,synthetic:handwritten-templates-v1,true,not_applicable,,not_human_reviewed,REPORTE_PROBLEMA:03,la cédula digital,Medellín
syn-1579,Una preguntica: El enlace del pasaporte ordinario para Bucaramanga está roto.,REPORTE_PROBLEMA,synthetic:handwritten-templates-v1,true,not_applicable,,not_human_reviewed,REPORTE_PROBLEMA:08,el pasaporte ordinario,Bucaramanga
syn-0699,"Buenas, ¿me colaboras? ¿Me ayudas a arrancar con la consulta de historia laboral en Pasto?",SOLICITUD_TRAMITE,synthetic:handwritten-templates-v1,true,not_applicable,,not_human_reviewed,SOLICITUD_TRAMITE:10,la consulta de historia laboral,Pasto
syn-1400,Me haces el favor: ¿Hay novedades de mi trámite del certificado de antecedentes judiciales radicado en Cúcuta?,VERIFICACION_ESTADO,synthetic:handwritten-templates-v1,true,not_applicable,,not_human_reviewed,VERIFICACION_ESTADO:20,el certificado de antecedentes judiciales,Cúcuta
syn-0633,Me haces el favor: Indícame cómo radicar una nueva solicitud del certificado de antecedentes fiscales en Ibagué.,SOLICITUD_TRAMITE,synthetic:handwritten-templates-v1,true,not_applicable,,not_human_reviewed,SOLICITUD_TRAMITE:08,el certificado de antecedentes fiscales,Ibagué
syn-0301,"Buenas, ¿me colaboras? Me explicas en palabras sencillas en qué consiste la actualización del RUT en Cartagena.",CONSULTA_INFORMATIVA,synthetic:handwritten-templates-v1,true,not_applicable,,not_human_reviewed,CONSULTA_INFORMATIVA:13,la actualización del RUT,Cartagena
syn-0884,"Buenas tardes, Ya decidí hacer la cédula digital en Cartagena; orienta mi solicitud.",SOLICITUD_TRAMITE,synthetic:handwritten-templates-v1,true,not_applicable,,not_human_reviewed,SOLICITUD_TRAMITE:18,la cédula digital,Cartagena
syn-1814,"Buenas, ¿me colaboras? No me deja ingresar a la plataforma de la corrección del registro civil en Medellín.",REPORTE_PROBLEMA,synthetic:handwritten-templates-v1,true,not_applicable,,not_human_reviewed,REPORTE_PROBLEMA:18,la corrección del registro civil,Medellín
syn-0676,Una preguntica: Quiero agendar el inicio de la renovación de la licencia de conducción en Ibagué.,SOLICITUD_TRAMITE,synthetic:handwritten-templates-v1,true,not_applicable,,not_human_reviewed,SOLICITUD_TRAMITE:09,la renovación de la licencia de conducción,Ibagué
syn-0768,Necesito el enlace para iniciar el certificado de antecedentes judiciales desde Cúcuta.,SOLICITUD_TRAMITE,synthetic:handwritten-templates-v1,true,not_applicable,,not_human_reviewed,SOLICITUD_TRAMITE:13,el certificado de antecedentes judiciales,Cúcuta
syn-1566,Me haces el favor: Se borró la información mientras hacíal registro civil de nacimiento en Bogotá.,REPORTE_PROBLEMA,synthetic:handwritten-templates-v1,true,not_applicable,,not_human_reviewed,REPORTE_PROBLEMA:07,el registro civil de nacimiento,Bogotá
syn-2076,"Buenos días, ¿A qué dependencia le corresponde la renovación de la licencia de conducción en Manizales?",DERIVACION_ENTIDAD,synthetic:handwritten-templates-v1,true,not_applicable,,not_human_reviewed,DERIVACION_ENTIDAD:09,la renovación de la licencia de conducción,Manizales
syn-0251,"Buenos días, Busco información general sobre la cédula digital en Medellín.",CONSULTA_INFORMATIVA,synthetic:handwritten-templates-v1,true,not_applicable,,not_human_reviewed,CONSULTA_INFORMATIVA:11,la cédula digital,Medellín
syn-1096,"Buenos días, Presenté la renovación de la licencia de conducción en Manizales, ¿sigue en revisión?",VERIFICACION_ESTADO,synthetic:handwritten-templates-v1,true,not_applicable,,not_human_reviewed,VERIFICACION_ESTADO:07,la renovación de la licencia de conducción,Manizales
syn-1815,No me deja ingresar a la plataforma de la cédula digital en Cartagena.,REPORTE_PROBLEMA,synthetic:handwritten-templates-v1,true,not_applicable,,not_human_reviewed,REPORTE_PROBLEMA:18,la cédula digital,Cartagena
syn-0016,"Buenas tardes, ¿Qué documentos piden paral certificado de antecedentes fiscales en Ibagué?",CONSULTA_INFORMATIVA,synthetic:handwritten-templates-v1,true,not_applicable,,not_human_reviewed,CONSULTA_INFORMATIVA:01,el certificado de antecedentes fiscales,Ibagué
syn-2197,"Buenos días, ¿Me remites a la entidad que manejal certificado de antecedentes judiciales en Cúcuta?",DERIVACION_ENTIDAD,synthetic:handwritten-templates-v1,true,not_applicable,,not_human_reviewed,DERIVACION_ENTIDAD:14,el certificado de antecedentes judiciales,Cúcuta
syn-1317,"Hola, Necesito consultar si finalizaron la inscripción del RUT que inicié en Barranquilla.",VERIFICACION_ESTADO,synthetic:handwritten-templates-v1,true,not_applicable,,not_human_reviewed,VERIFICACION_ESTADO:17,la inscripción del RUT,Barranquilla
syn-0991,Quiero consultar el avance de la renovación de la licencia de conducción que radiqué en Ibagué.,VERIFICACION_ESTADO,synthetic:handwritten-templates-v1,true,not_applicable,,not_human_reviewed,VERIFICACION_ESTADO:03,la renovación de la licencia de conducción,Ibagué
syn-1313,Me haces el favor: Necesito consultar si finalizaron la presentación de PQRS que inicié en Cali.,VERIFICACION_ESTADO,synthetic:handwritten-templates-v1,true,not_applicable,,not_human_reviewed,VERIFICACION_ESTADO:17,la presentación de PQRS,Cali
syn-1358,¿Cómo veo el resultado de mi solicitud registrada de la cédula digital en Medellín?,VERIFICACION_ESTADO,synthetic:handwritten-templates-v1,true,not_applicable,,not_human_reviewed,VERIFICACION_ESTADO:18,la cédula digital,Medellín
syn-0259,"Buenas, Busco información general sobre la corrección del registro civil en Medellín.",CONSULTA_INFORMATIVA,synthetic:handwritten-templates-v1,true,not_applicable,,not_human_reviewed,CONSULTA_INFORMATIVA:11,la corrección del registro civil,Medellín
syn-1918,"Buenas, ¿A cuál oficina debo dirigirme por la inscripción del RUT en Barranquilla?",DERIVACION_ENTIDAD,synthetic:handwritten-templates-v1,true,not_applicable,,not_human_reviewed,DERIVACION_ENTIDAD:02,la inscripción del RUT,Barranquilla
syn-1878,"Buenas tardes, ¿Qué entidad atiende la cédula digital en Medellín?",DERIVACION_ENTIDAD,synthetic:handwritten-templates-v1,true,not_applicable,,not_human_reviewed,DERIVACION_ENTIDAD:01,la cédula digital,Medellín
syn-2211,"Buenas tardes, ¿Qué organismo puede atender mi consulta de la consulta de historia laboral en Pasto?",DERIVACION_ENTIDAD,synthetic:handwritten-templates-v1,true,not_applicable,,not_human_reviewed,DERIVACION_ENTIDAD:15,la consulta de historia laboral,Pasto
syn-1371,Tengo una gestión abierta de la actualización del RUT en Manizales y quiero ver su avance.,VERIFICACION_ESTADO,synthetic:handwritten-templates-v1,true,not_applicable,,not_human_reviewed,VERIFICACION_ESTADO:19,la actualización del RUT,Manizales
syn-0684,"Buenos días, ¿Me ayudas a arrancar con el certificado de antecedentes disciplinarios en Pasto?",SOLICITUD_TRAMITE,synthetic:handwritten-templates-v1,true,not_applicable,,not_human_reviewed,SOLICITUD_TRAMITE:10,el certificado de antecedentes disciplinarios,Pasto
syn-1639,El formulario de la actualización del RUT en Cartagena rechaza datos que son correctos.,REPORTE_PROBLEMA,synthetic:handwritten-templates-v1,true,not_applicable,,not_human_reviewed,REPORTE_PROBLEMA:11,la actualización del RUT,Cartagena
syn-1166,Me haces el favor: Quiero saber si ya está listo el resultado de la corrección del registro civil en Medellín.,VERIFICACION_ESTADO,synthetic:handwritten-templates-v1,true,not_applicable,,not_human_reviewed,VERIFICACION_ESTADO:10,la corrección del registro civil,Medellín
syn-2327,Una preguntica: ¿A quién le corresponde orientarme sobre la renovación de la licencia de conducción en Manizales?,DERIVACION_ENTIDAD,synthetic:handwritten-templates-v1,true,not_applicable,,not_human_reviewed,DERIVACION_ENTIDAD:20,la renovación de la licencia de conducción,Manizales
syn-0758,Necesito el enlace para iniciar el registro civil de nacimiento desde Bogotá.,SOLICITUD_TRAMITE,synthetic:handwritten-templates-v1,true,not_applicable,,not_human_reviewed,SOLICITUD_TRAMITE:13,el registro civil de nacimiento,Bogotá
syn-0914,"Buenas, ¿me colaboras? Estoy listo para tramitar el pasaporte ordinario en Cali, ¿cuál es el paso inicial?",SOLICITUD_TRAMITE,synthetic:handwritten-templates-v1,true,not_applicable,,not_human_reviewed,SOLICITUD_TRAMITE:20,el pasaporte ordinario,Cali
syn-1294,"Hola, Ya envié los documentos de la inscripción del RUT en Barranquilla; busco la respuesta.",VERIFICACION_ESTADO,synthetic:handwritten-templates-v1,true,not_applicable,,not_human_reviewed,VERIFICACION_ESTADO:16,la inscripción del RUT,Barranquilla
syn-0879,Ya decidí hacer la corrección del registro civil en Medellín; orienta mi solicitud.,SOLICITUD_TRAMITE,synthetic:handwritten-templates-v1,true,not_applicable,,not_human_reviewed,SOLICITUD_TRAMITE:18,la corrección del registro civil,Medellín
syn-1672,"Hola, Quiero reportar una falla en el servicio del certificado de afiliación a salud en Villavicencio.",REPORTE_PROBLEMA,synthetic:handwritten-templates-v1,true,not_applicable,,not_human_reviewed,REPORTE_PROBLEMA:12,el certificado de afiliación a salud,Villavicencio
syn-0030,"Disculpa, ¿Cuánto cuesta la inscripción del RUT en Barranquilla?",CONSULTA_INFORMATIVA,synthetic:handwritten-templates-v1,true,not_applicable,,not_human_reviewed,CONSULTA_INFORMATIVA:02,la inscripción del RUT,Barranquilla
syn-1272,"Hola, ¿Mi solicitud anterior del certificado de antecedentes fiscales en Ibagué continúa pendiente?",VERIFICACION_ESTADO,synthetic:handwritten-templates-v1,true,not_applicable,,not_human_reviewed,VERIFICACION_ESTADO:15,el certificado de antecedentes fiscales,Ibagué
syn-2195,"Buenas, ¿Me remites a la entidad que maneja la encuesta del Sisbén en Bucaramanga?",DERIVACION_ENTIDAD,synthetic:handwritten-templates-v1,true,not_applicable,,not_human_reviewed,DERIVACION_ENTIDAD:14,la encuesta del Sisbén,Bucaramanga
syn-0519,"Buenos días, Necesito hacer el duplicado de la cédula en Barranquilla, ¿cómo empiezo?",SOLICITUD_TRAMITE,synthetic:handwritten-templates-v1,true,not_applicable,,not_human_reviewed,SOLICITUD_TRAMITE:03,el duplicado de la cédula,Barranquilla
syn-0552,"Buenas tardes, Voy a gestionar el pasaporte ordinario en Cali y busco el primer paso.",SOLICITUD_TRAMITE,synthetic:handwritten-templates-v1,true,not_applicable,,not_human_reviewed,SOLICITUD_TRAMITE:04,el pasaporte ordinario,Cali
syn-1960,Quiero contactar a la entidad encargada de la consulta de historia laboral en Pereira.,DERIVACION_ENTIDAD,synthetic:handwritten-templates-v1,true,not_applicable,,not_human_reviewed,DERIVACION_ENTIDAD:04,la consulta de historia laboral,Pereira
syn-0163,"Disculpa, ¿Qué diferencia hay entre la atención presencial y virtual paral certificado de afiliación a salud en Villavicencio?",CONSULTA_INFORMATIVA,synthetic:handwritten-templates-v1,true,not_applicable,,not_human_reviewed,CONSULTA_INFORMATIVA:07,el certificado de afiliación a salud,Villavicencio
syn-0528,"Por favor, Necesito hacer la inscripción del RUT en Barranquilla, ¿cómo empiezo?",SOLICITUD_TRAMITE,synthetic:handwritten-templates-v1,true,not_applicable,,not_human_reviewed,SOLICITUD_TRAMITE:03,la inscripción del RUT,Barranquilla
syn-0858,"Buenas, Busco comenzar la encuesta del Sisbén por el canal oficial de Cúcuta.",SOLICITUD_TRAMITE,synthetic:handwritten-templates-v1,true,not_applicable,,not_human_reviewed,SOLICITUD_TRAMITE:17,la encuesta del Sisbén,Cúcuta
syn-2084,Quiero hablar con un funcionario responsable del certificado de antecedentes disciplinarios en Pasto.,DERIVACION_ENTIDAD,synthetic:handwritten-templates-v1,true,not_applicable,,not_human_reviewed,DERIVACION_ENTIDAD:10,el certificado de antecedentes disciplinarios,Pasto
syn-0529,"Buenos días, Necesito hacer la encuesta del Sisbén en Cúcuta, ¿cómo empiezo?",SOLICITUD_TRAMITE,synthetic:handwritten-templates-v1,true,not_applicable,,not_human_reviewed,SOLICITUD_TRAMITE:03,la encuesta del Sisbén,Cúcuta
syn-1972,¿Con qué institución hablo sobre el certificado de antecedentes disciplinarios en Pasto?,DERIVACION_ENTIDAD,synthetic:handwritten-templates-v1,true,not_applicable,,not_human_reviewed,DERIVACION_ENTIDAD:05,el certificado de antecedentes disciplinarios,Pasto
syn-1221,"Buenas tardes, Me dieron un comprobante del certificado de antecedentes judiciales en Villavicencio; quiero revisar la gestión.",VERIFICACION_ESTADO,synthetic:handwritten-templates-v1,true,not_applicable,,not_human_reviewed,VERIFICACION_ESTADO:13,el certificado de antecedentes judiciales,Villavicencio
syn-1466,Me haces el favor: El sistema de la actualización del RUT en Cartagena se queda bloqueado.,REPORTE_PROBLEMA,synthetic:handwritten-templates-v1,true,not_applicable,,not_human_reviewed,REPORTE_PROBLEMA:03,la actualización del RUT,Cartagena
syn-1667,"Disculpa, Quiero reportar una falla en el servicio del registro civil de nacimiento en Bogotá.",REPORTE_PROBLEMA,synthetic:handwritten-templates-v1,true,not_applicable,,not_human_reviewed,REPORTE_PROBLEMA:12,el registro civil de nacimiento,Bogotá
syn-0998,Me haces el favor: Quiero consultar el avance de la inscripción del RUT que radiqué en Pereira.,VERIFICACION_ESTADO,synthetic:handwritten-templates-v1,true,not_applicable,,not_human_reviewed,VERIFICACION_ESTADO:03,la inscripción del RUT,Pereira
syn-1628,"Buenas, La plataforma muestra un error de conexión al hacer la encuesta del Sisbén en Bucaramanga.",REPORTE_PROBLEMA,synthetic:handwritten-templates-v1,true,not_applicable,,not_human_reviewed,REPORTE_PROBLEMA:10,la encuesta del Sisbén,Bucaramanga
syn-0427,"Buenas, ¿Debo presentar originales o copias para la consulta de historia laboral en Pereira?",CONSULTA_INFORMATIVA,synthetic:handwritten-templates-v1,true,not_applicable,,not_human_reviewed,CONSULTA_INFORMATIVA:19,la consulta de historia laboral,Pereira
syn-2019,"Buenas, ¿Hay una sede que atienda consultas sobre el pasaporte ordinario en Cali?",DERIVACION_ENTIDAD,synthetic:handwritten-templates-v1,true,not_applicable,,not_human_reviewed,DERIVACION_ENTIDAD:07,el pasaporte ordinario,Cali
syn-2227,Una preguntica: Quiero la dirección de la sede competente para la encuesta del Sisbén en Bucaramanga.,DERIVACION_ENTIDAD,synthetic:handwritten-templates-v1,true,not_applicable,,not_human_reviewed,DERIVACION_ENTIDAD:16,la encuesta del Sisbén,Bucaramanga
syn-0454,"Me haces el favor: Estoy averiguando cómo es la corrección del registro civil en Medellín, todavía no voy a iniciarlo.",CONSULTA_INFORMATIVA,synthetic:handwritten-templates-v1,true,not_applicable,,not_human_reviewed,CONSULTA_INFORMATIVA:20,la corrección del registro civil,Medellín
syn-1156,Me haces el favor: Quiero saber si ya está listo el resultado del pasaporte ordinario en Bucaramanga.,VERIFICACION_ESTADO,synthetic:handwritten-templates-v1,true,not_applicable,,not_human_reviewed,VERIFICACION_ESTADO:10,el pasaporte ordinario,Bucaramanga
syn-1734,"Buenas tardes, Se cayó el portal cuando estaba con el registro civil de nacimiento en Bogotá.",REPORTE_PROBLEMA,synthetic:handwritten-templates-v1,true,not_applicable,,not_human_reviewed,REPORTE_PROBLEMA:15,el registro civil de nacimiento,Bogotá
syn-1480,"Buenas, ¿me colaboras? Intenté pagar la actualización del RUT en Cartagena y el portal rechazó la operación.",REPORTE_PROBLEMA,synthetic:handwritten-templates-v1,true,not_applicable,,not_human_reviewed,REPORTE_PROBLEMA:04,la actualización del RUT,Cartagena
syn-1040,"Buenos días, Tengo un radicado del pasaporte ordinario en Bucaramanga y busco su estado.",VERIFICACION_ESTADO,synthetic:handwritten-templates-v1,true,not_applicable,,not_human_reviewed,VERIFICACION_ESTADO:05,el pasaporte ordinario,Bucaramanga
syn-0504,"Buenas, Ayúdame a tramitar el certificado de antecedentes judiciales desde Cúcuta.",SOLICITUD_TRAMITE,synthetic:handwritten-templates-v1,true,not_applicable,,not_human_reviewed,SOLICITUD_TRAMITE:02,el certificado de antecedentes judiciales,Cúcuta
syn-0915,"Estoy listo para tramitar la renovación de la licencia de conducción en Manizales, ¿cuál es el paso inicial?",SOLICITUD_TRAMITE,synthetic:handwritten-templates-v1,true,not_applicable,,not_human_reviewed,SOLICITUD_TRAMITE:20,la renovación de la licencia de conducción,Manizales
syn-1066,Me haces el favor: ¿Ya respondieron mi petición de la renovación de la licencia de conducción en Manizales?,VERIFICACION_ESTADO,synthetic:handwritten-templates-v1,true,not_applicable,,not_human_reviewed,VERIFICACION_ESTADO:06,la renovación de la licencia de conducción,Manizales
syn-1300,Me haces el favor: Ya envié los documentos de la encuesta del Sisbén en Cúcuta; busco la respuesta.,VERIFICACION_ESTADO,synthetic:handwritten-templates-v1,true,not_applicable,,not_human_reviewed,VERIFICACION_ESTADO:16,la encuesta del Sisbén,Cúcuta
syn-0346,¿Qué datos pidel formulario del duplicado de la cédula en Bogotá?,CONSULTA_INFORMATIVA,synthetic:handwritten-templates-v1,true,not_applicable,,not_human_reviewed,CONSULTA_INFORMATIVA:15,el duplicado de la cédula,Bogotá
syn-1693,"Buenas, ¿me colaboras? El código de verificación de la presentación de PQRS en Cali no llega.",REPORTE_PROBLEMA,synthetic:handwritten-templates-v1,true,not_applicable,,not_human_reviewed,REPORTE_PROBLEMA:13,la presentación de PQRS,Cali
syn-1020,Me haces el favor: ¿Cómo hago seguimiento a mi solicitud existente de la renovación de la licencia de conducción en Manizales?,VERIFICACION_ESTADO,synthetic:handwritten-templates-v1,true,not_applicable,,not_human_reviewed,VERIFICACION_ESTADO:04,la renovación de la licencia de conducción,Manizales
syn-1273,"Buenas, ¿Mi solicitud anterior de la renovación de la licencia de conducción en Manizales continúa pendiente?",VERIFICACION_ESTADO,synthetic:handwritten-templates-v1,true,not_applicable,,not_human_reviewed,VERIFICACION_ESTADO:15,la renovación de la licencia de conducción,Manizales
syn-2286,"Buenas, ¿Existe una línea de atención oficial paral duplicado de la cédula en Barranquilla?",DERIVACION_ENTIDAD,synthetic:handwritten-templates-v1,true,not_applicable,,not_human_reviewed,DERIVACION_ENTIDAD:18,el duplicado de la cédula,Barranquilla
syn-0691,"Hola, ¿Me ayudas a arrancar con la encuesta del Sisbén en Bucaramanga?",SOLICITUD_TRAMITE,synthetic:handwritten-templates-v1,true,not_applicable,,not_human_reviewed,SOLICITUD_TRAMITE:10,la encuesta del Sisbén,Bucaramanga
syn-0693,"Por favor, ¿Me ayudas a arrancar con la presentación de PQRS en Cali?",SOLICITUD_TRAMITE,synthetic:handwritten-templates-v1,true,not_applicable,,not_human_reviewed,SOLICITUD_TRAMITE:10,la presentación de PQRS,Cali
syn-1019,"Disculpa, ¿Cómo hago seguimiento a mi solicitud existente de la consulta de historia laboral en Pereira?",VERIFICACION_ESTADO,synthetic:handwritten-templates-v1,true,not_applicable,,not_human_reviewed,VERIFICACION_ESTADO:04,la consulta de historia laboral,Pereira
syn-0847,"Hola, Busco comenzar la consulta de historia laboral por el canal oficial de Pasto.",SOLICITUD_TRAMITE,synthetic:handwritten-templates-v1,true,not_applicable,,not_human_reviewed,SOLICITUD_TRAMITE:17,la consulta de historia laboral,Pasto
syn-0040,"Disculpa, ¿Cuánto cuesta la renovación de la licencia de conducción en Manizales?",CONSULTA_INFORMATIVA,synthetic:handwritten-templates-v1,true,not_applicable,,not_human_reviewed,CONSULTA_INFORMATIVA:02,la renovación de la licencia de conducción,Manizales
syn-1776,"Buenas tardes, El comprobante del certificado de antecedentes fiscales en Ibagué no se puede descargar.",REPORTE_PROBLEMA,synthetic:handwritten-templates-v1,true,not_applicable,,not_human_reviewed,REPORTE_PROBLEMA:16,el certificado de antecedentes fiscales,Ibagué
syn-0148,"Hola, ¿Qué diferencia hay entre la atención presencial y virtual para la inscripción del RUT en Barranquilla?",CONSULTA_INFORMATIVA,synthetic:handwritten-templates-v1,true,not_applicable,,not_human_reviewed,CONSULTA_INFORMATIVA:07,la inscripción del RUT,Barranquilla
syn-0413,¿Hay una guía para entender el certificado de antecedentes judiciales en Villavicencio?,CONSULTA_INFORMATIVA,synthetic:handwritten-templates-v1,true,not_applicable,,not_human_reviewed,CONSULTA_INFORMATIVA:18,el certificado de antecedentes judiciales,Villavicencio
syn-1705,"Hola, El código de verificación de la corrección del registro civil en Medellín no llega.",REPORTE_PROBLEMA,synthetic:handwritten-templates-v1,true,not_applicable,,not_human_reviewed,REPORTE_PROBLEMA:13,la corrección del registro civil,Medellín
syn-1337,"Buenas, ¿me colaboras? ¿Cómo veo el resultado de mi solicitud registrada de la presentación de PQRS en Cali?",VERIFICACION_ESTADO,synthetic:handwritten-templates-v1,true,not_applicable,,not_human_reviewed,VERIFICACION_ESTADO:18,la presentación de PQRS,Cali
syn-0888,"Buenas, ¿me colaboras? Ya decidí hacer el certificado de afiliación a salud en Villavicencio; orienta mi solicitud.",SOLICITUD_TRAMITE,synthetic:handwritten-templates-v1,true,not_applicable,,not_human_reviewed,SOLICITUD_TRAMITE:18,el certificado de afiliación a salud,Villavicencio
syn-1516,"Buenas, El botón para continuar con la inscripción del RUT en Barranquilla no funciona.",REPORTE_PROBLEMA,synthetic:handwritten-templates-v1,true,not_applicable,,not_human_reviewed,REPORTE_PROBLEMA:05,la inscripción del RUT,Barranquilla
syn-1983,"Hola, ¿Con qué institución hablo sobre la renovación de la licencia de conducción en Manizales?",DERIVACION_ENTIDAD,synthetic:handwritten-templates-v1,true,not_applicable,,not_human_reviewed,DERIVACION_ENTIDAD:05,la renovación de la licencia de conducción,Manizales
syn-0952,"Buenas tardes, ¿En qué estado está mi solicitud de la consulta de historia laboral presentada en Pereira?",VERIFICACION_ESTADO,synthetic:handwritten-templates-v1,true,not_applicable,,not_human_reviewed,VERIFICACION_ESTADO:01,la consulta de historia laboral,Pereira
syn-1254,"Disculpa, ¿Han actualizado el estado de mi petición de la encuesta del Sisbén en Bucaramanga?",VERIFICACION_ESTADO,synthetic:handwritten-templates-v1,true,not_applicable,,not_human_reviewed,VERIFICACION_ESTADO:14,la encuesta del Sisbén,Bucaramanga
syn-1439,"Buenas, Me sale un error al llenar el formulario del duplicado de la cédula en Barranquilla.",REPORTE_PROBLEMA,synthetic:handwritten-templates-v1,true,not_applicable,,not_human_reviewed,REPORTE_PROBLEMA:02,el duplicado de la cédula,Barranquilla
syn-0638,"Buenas, Indícame cómo radicar una nueva solicitud de la encuesta del Sisbén en Cúcuta.",SOLICITUD_TRAMITE,synthetic:handwritten-templates-v1,true,not_applicable,,not_human_reviewed,SOLICITUD_TRAMITE:08,la encuesta del Sisbén,Cúcuta
syn-2293,"Buenas, ¿me colaboras? ¿Existe una línea de atención oficial para la encuesta del Sisbén en Cúcuta?",DERIVACION_ENTIDAD,synthetic:handwritten-templates-v1,true,not_applicable,,not_human_reviewed,DERIVACION_ENTIDAD:18,la encuesta del Sisbén,Cúcuta
syn-1311,Una preguntica: Ya envié los documentos del duplicado de la cédula en Barranquilla; busco la respuesta.,VERIFICACION_ESTADO,synthetic:handwritten-templates-v1,true,not_applicable,,not_human_reviewed,VERIFICACION_ESTADO:16,el duplicado de la cédula,Barranquilla
syn-1022,"Buenas, ¿me colaboras? ¿Cómo hago seguimiento a mi solicitud existente de la inscripción del RUT en Barranquilla?",VERIFICACION_ESTADO,synthetic:handwritten-templates-v1,true,not_applicable,,not_human_reviewed,VERIFICACION_ESTADO:04,la inscripción del RUT,Barranquilla
syn-0869,Ya decidí hacer el certificado de antecedentes judiciales en Villavicencio; orienta mi solicitud.,SOLICITUD_TRAMITE,synthetic:handwritten-templates-v1,true,not_applicable,,not_human_reviewed,SOLICITUD_TRAMITE:18,el certificado de antecedentes judiciales,Villavicencio
syn-0109,"Disculpa, ¿Se puede hacer la encuesta del Sisbén por internet desde Bucaramanga?",CONSULTA_INFORMATIVA,synthetic:handwritten-templates-v1,true,not_applicable,,not_human_reviewed,CONSULTA_INFORMATIVA:05,la encuesta del Sisbén,Bucaramanga
syn-0969,"Ya hice el duplicado de la cédula en Bogotá, ¿cómo va la gestión?",VERIFICACION_ESTADO,synthetic:handwritten-templates-v1,true,not_applicable,,not_human_reviewed,VERIFICACION_ESTADO:02,el duplicado de la cédula,Bogotá
syn-2044,"Buenas tardes, Busco el contacto de la autoridad competente para la cédula digital en Cartagena.",DERIVACION_ENTIDAD,synthetic:handwritten-templates-v1,true,not_applicable,,not_human_reviewed,DERIVACION_ENTIDAD:08,la cédula digital,Cartagena
syn-0602,"Hola, Deseo comenzar el proceso de la inscripción del RUT en Barranquilla.",SOLICITUD_TRAMITE,synthetic:handwritten-templates-v1,true,not_applicable,,not_human_reviewed,SOLICITUD_TRAMITE:06,la inscripción del RUT,Barranquilla
syn-1084,"Buenas, Presenté el duplicado de la cédula en Bogotá, ¿sigue en revisión?",VERIFICACION_ESTADO,synthetic:handwritten-templates-v1,true,not_applicable,,not_human_reviewed,VERIFICACION_ESTADO:07,el duplicado de la cédula,Bogotá
syn-1954,"Buenos días, Quiero contactar a la entidad encargada del certificado de antecedentes judiciales en Cúcuta.",DERIVACION_ENTIDAD,synthetic:handwritten-templates-v1,true,not_applicable,,not_human_reviewed,DERIVACION_ENTIDAD:04,el certificado de antecedentes judiciales,Cúcuta
syn-0116,"Por favor, ¿Se puede hacer el certificado de afiliación a salud por internet desde Villavicencio?",CONSULTA_INFORMATIVA,synthetic:handwritten-templates-v1,true,not_applicable,,not_human_reviewed,CONSULTA_INFORMATIVA:05,el certificado de afiliación a salud,Villavicencio
syn-0775,"Buenas tardes, Quiero pasar de la información a la solicitud del certificado de antecedentes judiciales en Villavicencio.",SOLICITUD_TRAMITE,synthetic:handwritten-templates-v1,true,not_applicable,,not_human_reviewed,SOLICITUD_TRAMITE:14,el certificado de antecedentes judiciales,Villavicencio
syn-1106,"Hola, Busco saber si aprobaron mi solicitud del duplicado de la cédula en Barranquilla.",VERIFICACION_ESTADO,synthetic:handwritten-templates-v1,true,not_applicable,,not_human_reviewed,VERIFICACION_ESTADO:08,el duplicado de la cédula,Barranquilla
syn-2249,Una preguntica: ¿Cómo contacto al área de atención ciudadana del certificado de antecedentes judiciales en Cúcuta?,DERIVACION_ENTIDAD,synthetic:handwritten-templates-v1,true,not_applicable,,not_human_reviewed,DERIVACION_ENTIDAD:17,el certificado de antecedentes judiciales,Cúcuta
syn-0470,"Hola, Quiero iniciar la actualización del RUT en Manizales.",SOLICITUD_TRAMITE,synthetic:handwritten-templates-v1,true,not_applicable,,not_human_reviewed,SOLICITUD_TRAMITE:01,la actualización del RUT,Manizales
syn-1976,"Buenos días, ¿Con qué institución hablo sobre la consulta de historia laboral en Pereira?",DERIVACION_ENTIDAD,synthetic:handwritten-templates-v1,true,not_applicable,,not_human_reviewed,DERIVACION_ENTIDAD:05,la consulta de historia laboral,Pereira
syn-1537,No puedo adjuntar los documentos del certificado de antecedentes judiciales en Villavicencio; aparece un fallo.,REPORTE_PROBLEMA,synthetic:handwritten-templates-v1,true,not_applicable,,not_human_reviewed,REPORTE_PROBLEMA:06,el certificado de antecedentes judiciales,Villavicencio
syn-0334,Una preguntica: ¿Qué datos pidel formulario del certificado de antecedentes judiciales en Cúcuta?,CONSULTA_INFORMATIVA,synthetic:handwritten-templates-v1,true,not_applicable,,not_human_reviewed,CONSULTA_INFORMATIVA:15,el certificado de antecedentes judiciales,Cúcuta
syn-1817,"Buenas, No me deja ingresar a la plataforma de la inscripción del RUT en Pereira.",REPORTE_PROBLEMA,synthetic:handwritten-templates-v1,true,not_applicable,,not_human_reviewed,REPORTE_PROBLEMA:18,la inscripción del RUT,Pereira
syn-0407,"Buenos días, ¿Hay una guía para entender la actualización del RUT en Cartagena?",CONSULTA_INFORMATIVA,synthetic:handwritten-templates-v1,true,not_applicable,,not_human_reviewed,CONSULTA_INFORMATIVA:18,la actualización del RUT,Cartagena
syn-1967,"Buenas tardes, ¿Con qué institución hablo sobre el pasaporte ordinario en Bucaramanga?",DERIVACION_ENTIDAD,synthetic:handwritten-templates-v1,true,not_applicable,,not_human_reviewed,DERIVACION_ENTIDAD:05,el pasaporte ordinario,Bucaramanga
syn-1291,Una preguntica: Ya envié los documentos del pasaporte ordinario en Bucaramanga; busco la respuesta.,VERIFICACION_ESTADO,synthetic:handwritten-templates-v1,true,not_applicable,,not_human_reviewed,VERIFICACION_ESTADO:16,el pasaporte ordinario,Bucaramanga
syn-1796,"Por favor, Aparece un cobro repetido durante la inscripción del RUT en Barranquilla.",REPORTE_PROBLEMA,synthetic:handwritten-templates-v1,true,not_applicable,,not_human_reviewed,REPORTE_PROBLEMA:17,la inscripción del RUT,Barranquilla
syn-2051,"Buenas, Busco el contacto de la autoridad competente para la presentación de PQRS en Cali.",DERIVACION_ENTIDAD,synthetic:handwritten-templates-v1,true,not_applicable,,not_human_reviewed,DERIVACION_ENTIDAD:08,la presentación de PQRS,Cali
syn-1107,"Buenas, Busco saber si aprobaron mi solicitud de la inscripción del RUT en Pereira.",VERIFICACION_ESTADO,synthetic:handwritten-templates-v1,true,not_applicable,,not_human_reviewed,VERIFICACION_ESTADO:08,la inscripción del RUT,Pereira
syn-0265,"Disculpa, ¿Hay algún pago relacionado con el registro civil de nacimiento en Bogotá?",CONSULTA_INFORMATIVA,synthetic:handwritten-templates-v1,true,not_applicable,,not_human_reviewed,CONSULTA_INFORMATIVA:12,el registro civil de nacimiento,Bogotá
syn-2139,¿Cuál es el canal institucional para pedir orientación sobre la encuesta del Sisbén en Cúcuta?,DERIVACION_ENTIDAD,synthetic:handwritten-templates-v1,true,not_applicable,,not_human_reviewed,DERIVACION_ENTIDAD:12,la encuesta del Sisbén,Cúcuta
syn-1839,"Hola, La cita del duplicado de la cédula en Bogotá desapareció del sistema.",REPORTE_PROBLEMA,synthetic:handwritten-templates-v1,true,not_applicable,,not_human_reviewed,REPORTE_PROBLEMA:19,el duplicado de la cédula,Bogotá
syn-0446,"Buenas, ¿me colaboras? Estoy averiguando cómo es el duplicado de la cédula en Bogotá, todavía no voy a iniciarlo.",CONSULTA_INFORMATIVA,synthetic:handwritten-templates-v1,true,not_applicable,,not_human_reviewed,CONSULTA_INFORMATIVA:20,el duplicado de la cédula,Bogotá
syn-0708,"Disculpa, Es mi primera vez haciendo el certificado de antecedentes judiciales en Cúcuta; quiero empezarlo.",SOLICITUD_TRAMITE,synthetic:handwritten-templates-v1,true,not_applicable,,not_human_reviewed,SOLICITUD_TRAMITE:11,el certificado de antecedentes judiciales,Cúcuta
syn-1975,"Por favor, ¿Con qué institución hablo sobre el certificado de antecedentes judiciales en Cúcuta?",DERIVACION_ENTIDAD,synthetic:handwritten-templates-v1,true,not_applicable,,not_human_reviewed,DERIVACION_ENTIDAD:05,el certificado de antecedentes judiciales,Cúcuta
syn-1514,El botón para continuar con la actualización del RUT en Manizales no funciona.,REPORTE_PROBLEMA,synthetic:handwritten-templates-v1,true,not_applicable,,not_human_reviewed,REPORTE_PROBLEMA:05,la actualización del RUT,Manizales
syn-1390,Me haces el favor: ¿Hay novedades de mi trámite de la inscripción del RUT radicado en Barranquilla?,VERIFICACION_ESTADO,synthetic:handwritten-templates-v1,true,not_applicable,,not_human_reviewed,VERIFICACION_ESTADO:20,la inscripción del RUT,Barranquilla
syn-2036,Me haces el favor: Busco el contacto de la autoridad competente para la encuesta del Sisbén en Cúcuta.,DERIVACION_ENTIDAD,synthetic:handwritten-templates-v1,true,not_applicable,,not_human_reviewed,DERIVACION_ENTIDAD:08,la encuesta del Sisbén,Cúcuta
syn-1093,"Hola, Presenté el pasaporte ordinario en Cali, ¿sigue en revisión?",VERIFICACION_ESTADO,synthetic:handwritten-templates-v1,true,not_applicable,,not_human_reviewed,VERIFICACION_ESTADO:07,el pasaporte ordinario,Cali
syn-0770,"Buenas, Necesito el enlace para iniciar la inscripción del RUT desde Pereira.",SOLICITUD_TRAMITE,synthetic:handwritten-templates-v1,true,not_applicable,,not_human_reviewed,SOLICITUD_TRAMITE:13,la inscripción del RUT,Pereira
syn-1764,"Por favor, El comprobante de la renovación de la licencia de conducción en Manizales no se puede descargar.",REPORTE_PROBLEMA,synthetic:handwritten-templates-v1,true,not_applicable,,not_human_reviewed,REPORTE_PROBLEMA:16,la renovación de la licencia de conducción,Manizales
syn-1510,"Disculpa, El botón para continuar con la renovación de la licencia de conducción en Ibagué no funciona.",REPORTE_PROBLEMA,synthetic:handwritten-templates-v1,true,not_applicable,,not_human_reviewed,REPORTE_PROBLEMA:05,la renovación de la licencia de conducción,Ibagué
syn-1238,"Buenas, Me dieron un comprobante de la actualización del RUT en Manizales; quiero revisar la gestión.",VERIFICACION_ESTADO,synthetic:handwritten-templates-v1,true,not_applicable,,not_human_reviewed,VERIFICACION_ESTADO:13,la actualización del RUT,Manizales
syn-1884,"Hola, ¿Qué entidad atiendel duplicado de la cédula en Barranquilla?",DERIVACION_ENTIDAD,synthetic:handwritten-templates-v1,true,not_applicable,,not_human_reviewed,DERIVACION_ENTIDAD:01,el duplicado de la cédula,Barranquilla
syn-0689,"Buenas, ¿me colaboras? ¿Me ayudas a arrancar con la consulta de historia laboral en Pereira?",SOLICITUD_TRAMITE,synthetic:handwritten-templates-v1,true,not_applicable,,not_human_reviewed,SOLICITUD_TRAMITE:10,la consulta de historia laboral,Pereira
syn-1676,"Buenas tardes, Quiero reportar una falla en el servicio de la renovación de la licencia de conducción en Manizales.",REPORTE_PROBLEMA,synthetic:handwritten-templates-v1,true,not_applicable,,not_human_reviewed,REPORTE_PROBLEMA:12,la renovación de la licencia de conducción,Manizales
syn-0585,"Disculpa, Quisiera presentar una solicitud del duplicado de la cédula en Bogotá.",SOLICITUD_TRAMITE,synthetic:handwritten-templates-v1,true,not_applicable,,not_human_reviewed,SOLICITUD_TRAMITE:05,el duplicado de la cédula,Bogotá
syn-1414,"Buenas, ¿me colaboras? La página del pasaporte ordinario no carga cuando entro desde Cali.",REPORTE_PROBLEMA,synthetic:handwritten-templates-v1,true,not_applicable,,not_human_reviewed,REPORTE_PROBLEMA:01,el pasaporte ordinario,Cali
syn-1486,"Buenas tardes, Intenté pagar la renovación de la licencia de conducción en Manizales y el portal rechazó la operación.",REPORTE_PROBLEMA,synthetic:handwritten-templates-v1,true,not_applicable,,not_human_reviewed,REPORTE_PROBLEMA:04,la renovación de la licencia de conducción,Manizales
syn-0983,"Buenas, Quiero consultar el avance de la inscripción del RUT que radiqué en Barranquilla.",VERIFICACION_ESTADO,synthetic:handwritten-templates-v1,true,not_applicable,,not_human_reviewed,VERIFICACION_ESTADO:03,la inscripción del RUT,Barranquilla
syn-0081,"Hola, Explícame los requisitos de la inscripción del RUT en Pereira.",CONSULTA_INFORMATIVA,synthetic:handwritten-templates-v1,true,not_applicable,,not_human_reviewed,CONSULTA_INFORMATIVA:04,la inscripción del RUT,Pereira
syn-0307,"Por favor, ¿Las condiciones de la corrección del registro civil son las mismas para todos en Medellín?",CONSULTA_INFORMATIVA,synthetic:handwritten-templates-v1,true,not_applicable,,not_human_reviewed,CONSULTA_INFORMATIVA:14,la corrección del registro civil,Medellín
syn-1228,"Buenas, Me dieron un comprobante de la renovación de la licencia de conducción en Manizales; quiero revisar la gestión.",VERIFICACION_ESTADO,synthetic:handwritten-templates-v1,true,not_applicable,,not_human_reviewed,VERIFICACION_ESTADO:13,la renovación de la licencia de conducción,Manizales
syn-1188,Me haces el favor: Hace unos días presenté el duplicado de la cédula en Bogotá; ¿en qué etapa va?,VERIFICACION_ESTADO,synthetic:handwritten-templates-v1,true,not_applicable,,not_human_reviewed,VERIFICACION_ESTADO:11,el duplicado de la cédula,Bogotá
syn-0790,Quiero pasar de la información a la solicitud del duplicado de la cédula en Bogotá.,SOLICITUD_TRAMITE,synthetic:handwritten-templates-v1,true,not_applicable,,not_human_reviewed,SOLICITUD_TRAMITE:14,el duplicado de la cédula,Bogotá
syn-0487,Una preguntica: Quiero iniciar la renovación de la licencia de conducción en Manizales.,SOLICITUD_TRAMITE,synthetic:handwritten-templates-v1,true,not_applicable,,not_human_reviewed,SOLICITUD_TRAMITE:01,la renovación de la licencia de conducción,Manizales
syn-1938,¿Quién es el responsable institucional de la consulta de historia laboral en Pasto?,DERIVACION_ENTIDAD,synthetic:handwritten-templates-v1,true,not_applicable,,not_human_reviewed,DERIVACION_ENTIDAD:03,la consulta de historia laboral,Pasto
syn-0429,"Buenos días, ¿Debo presentar originales o copias paral certificado de afiliación a salud en Villavicencio?",CONSULTA_INFORMATIVA,synthetic:handwritten-templates-v1,true,not_applicable,,not_human_reviewed,CONSULTA_INFORMATIVA:19,el certificado de afiliación a salud,Villavicencio
syn-0536,"Hola, Necesito hacer la actualización del RUT en Cartagena, ¿cómo empiezo?",SOLICITUD_TRAMITE,synthetic:handwritten-templates-v1,true,not_applicable,,not_human_reviewed,SOLICITUD_TRAMITE:03,la actualización del RUT,Cartagena
syn-1779,"Disculpa, Aparece un cobro repetido durante la renovación de la licencia de conducción en Ibagué.",REPORTE_PROBLEMA,synthetic:handwritten-templates-v1,true,not_applicable,,not_human_reviewed,REPORTE_PROBLEMA:17,la renovación de la licencia de conducción,Ibagué
syn-1062,"Por favor, ¿Ya respondieron mi petición de la inscripción del RUT en Pereira?",VERIFICACION_ESTADO,synthetic:handwritten-templates-v1,true,not_applicable,,not_human_reviewed,VERIFICACION_ESTADO:06,la inscripción del RUT,Pereira
syn-0567,Una preguntica: Quisiera presentar una solicitud de la renovación de la licencia de conducción en Manizales.,SOLICITUD_TRAMITE,synthetic:handwritten-templates-v1,true,not_applicable,,not_human_reviewed,SOLICITUD_TRAMITE:05,la renovación de la licencia de conducción,Manizales
syn-0233,Una preguntica: ¿Qué comprobantes debo llevar paral duplicado de la cédula en Bogotá?,CONSULTA_INFORMATIVA,synthetic:handwritten-templates-v1,true,not_applicable,,not_human_reviewed,CONSULTA_INFORMATIVA:10,el duplicado de la cédula,Bogotá
syn-2212,"Disculpa, ¿Qué organismo puede atender mi consulta del certificado de antecedentes judiciales en Villavicencio?",DERIVACION_ENTIDAD,synthetic:handwritten-templates-v1,true,not_applicable,,not_human_reviewed,DERIVACION_ENTIDAD:15,el certificado de antecedentes judiciales,Villavicencio
syn-0745,Voy a diligenciar la solicitud de la renovación de la licencia de conducción en Manizales.,SOLICITUD_TRAMITE,synthetic:handwritten-templates-v1,true,not_applicable,,not_human_reviewed,SOLICITUD_TRAMITE:12,la renovación de la licencia de conducción,Manizales
syn-2234,"Buenas tardes, Quiero la dirección de la sede competente para la renovación de la licencia de conducción en Manizales.",DERIVACION_ENTIDAD,synthetic:handwritten-templates-v1,true,not_applicable,,not_human_reviewed,DERIVACION_ENTIDAD:16,la renovación de la licencia de conducción,Manizales
syn-0930,"Buenas tardes, Estoy listo para tramitar el certificado de afiliación a salud en Villavicencio, ¿cuál es el paso inicial?",SOLICITUD_TRAMITE,synthetic:handwritten-templates-v1,true,not_applicable,,not_human_reviewed,SOLICITUD_TRAMITE:20,el certificado de afiliación a salud,Villavicencio
syn-2057,Una preguntica: Busco el contacto de la autoridad competente paral pasaporte ordinario en Bucaramanga.,DERIVACION_ENTIDAD,synthetic:handwritten-templates-v1,true,not_applicable,,not_human_reviewed,DERIVACION_ENTIDAD:08,el pasaporte ordinario,Bucaramanga
syn-2271,Me haces el favor: ¿Existe una línea de atención oficial paral pasaporte ordinario en Bucaramanga?,DERIVACION_ENTIDAD,synthetic:handwritten-templates-v1,true,not_applicable,,not_human_reviewed,DERIVACION_ENTIDAD:18,el pasaporte ordinario,Bucaramanga
syn-1407,"Buenas, La página del pasaporte ordinario no carga cuando entro desde Bucaramanga.",REPORTE_PROBLEMA,synthetic:handwritten-templates-v1,true,not_applicable,,not_human_reviewed,REPORTE_PROBLEMA:01,el pasaporte ordinario,Bucaramanga
syn-1571,El enlace del certificado de antecedentes disciplinarios para Pasto está roto.,REPORTE_PROBLEMA,synthetic:handwritten-templates-v1,true,not_applicable,,not_human_reviewed,REPORTE_PROBLEMA:08,el certificado de antecedentes disciplinarios,Pasto
syn-1470,"Hola, El sistema del pasaporte ordinario en Cali se queda bloqueado.",REPORTE_PROBLEMA,synthetic:handwritten-templates-v1,true,not_applicable,,not_human_reviewed,REPORTE_PROBLEMA:03,el pasaporte ordinario,Cali
syn-2196,"Por favor, ¿Me remites a la entidad que maneja la inscripción del RUT en Pereira?",DERIVACION_ENTIDAD,synthetic:handwritten-templates-v1,true,not_applicable,,not_human_reviewed,DERIVACION_ENTIDAD:14,la inscripción del RUT,Pereira
syn-2280,"Disculpa, ¿Existe una línea de atención oficial paral certificado de antecedentes fiscales en Ibagué?",DERIVACION_ENTIDAD,synthetic:handwritten-templates-v1,true,not_applicable,,not_human_reviewed,DERIVACION_ENTIDAD:18,el certificado de antecedentes fiscales,Ibagué
syn-2067,"Buenas tardes, ¿A qué dependencia le correspondel registro civil de nacimiento en Bogotá?",DERIVACION_ENTIDAD,synthetic:handwritten-templates-v1,true,not_applicable,,not_human_reviewed,DERIVACION_ENTIDAD:09,el registro civil de nacimiento,Bogotá
syn-2267,"Disculpa, ¿Cómo contacto al área de atención ciudadana de la presentación de PQRS en Cali?",DERIVACION_ENTIDAD,synthetic:handwritten-templates-v1,true,not_applicable,,not_human_reviewed,DERIVACION_ENTIDAD:17,la presentación de PQRS,Cali
syn-0451,"Buenos días, Estoy averiguando cómo es la consulta de historia laboral en Pasto, todavía no voy a iniciarlo.",CONSULTA_INFORMATIVA,synthetic:handwritten-templates-v1,true,not_applicable,,not_human_reviewed,CONSULTA_INFORMATIVA:20,la consulta de historia laboral,Pasto
syn-0270,"Hola, ¿Hay algún pago relacionado con la actualización del RUT en Manizales?",CONSULTA_INFORMATIVA,synthetic:handwritten-templates-v1,true,not_applicable,,not_human_reviewed,CONSULTA_INFORMATIVA:12,la actualización del RUT,Manizales
syn-0046,"Buenas, ¿Cuánto cuesta la encuesta del Sisbén en Cúcuta?",CONSULTA_INFORMATIVA,synthetic:handwritten-templates-v1,true,not_applicable,,not_human_reviewed,CONSULTA_INFORMATIVA:02,la encuesta del Sisbén,Cúcuta
syn-0970,"Hola, Ya hice el certificado de antecedentes fiscales en Ibagué, ¿cómo va la gestión?",VERIFICACION_ESTADO,synthetic:handwritten-templates-v1,true,not_applicable,,not_human_reviewed,VERIFICACION_ESTADO:02,el certificado de antecedentes fiscales,Ibagué
syn-0973,"Buenos días, Ya hice el pasaporte ordinario en Cali, ¿cómo va la gestión?",VERIFICACION_ESTADO,synthetic:handwritten-templates-v1,true,not_applicable,,not_human_reviewed,VERIFICACION_ESTADO:02,el pasaporte ordinario,Cali
syn-2137,Una preguntica: ¿Cuál es el canal institucional para pedir orientación sobre el certificado de antecedentes judiciales en Cúcuta?,DERIVACION_ENTIDAD,synthetic:handwritten-templates-v1,true,not_applicable,,not_human_reviewed,DERIVACION_ENTIDAD:12,el certificado de antecedentes judiciales,Cúcuta
syn-2335,"Disculpa, ¿A quién le corresponde orientarme sobre el duplicado de la cédula en Barranquilla?",DERIVACION_ENTIDAD,synthetic:handwritten-templates-v1,true,not_applicable,,not_human_reviewed,DERIVACION_ENTIDAD:20,el duplicado de la cédula,Barranquilla
syn-0380,¿Cuáles son las etapas de la presentación de PQRS para alguien de Cali?,CONSULTA_INFORMATIVA,synthetic:handwritten-templates-v1,true,not_applicable,,not_human_reviewed,CONSULTA_INFORMATIVA:17,la presentación de PQRS,Cali
syn-0190,Una preguntica: ¿Qué edad mínima se exige para la cédula digital en Cartagena?,CONSULTA_INFORMATIVA,synthetic:handwritten-templates-v1,true,not_applicable,,not_human_reviewed,CONSULTA_INFORMATIVA:09,la cédula digital,Cartagena
syn-0397,Me haces el favor: ¿Cuáles son las etapas del certificado de antecedentes disciplinarios para alguien de Pasto?,CONSULTA_INFORMATIVA,synthetic:handwritten-templates-v1,true,not_applicable,,not_human_reviewed,CONSULTA_INFORMATIVA:17,el certificado de antecedentes disciplinarios,Pasto
syn-1536,"Buenas, ¿me colaboras? No puedo adjuntar los documentos del pasaporte ordinario en Bucaramanga; aparece un fallo.",REPORTE_PROBLEMA,synthetic:handwritten-templates-v1,true,not_applicable,,not_human_reviewed,REPORTE_PROBLEMA:06,el pasaporte ordinario,Bucaramanga
syn-0658,Quiero agendar el inicio de la inscripción del RUT en Barranquilla.,SOLICITUD_TRAMITE,synthetic:handwritten-templates-v1,true,not_applicable,,not_human_reviewed,SOLICITUD_TRAMITE:09,la inscripción del RUT,Barranquilla
syn-2215,"Buenas, ¿me colaboras? ¿Qué organismo puede atender mi consulta de la renovación de la licencia de conducción en Manizales?",DERIVACION_ENTIDAD,synthetic:handwritten-templates-v1,true,not_applicable,,not_human_reviewed,DERIVACION_ENTIDAD:15,la renovación de la licencia de conducción,Manizales
syn-0697,Me haces el favor: ¿Me ayudas a arrancar con el pasaporte ordinario en Bucaramanga?,SOLICITUD_TRAMITE,synthetic:handwritten-templates-v1,true,not_applicable,,not_human_reviewed,SOLICITUD_TRAMITE:10,el pasaporte ordinario,Bucaramanga
syn-1434,Me haces el favor: Me sale un error al llenar el formulario del registro civil de nacimiento en Bogotá.,REPORTE_PROBLEMA,synthetic:handwritten-templates-v1,true,not_applicable,,not_human_reviewed,REPORTE_PROBLEMA:02,el registro civil de nacimiento,Bogotá
syn-0483,"Buenos días, Quiero iniciar la encuesta del Sisbén en Cúcuta.",SOLICITUD_TRAMITE,synthetic:handwritten-templates-v1,true,not_applicable,,not_human_reviewed,SOLICITUD_TRAMITE:01,la encuesta del Sisbén,Cúcuta
syn-0408,"Buenas tardes, ¿Hay una guía para entender la renovación de la licencia de conducción en Ibagué?",CONSULTA_INFORMATIVA,synthetic:handwritten-templates-v1,true,not_applicable,,not_human_reviewed,CONSULTA_INFORMATIVA:18,la renovación de la licencia de conducción,Ibagué
syn-1723,"Disculpa, La pantalla de la cédula digital en Medellín queda en blanco.",REPORTE_PROBLEMA,synthetic:handwritten-templates-v1,true,not_applicable,,not_human_reviewed,REPORTE_PROBLEMA:14,la cédula digital,Medellín
syn-1211,Me haces el favor: ¿Dónde miro la respuesta a mi radicación de la renovación de la licencia de conducción en Ibagué?,VERIFICACION_ESTADO,synthetic:handwritten-templates-v1,true,not_applicable,,not_human_reviewed,VERIFICACION_ESTADO:12,la renovación de la licencia de conducción,Ibagué
syn-1080,"Una preguntica: Presenté el certificado de antecedentes judiciales en Villavicencio, ¿sigue en revisión?",VERIFICACION_ESTADO,synthetic:handwritten-templates-v1,true,not_applicable,,not_human_reviewed,VERIFICACION_ESTADO:07,el certificado de antecedentes judiciales,Villavicencio
syn-0084,"Buenos días, Explícame los requisitos de la renovación de la licencia de conducción en Ibagué.",CONSULTA_INFORMATIVA,synthetic:handwritten-templates-v1,true,not_applicable,,not_human_reviewed,CONSULTA_INFORMATIVA:04,la renovación de la licencia de conducción,Ibagué
syn-1821,"Disculpa, No me deja ingresar a la plataforma de la consulta de historia laboral en Pereira.",REPORTE_PROBLEMA,synthetic:handwritten-templates-v1,true,not_applicable,,not_human_reviewed,REPORTE_PROBLEMA:18,la consulta de historia laboral,Pereira
syn-1950,Quiero contactar a la entidad encargada de la encuesta del Sisbén en Bucaramanga.,DERIVACION_ENTIDAD,synthetic:handwritten-templates-v1,true,not_applicable,,not_human_reviewed,DERIVACION_ENTIDAD:04,la encuesta del Sisbén,Bucaramanga
syn-0828,"Buenos días, Quiero abrir una gestión nueva de la encuesta del Sisbén en Cúcuta.",SOLICITUD_TRAMITE,synthetic:handwritten-templates-v1,true,not_applicable,,not_human_reviewed,SOLICITUD_TRAMITE:16,la encuesta del Sisbén,Cúcuta
syn-2115,Una preguntica: ¿Dónde me atiende una persona por la renovación de la licencia de conducción en Ibagué?,DERIVACION_ENTIDAD,synthetic:handwritten-templates-v1,true,not_applicable,,not_human_reviewed,DERIVACION_ENTIDAD:11,la renovación de la licencia de conducción,Ibagué
syn-1946,"Disculpa, Quiero contactar a la entidad encargada del pasaporte ordinario en Bucaramanga.",DERIVACION_ENTIDAD,synthetic:handwritten-templates-v1,true,not_applicable,,not_human_reviewed,DERIVACION_ENTIDAD:04,el pasaporte ordinario,Bucaramanga
syn-1373,"Buenas, Tengo una gestión abierta del pasaporte ordinario en Bucaramanga y quiero ver su avance.",VERIFICACION_ESTADO,synthetic:handwritten-templates-v1,true,not_applicable,,not_human_reviewed,VERIFICACION_ESTADO:19,el pasaporte ordinario,Bucaramanga
syn-1432,"Buenas tardes, Me sale un error al llenar el formulario de la cédula digital en Cartagena.",REPORTE_PROBLEMA,synthetic:handwritten-templates-v1,true,not_applicable,,not_human_reviewed,REPORTE_PROBLEMA:02,la cédula digital,Cartagena
syn-0934,"Buenas, ¿me colaboras? Estoy listo para tramitar el duplicado de la cédula en Barranquilla, ¿cuál es el paso inicial?",SOLICITUD_TRAMITE,synthetic:handwritten-templates-v1,true,not_applicable,,not_human_reviewed,SOLICITUD_TRAMITE:20,el duplicado de la cédula,Barranquilla
syn-1733,"Buenos días, Se cayó el portal cuando estaba con la renovación de la licencia de conducción en Manizales.",REPORTE_PROBLEMA,synthetic:handwritten-templates-v1,true,not_applicable,,not_human_reviewed,REPORTE_PROBLEMA:15,la renovación de la licencia de conducción,Manizales
syn-0641,"Buenas tardes, Indícame cómo radicar una nueva solicitud del duplicado de la cédula en Bogotá.",SOLICITUD_TRAMITE,synthetic:handwritten-templates-v1,true,not_applicable,,not_human_reviewed,SOLICITUD_TRAMITE:08,el duplicado de la cédula,Bogotá
syn-1613,"Buenas, ¿me colaboras? El portal del registro civil de nacimiento en Bogotá se cierra sin guardar.",REPORTE_PROBLEMA,synthetic:handwritten-templates-v1,true,not_applicable,,not_human_reviewed,REPORTE_PROBLEMA:09,el registro civil de nacimiento,Bogotá
syn-1042,"Disculpa, Tengo un radicado de la presentación de PQRS en Cali y busco su estado.",VERIFICACION_ESTADO,synthetic:handwritten-templates-v1,true,not_applicable,,not_human_reviewed,VERIFICACION_ESTADO:05,la presentación de PQRS,Cali
syn-0954,Me haces el favor: ¿En qué estado está mi solicitud de la renovación de la licencia de conducción presentada en Ibagué?,VERIFICACION_ESTADO,synthetic:handwritten-templates-v1,true,not_applicable,,not_human_reviewed,VERIFICACION_ESTADO:01,la renovación de la licencia de conducción,Ibagué
syn-1508,"Buenos días, El botón para continuar con la cédula digital en Medellín no funciona.",REPORTE_PROBLEMA,synthetic:handwritten-templates-v1,true,not_applicable,,not_human_reviewed,REPORTE_PROBLEMA:05,la cédula digital,Medellín
syn-0004,"Por favor, ¿Qué documentos piden para la inscripción del RUT en Pereira?",CONSULTA_INFORMATIVA,synthetic:handwritten-templates-v1,true,not_applicable,,not_human_reviewed,CONSULTA_INFORMATIVA:01,la inscripción del RUT,Pereira
syn-0370,"Buenas, Vivo en Bucaramanga, ¿dónde leo los requisitos oficiales de la encuesta del Sisbén?",CONSULTA_INFORMATIVA,synthetic:handwritten-templates-v1,true,not_applicable,,not_human_reviewed,CONSULTA_INFORMATIVA:16,la encuesta del Sisbén,Bucaramanga
syn-1746,Me haces el favor: Se cayó el portal cuando estaba con la actualización del RUT en Cartagena.,REPORTE_PROBLEMA,synthetic:handwritten-templates-v1,true,not_applicable,,not_human_reviewed,REPORTE_PROBLEMA:15,la actualización del RUT,Cartagena
syn-1765,"Buenos días, El comprobante de la renovación de la licencia de conducción en Ibagué no se puede descargar.",REPORTE_PROBLEMA,synthetic:handwritten-templates-v1,true,not_applicable,,not_human_reviewed,REPORTE_PROBLEMA:16,la renovación de la licencia de conducción,Ibagué
syn-0861,"Buenas tardes, Busco comenzar el certificado de afiliación a salud por el canal oficial de Villavicencio.",SOLICITUD_TRAMITE,synthetic:handwritten-templates-v1,true,not_applicable,,not_human_reviewed,SOLICITUD_TRAMITE:17,el certificado de afiliación a salud,Villavicencio
syn-1492,"Hola, Intenté pagar la presentación de PQRS en Cali y el portal rechazó la operación.",REPORTE_PROBLEMA,synthetic:handwritten-templates-v1,true,not_applicable,,not_human_reviewed,REPORTE_PROBLEMA:04,la presentación de PQRS,Cali
syn-0586,"Buenas tardes, Deseo comenzar el proceso de la consulta de historia laboral en Pereira.",SOLICITUD_TRAMITE,synthetic:handwritten-templates-v1,true,not_applicable,,not_human_reviewed,SOLICITUD_TRAMITE:06,la consulta de historia laboral,Pereira
syn-0403,¿Hay una guía para entender la inscripción del RUT en Barranquilla?,CONSULTA_INFORMATIVA,synthetic:handwritten-templates-v1,true,not_applicable,,not_human_reviewed,CONSULTA_INFORMATIVA:18,la inscripción del RUT,Barranquilla
syn-1655,"Disculpa, El formulario del certificado de antecedentes judiciales en Cúcuta rechaza datos que son correctos.",REPORTE_PROBLEMA,synthetic:handwritten-templates-v1,true,not_applicable,,not_human_reviewed,REPORTE_PROBLEMA:11,el certificado de antecedentes judiciales,Cúcuta
syn-0099,"Disculpa, ¿Se puede hacer la actualización del RUT por internet desde Cartagena?",CONSULTA_INFORMATIVA,synthetic:handwritten-templates-v1,true,not_applicable,,not_human_reviewed,CONSULTA_INFORMATIVA:05,la actualización del RUT,Cartagena
syn-1719,"Buenas, La pantalla de la renovación de la licencia de conducción en Manizales queda en blanco.",REPORTE_PROBLEMA,synthetic:handwritten-templates-v1,true,not_applicable,,not_human_reviewed,REPORTE_PROBLEMA:14,la renovación de la licencia de conducción,Manizales
syn-2034,Me haces el favor: ¿Hay una sede que atienda consultas sobre el certificado de afiliación a salud en Villavicencio?,DERIVACION_ENTIDAD,synthetic:handwritten-templates-v1,true,not_applicable,,not_human_reviewed,DERIVACION_ENTIDAD:07,el certificado de afiliación a salud,Villavicencio
syn-0289,Me haces el favor: Me explicas en palabras sencillas en qué consiste la actualización del RUT en Manizales.,CONSULTA_INFORMATIVA,synthetic:handwritten-templates-v1,true,not_applicable,,not_human_reviewed,CONSULTA_INFORMATIVA:13,la actualización del RUT,Manizales
syn-0677,"Buenas, ¿me colaboras? Quiero agendar el inicio de la renovación de la licencia de conducción en Manizales.",SOLICITUD_TRAMITE,synthetic:handwritten-templates-v1,true,not_applicable,,not_human_reviewed,SOLICITUD_TRAMITE:09,la renovación de la licencia de conducción,Manizales
syn-0760,"Buenas, Necesito el enlace para iniciar la inscripción del RUT desde Barranquilla.",SOLICITUD_TRAMITE,synthetic:handwritten-templates-v1,true,not_applicable,,not_human_reviewed,SOLICITUD_TRAMITE:13,la inscripción del RUT,Barranquilla
syn-0554,Me haces el favor: Voy a gestionar la inscripción del RUT en Pereira y busco el primer paso.,SOLICITUD_TRAMITE,synthetic:handwritten-templates-v1,true,not_applicable,,not_human_reviewed,SOLICITUD_TRAMITE:04,la inscripción del RUT,Pereira
syn-1284,"Por favor, ¿Mi solicitud anterior de la presentación de PQRS en Cali continúa pendiente?",VERIFICACION_ESTADO,synthetic:handwritten-templates-v1,true,not_applicable,,not_human_reviewed,VERIFICACION_ESTADO:15,la presentación de PQRS,Cali
syn-0420,Me haces el favor: ¿Hay una guía para entender el certificado de antecedentes judiciales en Cúcuta?,CONSULTA_INFORMATIVA,synthetic:handwritten-templates-v1,true,not_applicable,,not_human_reviewed,CONSULTA_INFORMATIVA:18,el certificado de antecedentes judiciales,Cúcuta
syn-1340,"Buenas, ¿Cómo veo el resultado de mi solicitud registrada del certificado de antecedentes fiscales en Ibagué?",VERIFICACION_ESTADO,synthetic:handwritten-templates-v1,true,not_applicable,,not_human_reviewed,VERIFICACION_ESTADO:18,el certificado de antecedentes fiscales,Ibagué
syn-2145,"Disculpa, ¿Cuál es el canal institucional para pedir orientación sobre el certificado de antecedentes fiscales en Ibagué?",DERIVACION_ENTIDAD,synthetic:handwritten-templates-v1,true,not_applicable,,not_human_reviewed,DERIVACION_ENTIDAD:12,el certificado de antecedentes fiscales,Ibagué
syn-0776,"Disculpa, Quiero pasar de la información a la solicitud de la renovación de la licencia de conducción en Manizales.",SOLICITUD_TRAMITE,synthetic:handwritten-templates-v1,true,not_applicable,,not_human_reviewed,SOLICITUD_TRAMITE:14,la renovación de la licencia de conducción,Manizales
syn-2141,"Buenas, ¿Cuál es el canal institucional para pedir orientación sobre la consulta de historia laboral en Pereira?",DERIVACION_ENTIDAD,synthetic:handwritten-templates-v1,true,not_applicable,,not_human_reviewed,DERIVACION_ENTIDAD:12,la consulta de historia laboral,Pereira
syn-1276,"Buenas tardes, ¿Mi solicitud anterior del certificado de antecedentes disciplinarios en Pasto continúa pendiente?",VERIFICACION_ESTADO,synthetic:handwritten-templates-v1,true,not_applicable,,not_human_reviewed,VERIFICACION_ESTADO:15,el certificado de antecedentes disciplinarios,Pasto
syn-2041,"Buenas, Busco el contacto de la autoridad competente paral duplicado de la cédula en Bogotá.",DERIVACION_ENTIDAD,synthetic:handwritten-templates-v1,true,not_applicable,,not_human_reviewed,DERIVACION_ENTIDAD:08,el duplicado de la cédula,Bogotá
syn-1413,Una preguntica: La página de la inscripción del RUT no carga cuando entro desde Pereira.,REPORTE_PROBLEMA,synthetic:handwritten-templates-v1,true,not_applicable,,not_human_reviewed,REPORTE_PROBLEMA:01,la inscripción del RUT,Pereira
syn-0622,"Buenas, ¿me colaboras? Me interesa realizar la cédula digital en Medellín ahora.",SOLICITUD_TRAMITE,synthetic:handwritten-templates-v1,true,not_applicable,,not_human_reviewed,SOLICITUD_TRAMITE:07,la cédula digital,Medellín
syn-1230,"Buenos días, Me dieron un comprobante del registro civil de nacimiento en Bogotá; quiero revisar la gestión.",VERIFICACION_ESTADO,synthetic:handwritten-templates-v1,true,not_applicable,,not_human_reviewed,VERIFICACION_ESTADO:13,el registro civil de nacimiento,Bogotá
syn-1782,"Buenas, ¿me colaboras? Aparece un cobro repetido durante la corrección del registro civil en Medellín.",REPORTE_PROBLEMA,synthetic:handwritten-templates-v1,true,not_applicable,,not_human_reviewed,REPORTE_PROBLEMA:17,la corrección del registro civil,Medellín
syn-1914,Una preguntica: ¿A cuál oficina debo dirigirme por la renovación de la licencia de conducción en Manizales?,DERIVACION_ENTIDAD,synthetic:handwritten-templates-v1,true,not_applicable,,not_human_reviewed,DERIVACION_ENTIDAD:02,la renovación de la licencia de conducción,Manizales
syn-0032,Una preguntica: ¿Cuánto cuestal registro civil de nacimiento en Bogotá?,CONSULTA_INFORMATIVA,synthetic:handwritten-templates-v1,true,not_applicable,,not_human_reviewed,CONSULTA_INFORMATIVA:02,el registro civil de nacimiento,Bogotá
syn-0495,"Por favor, Ayúdame a tramitar la corrección del registro civil desde Medellín.",SOLICITUD_TRAMITE,synthetic:handwritten-templates-v1,true,not_applicable,,not_human_reviewed,SOLICITUD_TRAMITE:02,la corrección del registro civil,Medellín
syn-0807,"Buenas tardes, Tengo los documentos listos y voy a empezar el registro civil de nacimiento en Bogotá.",SOLICITUD_TRAMITE,synthetic:handwritten-templates-v1,true,not_applicable,,not_human_reviewed,SOLICITUD_TRAMITE:15,el registro civil de nacimiento,Bogotá
syn-0609,"Disculpa, Me interesa realizar el registro civil de nacimiento en Bogotá ahora.",SOLICITUD_TRAMITE,synthetic:handwritten-templates-v1,true,not_applicable,,not_human_reviewed,SOLICITUD_TRAMITE:07,el registro civil de nacimiento,Bogotá
syn-0347,"Hola, ¿Qué datos pidel formulario de la presentación de PQRS en Cali?",CONSULTA_INFORMATIVA,synthetic:handwritten-templates-v1,true,not_applicable,,not_human_reviewed,CONSULTA_INFORMATIVA:15,la presentación de PQRS,Cali
syn-1970,Una preguntica: ¿Con qué institución hablo sobre el pasaporte ordinario en Cali?,DERIVACION_ENTIDAD,synthetic:handwritten-templates-v1,true,not_applicable,,not_human_reviewed,DERIVACION_ENTIDAD:05,el pasaporte ordinario,Cali
syn-0561,"Buenos días, Voy a gestionar la actualización del RUT en Manizales y busco el primer paso.",SOLICITUD_TRAMITE,synthetic:handwritten-templates-v1,true,not_applicable,,not_human_reviewed,SOLICITUD_TRAMITE:04,la actualización del RUT,Manizales
syn-1009,"Disculpa, ¿Cómo hago seguimiento a mi solicitud existente de la inscripción del RUT en Pereira?",VERIFICACION_ESTADO,synthetic:handwritten-templates-v1,true,not_applicable,,not_human_reviewed,VERIFICACION_ESTADO:04,la inscripción del RUT,Pereira
syn-0165,Una preguntica: ¿Qué diferencia hay entre la atención presencial y virtual para la actualización del RUT en Cartagena?,CONSULTA_INFORMATIVA,synthetic:handwritten-templates-v1,true,not_applicable,,not_human_reviewed,CONSULTA_INFORMATIVA:07,la actualización del RUT,Cartagena
syn-1256,Una preguntica: ¿Han actualizado el estado de mi petición del certificado de antecedentes fiscales en Ibagué?,VERIFICACION_ESTADO,synthetic:handwritten-templates-v1,true,not_applicable,,not_human_reviewed,VERIFICACION_ESTADO:14,el certificado de antecedentes fiscales,Ibagué
syn-1699,"Buenas tardes, El código de verificación del certificado de antecedentes judiciales en Cúcuta no llega.",REPORTE_PROBLEMA,synthetic:handwritten-templates-v1,true,not_applicable,,not_human_reviewed,REPORTE_PROBLEMA:13,el certificado de antecedentes judiciales,Cúcuta
syn-1994,Oriéntame hacial canal oficial de atención del certificado de antecedentes judiciales en Villavicencio.,DERIVACION_ENTIDAD,synthetic:handwritten-templates-v1,true,not_applicable,,not_human_reviewed,DERIVACION_ENTIDAD:06,el certificado de antecedentes judiciales,Villavicencio
syn-1129,"Buenas, ¿Puedo revisar el progreso del certificado de antecedentes judiciales que entregué en Cúcuta?",VERIFICACION_ESTADO,synthetic:handwritten-templates-v1,true,not_applicable,,not_human_reviewed,VERIFICACION_ESTADO:09,el certificado de antecedentes judiciales,Cúcuta
syn-1857,"Disculpa, Hay un problema: el portal del certificado de afiliación a salud en Villavicencio no termina de procesar.",REPORTE_PROBLEMA,synthetic:handwritten-templates-v1,true,not_applicable,,not_human_reviewed,REPORTE_PROBLEMA:20,el certificado de afiliación a salud,Villavicencio
syn-1174,"Por favor, Hace unos días presenté la corrección del registro civil en Medellín; ¿en qué etapa va?",VERIFICACION_ESTADO,synthetic:handwritten-templates-v1,true,not_applicable,,not_human_reviewed,VERIFICACION_ESTADO:11,la corrección del registro civil,Medellín
syn-1464,"Buenas tardes, El sistema de la actualización del RUT en Manizales se queda bloqueado.",REPORTE_PROBLEMA,synthetic:handwritten-templates-v1,true,not_applicable,,not_human_reviewed,REPORTE_PROBLEMA:03,la actualización del RUT,Manizales
syn-0854,Una preguntica: Busco comenzar la renovación de la licencia de conducción por el canal oficial de Ibagué.,SOLICITUD_TRAMITE,synthetic:handwritten-templates-v1,true,not_applicable,,not_human_reviewed,SOLICITUD_TRAMITE:17,la renovación de la licencia de conducción,Ibagué
syn-1540,"Por favor, No puedo adjuntar los documentos de la renovación de la licencia de conducción en Ibagué; aparece un fallo.",REPORTE_PROBLEMA,synthetic:handwritten-templates-v1,true,not_applicable,,not_human_reviewed,REPORTE_PROBLEMA:06,la renovación de la licencia de conducción,Ibagué
syn-1278,Me haces el favor: ¿Mi solicitud anterior del pasaporte ordinario en Bucaramanga continúa pendiente?,VERIFICACION_ESTADO,synthetic:handwritten-templates-v1,true,not_applicable,,not_human_reviewed,VERIFICACION_ESTADO:15,el pasaporte ordinario,Bucaramanga
syn-2147,Una preguntica: ¿Cuál es el canal institucional para pedir orientación sobre la corrección del registro civil en Medellín?,DERIVACION_ENTIDAD,synthetic:handwritten-templates-v1,true,not_applicable,,not_human_reviewed,DERIVACION_ENTIDAD:12,la corrección del registro civil,Medellín
syn-2015,Una preguntica: ¿Hay una sede que atienda consultas sobre el certificado de antecedentes judiciales en Cúcuta?,DERIVACION_ENTIDAD,synthetic:handwritten-templates-v1,true,not_applicable,,not_human_reviewed,DERIVACION_ENTIDAD:07,el certificado de antecedentes judiciales,Cúcuta
syn-0167,"Una preguntica: Antes de empezar, quiero conocer los pasos de la renovación de la licencia de conducción en Manizales.",CONSULTA_INFORMATIVA,synthetic:handwritten-templates-v1,true,not_applicable,,not_human_reviewed,CONSULTA_INFORMATIVA:08,la renovación de la licencia de conducción,Manizales
syn-1804,"Buenas, ¿me colaboras? No me deja ingresar a la plataforma del certificado de afiliación a salud en Villavicencio.",REPORTE_PROBLEMA,synthetic:handwritten-templates-v1,true,not_applicable,,not_human_reviewed,REPORTE_PROBLEMA:18,el certificado de afiliación a salud,Villavicencio
syn-1623,Me haces el favor: La plataforma muestra un error de conexión al hacer la renovación de la licencia de conducción en Ibagué.,REPORTE_PROBLEMA,synthetic:handwritten-templates-v1,true,not_applicable,,not_human_reviewed,REPORTE_PROBLEMA:10,la renovación de la licencia de conducción,Ibagué
syn-0667,"Buenas, ¿me colaboras? Quiero agendar el inicio de la cédula digital en Cartagena.",SOLICITUD_TRAMITE,synthetic:handwritten-templates-v1,true,not_applicable,,not_human_reviewed,SOLICITUD_TRAMITE:09,la cédula digital,Cartagena
syn-1489,Una preguntica: Intenté pagar el duplicado de la cédula en Barranquilla y el portal rechazó la operación.,REPORTE_PROBLEMA,synthetic:handwritten-templates-v1,true,not_applicable,,not_human_reviewed,REPORTE_PROBLEMA:04,el duplicado de la cédula,Barranquilla
syn-0956,"Buenas, ¿me colaboras? ¿En qué estado está mi solicitud de la encuesta del Sisbén presentada en Cúcuta?",VERIFICACION_ESTADO,synthetic:handwritten-templates-v1,true,not_applicable,,not_human_reviewed,VERIFICACION_ESTADO:01,la encuesta del Sisbén,Cúcuta
syn-1280,"Buenas, ¿me colaboras? ¿Mi solicitud anterior del certificado de afiliación a salud en Villavicencio continúa pendiente?",VERIFICACION_ESTADO,synthetic:handwritten-templates-v1,true,not_applicable,,not_human_reviewed,VERIFICACION_ESTADO:15,el certificado de afiliación a salud,Villavicencio
syn-0385,"Buenas tardes, ¿Cuáles son las etapas de la cédula digital para alguien de Medellín?",CONSULTA_INFORMATIVA,synthetic:handwritten-templates-v1,true,not_applicable,,not_human_reviewed,CONSULTA_INFORMATIVA:17,la cédula digital,Medellín
syn-1905,"Buenas, ¿me colaboras? ¿A cuál oficina debo dirigirme por la renovación de la licencia de conducción en Ibagué?",DERIVACION_ENTIDAD,synthetic:handwritten-templates-v1,true,not_applicable,,not_human_reviewed,DERIVACION_ENTIDAD:02,la renovación de la licencia de conducción,Ibagué
syn-1244,"Disculpa, ¿Han actualizado el estado de mi petición del duplicado de la cédula en Barranquilla?",VERIFICACION_ESTADO,synthetic:handwritten-templates-v1,true,not_applicable,,not_human_reviewed,VERIFICACION_ESTADO:14,el duplicado de la cédula,Barranquilla
syn-0800,Una preguntica: Tengo los documentos listos y voy a empezar el certificado de antecedentes judiciales en Cúcuta.,SOLICITUD_TRAMITE,synthetic:handwritten-templates-v1,true,not_applicable,,not_human_reviewed,SOLICITUD_TRAMITE:15,el certificado de antecedentes judiciales,Cúcuta
syn-2148,"Buenas, ¿me colaboras? ¿Cuál es el canal institucional para pedir orientación sobre la actualización del RUT en Cartagena?",DERIVACION_ENTIDAD,synthetic:handwritten-templates-v1,true,not_applicable,,not_human_reviewed,DERIVACION_ENTIDAD:12,la actualización del RUT,Cartagena
syn-1557,Una preguntica: Se borró la información mientras hacía la corrección del registro civil en Medellín.,REPORTE_PROBLEMA,synthetic:handwritten-templates-v1,true,not_applicable,,not_human_reviewed,REPORTE_PROBLEMA:07,la corrección del registro civil,Medellín
syn-0171,"Buenas, Antes de empezar, quiero conocer los pasos del duplicado de la cédula en Barranquilla.",CONSULTA_INFORMATIVA,synthetic:handwritten-templates-v1,true,not_applicable,,not_human_reviewed,CONSULTA_INFORMATIVA:08,el duplicado de la cédula,Barranquilla
syn-0950,"Por favor, ¿En qué estado está mi solicitud de la consulta de historia laboral presentada en Pasto?",VERIFICACION_ESTADO,synthetic:handwritten-templates-v1,true,not_applicable,,not_human_reviewed,VERIFICACION_ESTADO:01,la consulta de historia laboral,Pasto
syn-0449,"Buenas, Estoy averiguando cómo es la encuesta del Sisbén en Bucaramanga, todavía no voy a iniciarlo.",CONSULTA_INFORMATIVA,synthetic:handwritten-templates-v1,true,not_applicable,,not_human_reviewed,CONSULTA_INFORMATIVA:20,la encuesta del Sisbén,Bucaramanga
syn-0396,"Disculpa, ¿Cuáles son las etapas de la renovación de la licencia de conducción para alguien de Manizales?",CONSULTA_INFORMATIVA,synthetic:handwritten-templates-v1,true,not_applicable,,not_human_reviewed,CONSULTA_INFORMATIVA:17,la renovación de la licencia de conducción,Manizales
syn-0050,"Por favor, ¿Cuál es el plazo habitual del pasaporte ordinario en Cali?",CONSULTA_INFORMATIVA,synthetic:handwritten-templates-v1,true,not_applicable,,not_human_reviewed,CONSULTA_INFORMATIVA:03,el pasaporte ordinario,Cali
syn-2334,"Buenas tardes, ¿A quién le corresponde orientarme sobre la corrección del registro civil en Medellín?",DERIVACION_ENTIDAD,synthetic:handwritten-templates-v1,true,not_applicable,,not_human_reviewed,DERIVACION_ENTIDAD:20,la corrección del registro civil,Medellín
syn-2237,Una preguntica: Quiero la dirección de la sede competente para la actualización del RUT en Cartagena.,DERIVACION_ENTIDAD,synthetic:handwritten-templates-v1,true,not_applicable,,not_human_reviewed,DERIVACION_ENTIDAD:16,la actualización del RUT,Cartagena
syn-0111,Una preguntica: ¿Se puede hacer el pasaporte ordinario por internet desde Cali?,CONSULTA_INFORMATIVA,synthetic:handwritten-templates-v1,true,not_applicable,,not_human_reviewed,CONSULTA_INFORMATIVA:05,el pasaporte ordinario,Cali
syn-0263,"Buenos días, ¿Hay algún pago relacionado con la consulta de historia laboral en Pasto?",CONSULTA_INFORMATIVA,synthetic:handwritten-templates-v1,true,not_applicable,,not_human_reviewed,CONSULTA_INFORMATIVA:12,la consulta de historia laboral,Pasto
syn-0359,"Hola, Vivo en Pereira, ¿dónde leo los requisitos oficiales de la consulta de historia laboral?",CONSULTA_INFORMATIVA,synthetic:handwritten-templates-v1,true,not_applicable,,not_human_reviewed,CONSULTA_INFORMATIVA:16,la consulta de historia laboral,Pereira
syn-0070,"Por favor, ¿Cuál es el plazo habitual de la consulta de historia laboral en Pereira?",CONSULTA_INFORMATIVA,synthetic:handwritten-templates-v1,true,not_applicable,,not_human_reviewed,CONSULTA_INFORMATIVA:03,la consulta de historia laboral,Pereira
syn-1476,"Buenas tardes, Intenté pagar el duplicado de la cédula en Bogotá y el portal rechazó la operación.",REPORTE_PROBLEMA,synthetic:handwritten-templates-v1,true,not_applicable,,not_human_reviewed,REPORTE_PROBLEMA:04,el duplicado de la cédula,Bogotá
syn-0944,Me haces el favor: ¿En qué estado está mi solicitud de la inscripción del RUT presentada en Barranquilla?,VERIFICACION_ESTADO,synthetic:handwritten-templates-v1,true,not_applicable,,not_human_reviewed,VERIFICACION_ESTADO:01,la inscripción del RUT,Barranquilla
syn-1653,"Buenos días, El formulario de la renovación de la licencia de conducción en Manizales rechaza datos que son correctos.",REPORTE_PROBLEMA,synthetic:handwritten-templates-v1,true,not_applicable,,not_human_reviewed,REPORTE_PROBLEMA:11,la renovación de la licencia de conducción,Manizales
syn-1335,Me haces el favor: ¿Cómo veo el resultado de mi solicitud registrada del duplicado de la cédula en Barranquilla?,VERIFICACION_ESTADO,synthetic:handwritten-templates-v1,true,not_applicable,,not_human_reviewed,VERIFICACION_ESTADO:18,el duplicado de la cédula,Barranquilla
syn-0012,"Hola, ¿Qué documentos piden paral certificado de antecedentes disciplinarios en Pasto?",CONSULTA_INFORMATIVA,synthetic:handwritten-templates-v1,true,not_applicable,,not_human_reviewed,CONSULTA_INFORMATIVA:01,el certificado de antecedentes disciplinarios,Pasto
syn-1139,"Buenas, ¿Puedo revisar el progreso del pasaporte ordinario que entregué en Bucaramanga?",VERIFICACION_ESTADO,synthetic:handwritten-templates-v1,true,not_applicable,,not_human_reviewed,VERIFICACION_ESTADO:09,el pasaporte ordinario,Bucaramanga
syn-0344,Una preguntica: ¿Qué datos pidel formulario de la corrección del registro civil en Medellín?,CONSULTA_INFORMATIVA,synthetic:handwritten-templates-v1,true,not_applicable,,not_human_reviewed,CONSULTA_INFORMATIVA:15,la corrección del registro civil,Medellín
syn-0834,Quiero abrir una gestión nueva del certificado de antecedentes judiciales en Cúcuta.,SOLICITUD_TRAMITE,synthetic:handwritten-templates-v1,true,not_applicable,,not_human_reviewed,SOLICITUD_TRAMITE:16,el certificado de antecedentes judiciales,Cúcuta
syn-2175,"Buenos días, Necesito comunicarme con la oficina encargada de la renovación de la licencia de conducción en Ibagué.",DERIVACION_ENTIDAD,synthetic:handwritten-templates-v1,true,not_applicable,,not_human_reviewed,DERIVACION_ENTIDAD:13,la renovación de la licencia de conducción,Ibagué
syn-1109,"Buenos días, Busco saber si aprobaron mi solicitud de la encuesta del Sisbén en Cúcuta.",VERIFICACION_ESTADO,synthetic:handwritten-templates-v1,true,not_applicable,,not_human_reviewed,VERIFICACION_ESTADO:08,la encuesta del Sisbén,Cúcuta
syn-2027,¿Hay una sede que atienda consultas sobre la corrección del registro civil en Medellín?,DERIVACION_ENTIDAD,synthetic:handwritten-templates-v1,true,not_applicable,,not_human_reviewed,DERIVACION_ENTIDAD:07,la corrección del registro civil,Medellín
syn-1163,"Buenos días, Quiero saber si ya está listo el resultado de la renovación de la licencia de conducción en Ibagué.",VERIFICACION_ESTADO,synthetic:handwritten-templates-v1,true,not_applicable,,not_human_reviewed,VERIFICACION_ESTADO:10,la renovación de la licencia de conducción,Ibagué
syn-2035,Una preguntica: ¿Hay una sede que atienda consultas sobre la cédula digital en Medellín?,DERIVACION_ENTIDAD,synthetic:handwritten-templates-v1,true,not_applicable,,not_human_reviewed,DERIVACION_ENTIDAD:07,la cédula digital,Medellín
syn-1716,"Buenas, ¿me colaboras? La pantalla del pasaporte ordinario en Cali queda en blanco.",REPORTE_PROBLEMA,synthetic:handwritten-templates-v1,true,not_applicable,,not_human_reviewed,REPORTE_PROBLEMA:14,el pasaporte ordinario,Cali
syn-1614,El portal de la inscripción del RUT en Pereira se cierra sin guardar.,REPORTE_PROBLEMA,synthetic:handwritten-templates-v1,true,not_applicable,,not_human_reviewed,REPORTE_PROBLEMA:09,la inscripción del RUT,Pereira
syn-2328,"Buenas, ¿me colaboras? ¿A quién le corresponde orientarme sobre la cédula digital en Cartagena?",DERIVACION_ENTIDAD,synthetic:handwritten-templates-v1,true,not_applicable,,not_human_reviewed,DERIVACION_ENTIDAD:20,la cédula digital,Cartagena
syn-0244,Me haces el favor: Busco información general sobre la presentación de PQRS en Cali.,CONSULTA_INFORMATIVA,synthetic:handwritten-templates-v1,true,not_applicable,,not_human_reviewed,CONSULTA_INFORMATIVA:11,la presentación de PQRS,Cali
syn-0080,Explícame los requisitos de la cédula digital en Medellín.,CONSULTA_INFORMATIVA,synthetic:handwritten-templates-v1,true,not_applicable,,not_human_reviewed,CONSULTA_INFORMATIVA:04,la cédula digital,Medellín
syn-1144,Me haces el favor: ¿Puedo revisar el progreso del duplicado de la cédula que entregué en Bogotá?,VERIFICACION_ESTADO,synthetic:handwritten-templates-v1,true,not_applicable,,not_human_reviewed,VERIFICACION_ESTADO:09,el duplicado de la cédula,Bogotá
syn-1532,"Buenas tardes, No puedo adjuntar los documentos de la presentación de PQRS en Cali; aparece un fallo.",REPORTE_PROBLEMA,synthetic:handwritten-templates-v1,true,not_applicable,,not_human_reviewed,REPORTE_PROBLEMA:06,la presentación de PQRS,Cali
syn-0145,Una preguntica: ¿Qué diferencia hay entre la atención presencial y virtual para la cédula digital en Cartagena?,CONSULTA_INFORMATIVA,synthetic:handwritten-templates-v1,true,not_applicable,,not_human_reviewed,CONSULTA_INFORMATIVA:07,la cédula digital,Cartagena
syn-1715,Una preguntica: La pantalla del certificado de antecedentes disciplinarios en Pasto queda en blanco.,REPORTE_PROBLEMA,synthetic:handwritten-templates-v1,true,not_applicable,,not_human_reviewed,REPORTE_PROBLEMA:14,el certificado de antecedentes disciplinarios,Pasto
syn-1813,Una preguntica: No me deja ingresar a la plataforma del certificado de antecedentes judiciales en Cúcuta.,REPORTE_PROBLEMA,synthetic:handwritten-templates-v1,true,not_applicable,,not_human_reviewed,REPORTE_PROBLEMA:18,el certificado de antecedentes judiciales,Cúcuta
syn-1660,"Hola, El formulario de la inscripción del RUT en Pereira rechaza datos que son correctos.",REPORTE_PROBLEMA,synthetic:handwritten-templates-v1,true,not_applicable,,not_human_reviewed,REPORTE_PROBLEMA:11,la inscripción del RUT,Pereira
syn-1686,"Buenas, El código de verificación de la renovación de la licencia de conducción en Manizales no llega.",REPORTE_PROBLEMA,synthetic:handwritten-templates-v1,true,not_applicable,,not_human_reviewed,REPORTE_PROBLEMA:13,la renovación de la licencia de conducción,Manizales
syn-0227,"Buenas, ¿Qué comprobantes debo llevar para la encuesta del Sisbén en Bucaramanga?",CONSULTA_INFORMATIVA,synthetic:handwritten-templates-v1,true,not_applicable,,not_human_reviewed,CONSULTA_INFORMATIVA:10,la encuesta del Sisbén,Bucaramanga
syn-0627,"Buenos días, Me interesa realizar el certificado de afiliación a salud en Villavicencio ahora.",SOLICITUD_TRAMITE,synthetic:handwritten-templates-v1,true,not_applicable,,not_human_reviewed,SOLICITUD_TRAMITE:07,el certificado de afiliación a salud,Villavicencio
syn-1680,"Buenas, ¿me colaboras? Quiero reportar una falla en el servicio del duplicado de la cédula en Barranquilla.",REPORTE_PROBLEMA,synthetic:handwritten-templates-v1,true,not_applicable,,not_human_reviewed,REPORTE_PROBLEMA:12,el duplicado de la cédula,Barranquilla
syn-2127,¿Dónde me atiende una persona por la presentación de PQRS en Cali?,DERIVACION_ENTIDAD,synthetic:handwritten-templates-v1,true,not_applicable,,not_human_reviewed,DERIVACION_ENTIDAD:11,la presentación de PQRS,Cali
syn-1794,"Hola, Aparece un cobro repetido durante la inscripción del RUT en Pereira.",REPORTE_PROBLEMA,synthetic:handwritten-templates-v1,true,not_applicable,,not_human_reviewed,REPORTE_PROBLEMA:17,la inscripción del RUT,Pereira
syn-1368,Me haces el favor: Tengo una gestión abierta de la encuesta del Sisbén en Bucaramanga y quiero ver su avance.,VERIFICACION_ESTADO,synthetic:handwritten-templates-v1,true,not_applicable,,not_human_reviewed,VERIFICACION_ESTADO:19,la encuesta del Sisbén,Bucaramanga
syn-0872,"Por favor, Ya decidí hacer el pasaporte ordinario en Cali; orienta mi solicitud.",SOLICITUD_TRAMITE,synthetic:handwritten-templates-v1,true,not_applicable,,not_human_reviewed,SOLICITUD_TRAMITE:18,el pasaporte ordinario,Cali
syn-1249,"Hola, ¿Han actualizado el estado de mi petición del certificado de afiliación a salud en Villavicencio?",VERIFICACION_ESTADO,synthetic:handwritten-templates-v1,true,not_applicable,,not_human_reviewed,VERIFICACION_ESTADO:14,el certificado de afiliación a salud,Villavicencio
syn-1235,"Buenas, ¿me colaboras? Me dieron un comprobante del certificado de antecedentes fiscales en Ibagué; quiero revisar la gestión.",VERIFICACION_ESTADO,synthetic:handwritten-templates-v1,true,not_applicable,,not_human_reviewed,VERIFICACION_ESTADO:13,el certificado de antecedentes fiscales,Ibagué
syn-2077,"Buenas tardes, ¿A qué dependencia le correspondel duplicado de la cédula en Bogotá?",DERIVACION_ENTIDAD,synthetic:handwritten-templates-v1,true,not_applicable,,not_human_reviewed,DERIVACION_ENTIDAD:09,el duplicado de la cédula,Bogotá
syn-1363,"Buenas, Tengo una gestión abierta del certificado de antecedentes fiscales en Ibagué y quiero ver su avance.",VERIFICACION_ESTADO,synthetic:handwritten-templates-v1,true,not_applicable,,not_human_reviewed,VERIFICACION_ESTADO:19,el certificado de antecedentes fiscales,Ibagué
syn-0747,"Buenas, Voy a diligenciar la solicitud del pasaporte ordinario en Cali.",SOLICITUD_TRAMITE,synthetic:handwritten-templates-v1,true,not_applicable,,not_human_reviewed,SOLICITUD_TRAMITE:12,el pasaporte ordinario,Cali
syn-2016,"Buenas, ¿me colaboras? ¿Hay una sede que atienda consultas sobre la actualización del RUT en Cartagena?",DERIVACION_ENTIDAD,synthetic:handwritten-templates-v1,true,not_applicable,,not_human_reviewed,DERIVACION_ENTIDAD:07,la actualización del RUT,Cartagena
syn-1182,"Hola, Hace unos días presenté el pasaporte ordinario en Bucaramanga; ¿en qué etapa va?",VERIFICACION_ESTADO,synthetic:handwritten-templates-v1,true,not_applicable,,not_human_reviewed,VERIFICACION_ESTADO:11,el pasaporte ordinario,Bucaramanga
syn-0302,Me explicas en palabras sencillas en qué consiste la renovación de la licencia de conducción en Manizales.,CONSULTA_INFORMATIVA,synthetic:handwritten-templates-v1,true,not_applicable,,not_human_reviewed,CONSULTA_INFORMATIVA:13,la renovación de la licencia de conducción,Manizales
syn-0706,"Buenos días, Es mi primera vez haciendo la encuesta del Sisbén en Bucaramanga; quiero empezarlo.",SOLICITUD_TRAMITE,synthetic:handwritten-templates-v1,true,not_applicable,,not_human_reviewed,SOLICITUD_TRAMITE:11,la encuesta del Sisbén,Bucaramanga
syn-1808,"Por favor, No me deja ingresar a la plataforma de la inscripción del RUT en Barranquilla.",REPORTE_PROBLEMA,synthetic:handwritten-templates-v1,true,not_applicable,,not_human_reviewed,REPORTE_PROBLEMA:18,la inscripción del RUT,Barranquilla
syn-0315,"Hola, ¿Las condiciones de la encuesta del Sisbén son las mismas para todos en Cúcuta?",CONSULTA_INFORMATIVA,synthetic:handwritten-templates-v1,true,not_applicable,,not_human_reviewed,CONSULTA_INFORMATIVA:14,la encuesta del Sisbén,Cúcuta
syn-0388,Una preguntica: ¿Cuáles son las etapas de la consulta de historia laboral para alguien de Pasto?,CONSULTA_INFORMATIVA,synthetic:handwritten-templates-v1,true,not_applicable,,not_human_reviewed,CONSULTA_INFORMATIVA:17,la consulta de historia laboral,Pasto
syn-1251,"Por favor, ¿Han actualizado el estado de mi petición de la renovación de la licencia de conducción en Manizales?",VERIFICACION_ESTADO,synthetic:handwritten-templates-v1,true,not_applicable,,not_human_reviewed,VERIFICACION_ESTADO:14,la renovación de la licencia de conducción,Manizales
syn-0604,"Por favor, Deseo comenzar el proceso de la cédula digital en Medellín.",SOLICITUD_TRAMITE,synthetic:handwritten-templates-v1,true,not_applicable,,not_human_reviewed,SOLICITUD_TRAMITE:06,la cédula digital,Medellín
syn-0682,"Buenas, ¿Me ayudas a arrancar con la renovación de la licencia de conducción en Manizales?",SOLICITUD_TRAMITE,synthetic:handwritten-templates-v1,true,not_applicable,,not_human_reviewed,SOLICITUD_TRAMITE:10,la renovación de la licencia de conducción,Manizales
syn-0229,"Buenos días, ¿Qué comprobantes debo llevar paral certificado de antecedentes disciplinarios en Pasto?",CONSULTA_INFORMATIVA,synthetic:handwritten-templates-v1,true,not_applicable,,not_human_reviewed,CONSULTA_INFORMATIVA:10,el certificado de antecedentes disciplinarios,Pasto
syn-0366,"Una preguntica: Vivo en Manizales, ¿dónde leo los requisitos oficiales de la renovación de la licencia de conducción?",CONSULTA_INFORMATIVA,synthetic:handwritten-templates-v1,true,not_applicable,,not_human_reviewed,CONSULTA_INFORMATIVA:16,la renovación de la licencia de conducción,Manizales
syn-0806,"Buenos días, Tengo los documentos listos y voy a empezar la corrección del registro civil en Medellín.",SOLICITUD_TRAMITE,synthetic:handwritten-templates-v1,true,not_applicable,,not_human_reviewed,SOLICITUD_TRAMITE:15,la corrección del registro civil,Medellín
syn-1410,"Buenas tardes, La página de la consulta de historia laboral no carga cuando entro desde Pasto.",REPORTE_PROBLEMA,synthetic:handwritten-templates-v1,true,not_applicable,,not_human_reviewed,REPORTE_PROBLEMA:01,la consulta de historia laboral,Pasto
syn-1196,"Buenas, ¿Dónde miro la respuesta a mi radicación del duplicado de la cédula en Bogotá?",VERIFICACION_ESTADO,synthetic:handwritten-templates-v1,true,not_applicable,,not_human_reviewed,VERIFICACION_ESTADO:12,el duplicado de la cédula,Bogotá
syn-1441,"Buenos días, Me sale un error al llenar el formulario del pasaporte ordinario en Bucaramanga.",REPORTE_PROBLEMA,synthetic:handwritten-templates-v1,true,not_applicable,,not_human_reviewed,REPORTE_PROBLEMA:02,el pasaporte ordinario,Bucaramanga
syn-1850,"Buenas, ¿me colaboras? Hay un problema: el portal del registro civil de nacimiento en Bogotá no termina de procesar.",REPORTE_PROBLEMA,synthetic:handwritten-templates-v1,true,not_applicable,,not_human_reviewed,REPORTE_PROBLEMA:20,el registro civil de nacimiento,Bogotá
syn-1885,"Buenas, ¿Qué entidad atiendel certificado de antecedentes fiscales en Ibagué?",DERIVACION_ENTIDAD,synthetic:handwritten-templates-v1,true,not_applicable,,not_human_reviewed,DERIVACION_ENTIDAD:01,el certificado de antecedentes fiscales,Ibagué
syn-0325,"Hola, ¿Las condiciones del duplicado de la cédula son las mismas para todos en Bogotá?",CONSULTA_INFORMATIVA,synthetic:handwritten-templates-v1,true,not_applicable,,not_human_reviewed,CONSULTA_INFORMATIVA:14,el duplicado de la cédula,Bogotá
syn-1844,"Disculpa, La cita de la inscripción del RUT en Pereira desapareció del sistema.",REPORTE_PROBLEMA,synthetic:handwritten-templates-v1,true,not_applicable,,not_human_reviewed,REPORTE_PROBLEMA:19,la inscripción del RUT,Pereira
syn-2017,¿Hay una sede que atienda consultas sobre el certificado de antecedentes disciplinarios en Pasto?,DERIVACION_ENTIDAD,synthetic:handwritten-templates-v1,true,not_applicable,,not_human_reviewed,DERIVACION_ENTIDAD:07,el certificado de antecedentes disciplinarios,Pasto
syn-2304,Una preguntica: Busco atención presencial de la institución que lleva la inscripción del RUT en Pereira.,DERIVACION_ENTIDAD,synthetic:handwritten-templates-v1,true,not_applicable,,not_human_reviewed,DERIVACION_ENTIDAD:19,la inscripción del RUT,Pereira
syn-2207,"Hola, ¿Qué organismo puede atender mi consulta de la corrección del registro civil en Medellín?",DERIVACION_ENTIDAD,synthetic:handwritten-templates-v1,true,not_applicable,,not_human_reviewed,DERIVACION_ENTIDAD:15,la corrección del registro civil,Medellín
syn-1471,"Buenas, El sistema del duplicado de la cédula en Bogotá se queda bloqueado.",REPORTE_PROBLEMA,synthetic:handwritten-templates-v1,true,not_applicable,,not_human_reviewed,REPORTE_PROBLEMA:03,el duplicado de la cédula,Bogotá
syn-1580,"Buenas, ¿me colaboras? El enlace de la consulta de historia laboral para Pasto está roto.",REPORTE_PROBLEMA,synthetic:handwritten-templates-v1,true,not_applicable,,not_human_reviewed,REPORTE_PROBLEMA:08,la consulta de historia laboral,Pasto
syn-1995,"Hola, Oriéntame hacial canal oficial de atención de la corrección del registro civil en Medellín.",DERIVACION_ENTIDAD,synthetic:handwritten-templates-v1,true,not_applicable,,not_human_reviewed,DERIVACION_ENTIDAD:06,la corrección del registro civil,Medellín
syn-0140,"Buenas tardes, ¿Hace falta una cita paral certificado de afiliación a salud en Villavicencio?",CONSULTA_INFORMATIVA,synthetic:handwritten-templates-v1,true,not_applicable,,not_human_reviewed,CONSULTA_INFORMATIVA:06,el certificado de afiliación a salud,Villavicencio
syn-0331,"Buenas tardes, ¿Qué datos pidel formulario del pasaporte ordinario en Bucaramanga?",CONSULTA_INFORMATIVA,synthetic:handwritten-templates-v1,true,not_applicable,,not_human_reviewed,CONSULTA_INFORMATIVA:15,el pasaporte ordinario,Bucaramanga
syn-0310,"Disculpa, ¿Las condiciones de la renovación de la licencia de conducción son las mismas para todos en Ibagué?",CONSULTA_INFORMATIVA,synthetic:handwritten-templates-v1,true,not_applicable,,not_human_reviewed,CONSULTA_INFORMATIVA:14,la renovación de la licencia de conducción,Ibagué
syn-1438,"Hola, Me sale un error al llenar el formulario de la renovación de la licencia de conducción en Ibagué.",REPORTE_PROBLEMA,synthetic:handwritten-templates-v1,true,not_applicable,,not_human_reviewed,REPORTE_PROBLEMA:02,la renovación de la licencia de conducción,Ibagué
syn-0104,"Hola, ¿Se puede hacer el certificado de antecedentes judiciales por internet desde Villavicencio?",CONSULTA_INFORMATIVA,synthetic:handwritten-templates-v1,true,not_applicable,,not_human_reviewed,CONSULTA_INFORMATIVA:05,el certificado de antecedentes judiciales,Villavicencio
syn-0837,"Por favor, Quiero abrir una gestión nueva de la renovación de la licencia de conducción en Manizales.",SOLICITUD_TRAMITE,synthetic:handwritten-templates-v1,true,not_applicable,,not_human_reviewed,SOLICITUD_TRAMITE:16,la renovación de la licencia de conducción,Manizales
syn-0406,"Por favor, ¿Hay una guía para entender la corrección del registro civil en Medellín?",CONSULTA_INFORMATIVA,synthetic:handwritten-templates-v1,true,not_applicable,,not_human_reviewed,CONSULTA_INFORMATIVA:18,la corrección del registro civil,Medellín
syn-1987,"Buenas tardes, ¿Con qué institución hablo sobre el certificado de antecedentes judiciales en Villavicencio?",DERIVACION_ENTIDAD,synthetic:handwritten-templates-v1,true,not_applicable,,not_human_reviewed,DERIVACION_ENTIDAD:05,el certificado de antecedentes judiciales,Villavicencio
syn-0899,"Me haces el favor: Por favor, guíame para solicitar el certificado de afiliación a salud en Villavicencio.",SOLICITUD_TRAMITE,synthetic:handwritten-templates-v1,true,not_applicable,,not_human_reviewed,SOLICITUD_TRAMITE:19,el certificado de afiliación a salud,Villavicencio
syn-1581,El enlace del duplicado de la cédula para Bogotá está roto.,REPORTE_PROBLEMA,synthetic:handwritten-templates-v1,true,not_applicable,,not_human_reviewed,REPORTE_PROBLEMA:08,el duplicado de la cédula,Bogotá
syn-0075,"Buenas tardes, Explícame los requisitos del certificado de antecedentes judiciales en Cúcuta.",CONSULTA_INFORMATIVA,synthetic:handwritten-templates-v1,true,not_applicable,,not_human_reviewed,CONSULTA_INFORMATIVA:04,el certificado de antecedentes judiciales,Cúcuta
syn-0374,"Disculpa, Vivo en Barranquilla, ¿dónde leo los requisitos oficiales del duplicado de la cédula?",CONSULTA_INFORMATIVA,synthetic:handwritten-templates-v1,true,not_applicable,,not_human_reviewed,CONSULTA_INFORMATIVA:16,el duplicado de la cédula,Barranquilla
syn-0945,Una preguntica: ¿En qué estado está mi solicitud del registro civil de nacimiento presentada en Bogotá?,VERIFICACION_ESTADO,synthetic:handwritten-templates-v1,true,not_applicable,,not_human_reviewed,VERIFICACION_ESTADO:01,el registro civil de nacimiento,Bogotá
syn-2049,Busco el contacto de la autoridad competente para la renovación de la licencia de conducción en Ibagué.,DERIVACION_ENTIDAD,synthetic:handwritten-templates-v1,true,not_applicable,,not_human_reviewed,DERIVACION_ENTIDAD:08,la renovación de la licencia de conducción,Ibagué
syn-1253,"Buenas tardes, ¿Han actualizado el estado de mi petición de la presentación de PQRS en Cali?",VERIFICACION_ESTADO,synthetic:handwritten-templates-v1,true,not_applicable,,not_human_reviewed,VERIFICACION_ESTADO:14,la presentación de PQRS,Cali
syn-0870,"Hola, Ya decidí hacer la encuesta del Sisbén en Cúcuta; orienta mi solicitud.",SOLICITUD_TRAMITE,synthetic:handwritten-templates-v1,true,not_applicable,,not_human_reviewed,SOLICITUD_TRAMITE:18,la encuesta del Sisbén,Cúcuta
syn-0722,Es mi primera vez haciendo el registro civil de nacimiento en Bogotá; quiero empezarlo.,SOLICITUD_TRAMITE,synthetic:handwritten-templates-v1,true,not_applicable,,not_human_reviewed,SOLICITUD_TRAMITE:11,el registro civil de nacimiento,Bogotá
syn-1013,¿Cómo hago seguimiento a mi solicitud existente de la presentación de PQRS en Cali?,VERIFICACION_ESTADO,synthetic:handwritten-templates-v1,true,not_applicable,,not_human_reviewed,VERIFICACION_ESTADO:04,la presentación de PQRS,Cali
syn-1917,"Hola, ¿A cuál oficina debo dirigirme por el duplicado de la cédula en Bogotá?",DERIVACION_ENTIDAD,synthetic:handwritten-templates-v1,true,not_applicable,,not_human_reviewed,DERIVACION_ENTIDAD:02,el duplicado de la cédula,Bogotá
syn-1662,"Hola, Quiero reportar una falla en el servicio de la consulta de historia laboral en Pasto.",REPORTE_PROBLEMA,synthetic:handwritten-templates-v1,true,not_applicable,,not_human_reviewed,REPORTE_PROBLEMA:12,la consulta de historia laboral,Pasto
syn-1187,"Disculpa, Hace unos días presenté la cédula digital en Cartagena; ¿en qué etapa va?",VERIFICACION_ESTADO,synthetic:handwritten-templates-v1,true,not_applicable,,not_human_reviewed,VERIFICACION_ESTADO:11,la cédula digital,Cartagena
syn-0332,"Disculpa, ¿Qué datos pidel formulario de la consulta de historia laboral en Pereira?",CONSULTA_INFORMATIVA,synthetic:handwritten-templates-v1,true,not_applicable,,not_human_reviewed,CONSULTA_INFORMATIVA:15,la consulta de historia laboral,Pereira
syn-1369,Una preguntica: Tengo una gestión abierta de la consulta de historia laboral en Pereira y quiero ver su avance.,VERIFICACION_ESTADO,synthetic:handwritten-templates-v1,true,not_applicable,,not_human_reviewed,VERIFICACION_ESTADO:19,la consulta de historia laboral,Pereira
syn-2190,Me haces el favor: ¿Me remites a la entidad que maneja la actualización del RUT en Manizales?,DERIVACION_ENTIDAD,synthetic:handwritten-templates-v1,true,not_applicable,,not_human_reviewed,DERIVACION_ENTIDAD:14,la actualización del RUT,Manizales
syn-0735,Voy a diligenciar la solicitud de la actualización del RUT en Cartagena.,SOLICITUD_TRAMITE,synthetic:handwritten-templates-v1,true,not_applicable,,not_human_reviewed,SOLICITUD_TRAMITE:12,la actualización del RUT,Cartagena
syn-0349,"Por favor, ¿Qué datos pidel formulario del registro civil de nacimiento en Bogotá?",CONSULTA_INFORMATIVA,synthetic:handwritten-templates-v1,true,not_applicable,,not_human_reviewed,CONSULTA_INFORMATIVA:15,el registro civil de nacimiento,Bogotá
syn-0134,"Buenas, ¿me colaboras? ¿Hace falta una cita paral pasaporte ordinario en Bucaramanga?",CONSULTA_INFORMATIVA,synthetic:handwritten-templates-v1,true,not_applicable,,not_human_reviewed,CONSULTA_INFORMATIVA:06,el pasaporte ordinario,Bucaramanga
syn-0881,"Buenas, Ya decidí hacer la consulta de historia laboral en Pereira; orienta mi solicitud.",SOLICITUD_TRAMITE,synthetic:handwritten-templates-v1,true,not_applicable,,not_human_reviewed,SOLICITUD_TRAMITE:18,la consulta de historia laboral,Pereira
syn-0207,"Buenas tardes, ¿Qué edad mínima se exige para la renovación de la licencia de conducción en Ibagué?",CONSULTA_INFORMATIVA,synthetic:handwritten-templates-v1,true,not_applicable,,not_human_reviewed,CONSULTA_INFORMATIVA:09,la renovación de la licencia de conducción,Ibagué
syn-0966,"Me haces el favor: Ya hice la presentación de PQRS en Cali, ¿cómo va la gestión?",VERIFICACION_ESTADO,synthetic:handwritten-templates-v1,true,not_applicable,,not_human_reviewed,VERIFICACION_ESTADO:02,la presentación de PQRS,Cali
syn-2144,"Buenas tardes, ¿Cuál es el canal institucional para pedir orientación sobre la inscripción del RUT en Pereira?",DERIVACION_ENTIDAD,synthetic:handwritten-templates-v1,true,not_applicable,,not_human_reviewed,DERIVACION_ENTIDAD:12,la inscripción del RUT,Pereira
syn-0001,¿Qué documentos piden para la consulta de historia laboral en Pasto?,CONSULTA_INFORMATIVA,synthetic:handwritten-templates-v1,true,not_applicable,,not_human_reviewed,CONSULTA_INFORMATIVA:01,la consulta de historia laboral,Pasto
syn-0490,"Hola, Quiero iniciar el registro civil de nacimiento en Bogotá.",SOLICITUD_TRAMITE,synthetic:handwritten-templates-v1,true,not_applicable,,not_human_reviewed,SOLICITUD_TRAMITE:01,el registro civil de nacimiento,Bogotá
syn-0540,"Por favor, Voy a gestionar la inscripción del RUT en Barranquilla y busco el primer paso.",SOLICITUD_TRAMITE,synthetic:handwritten-templates-v1,true,not_applicable,,not_human_reviewed,SOLICITUD_TRAMITE:04,la inscripción del RUT,Barranquilla
syn-0021,¿Qué documentos piden para la cédula digital en Cartagena?,CONSULTA_INFORMATIVA,synthetic:handwritten-templates-v1,true,not_applicable,,not_human_reviewed,CONSULTA_INFORMATIVA:01,la cédula digital,Cartagena
syn-0894,"Buenas, Por favor, guíame para solicitar la renovación de la licencia de conducción en Ibagué.",SOLICITUD_TRAMITE,synthetic:handwritten-templates-v1,true,not_applicable,,not_human_reviewed,SOLICITUD_TRAMITE:19,la renovación de la licencia de conducción,Ibagué
syn-1824,"Buenas, ¿me colaboras? No me deja ingresar a la plataforma del duplicado de la cédula en Barranquilla.",REPORTE_PROBLEMA,synthetic:handwritten-templates-v1,true,not_applicable,,not_human_reviewed,REPORTE_PROBLEMA:18,el duplicado de la cédula,Barranquilla
syn-1767,"Disculpa, El comprobante del duplicado de la cédula en Bogotá no se puede descargar.",REPORTE_PROBLEMA,synthetic:handwritten-templates-v1,true,not_applicable,,not_human_reviewed,REPORTE_PROBLEMA:16,el duplicado de la cédula,Bogotá
syn-1595,"Hola, El portal de la cédula digital en Cartagena se cierra sin guardar.",REPORTE_PROBLEMA,synthetic:handwritten-templates-v1,true,not_applicable,,not_human_reviewed,REPORTE_PROBLEMA:09,la cédula digital,Cartagena
syn-0093,"Por favor, Explícame los requisitos de la consulta de historia laboral en Pasto.",CONSULTA_INFORMATIVA,synthetic:handwritten-templates-v1,true,not_applicable,,not_human_reviewed,CONSULTA_INFORMATIVA:04,la consulta de historia laboral,Pasto
syn-0039,"Buenas tardes, ¿Cuánto cuestal duplicado de la cédula en Bogotá?",CONSULTA_INFORMATIVA,synthetic:handwritten-templates-v1,true,not_applicable,,not_human_reviewed,CONSULTA_INFORMATIVA:02,el duplicado de la cédula,Bogotá
syn-1751,"Buenas, Se cayó el portal cuando estaba con el duplicado de la cédula en Barranquilla.",REPORTE_PROBLEMA,synthetic:handwritten-templates-v1,true,not_applicable,,not_human_reviewed,REPORTE_PROBLEMA:15,el duplicado de la cédula,Barranquilla
syn-0180,"Hola, Antes de empezar, quiero conocer los pasos del registro civil de nacimiento en Bogotá.",CONSULTA_INFORMATIVA,synthetic:handwritten-templates-v1,true,not_applicable,,not_human_reviewed,CONSULTA_INFORMATIVA:08,el registro civil de nacimiento,Bogotá
syn-0317,"Por favor, ¿Las condiciones de la actualización del RUT son las mismas para todos en Cartagena?",CONSULTA_INFORMATIVA,synthetic:handwritten-templates-v1,true,not_applicable,,not_human_reviewed,CONSULTA_INFORMATIVA:14,la actualización del RUT,Cartagena
syn-1834,"Disculpa, La cita del registro civil de nacimiento en Bogotá desapareció del sistema.",REPORTE_PROBLEMA,synthetic:handwritten-templates-v1,true,not_applicable,,not_human_reviewed,REPORTE_PROBLEMA:19,el registro civil de nacimiento,Bogotá
syn-1886,"Por favor, ¿Qué entidad atiendel pasaporte ordinario en Bucaramanga?",DERIVACION_ENTIDAD,synthetic:handwritten-templates-v1,true,not_applicable,,not_human_reviewed,DERIVACION_ENTIDAD:01,el pasaporte ordinario,Bucaramanga
syn-1608,"Buenos días, El portal de la consulta de historia laboral en Pereira se cierra sin guardar.",REPORTE_PROBLEMA,synthetic:handwritten-templates-v1,true,not_applicable,,not_human_reviewed,REPORTE_PROBLEMA:09,la consulta de historia laboral,Pereira
syn-2228,"Buenas, ¿me colaboras? Quiero la dirección de la sede competente para la presentación de PQRS en Cali.",DERIVACION_ENTIDAD,synthetic:handwritten-templates-v1,true,not_applicable,,not_human_reviewed,DERIVACION_ENTIDAD:16,la presentación de PQRS,Cali
syn-2166,"Buenas tardes, Necesito comunicarme con la oficina encargada de la consulta de historia laboral en Pereira.",DERIVACION_ENTIDAD,synthetic:handwritten-templates-v1,true,not_applicable,,not_human_reviewed,DERIVACION_ENTIDAD:13,la consulta de historia laboral,Pereira
syn-0577,Una preguntica: Quisiera presentar una solicitud del registro civil de nacimiento en Bogotá.,SOLICITUD_TRAMITE,synthetic:handwritten-templates-v1,true,not_applicable,,not_human_reviewed,SOLICITUD_TRAMITE:05,el registro civil de nacimiento,Bogotá
syn-1555,"Disculpa, Se borró la información mientras hacía la renovación de la licencia de conducción en Manizales.",REPORTE_PROBLEMA,synthetic:handwritten-templates-v1,true,not_applicable,,not_human_reviewed,REPORTE_PROBLEMA:07,la renovación de la licencia de conducción,Manizales
syn-0578,"Buenas, ¿me colaboras? Quisiera presentar una solicitud de la cédula digital en Medellín.",SOLICITUD_TRAMITE,synthetic:handwritten-templates-v1,true,not_applicable,,not_human_reviewed,SOLICITUD_TRAMITE:05,la cédula digital,Medellín
syn-0582,"Por favor, Quisiera presentar una solicitud de la actualización del RUT en Cartagena.",SOLICITUD_TRAMITE,synthetic:handwritten-templates-v1,true,not_applicable,,not_human_reviewed,SOLICITUD_TRAMITE:05,la actualización del RUT,Cartagena
syn-0361,"Por favor, Vivo en Pasto, ¿dónde leo los requisitos oficiales de la consulta de historia laboral?",CONSULTA_INFORMATIVA,synthetic:handwritten-templates-v1,true,not_applicable,,not_human_reviewed,CONSULTA_INFORMATIVA:16,la consulta de historia laboral,Pasto
syn-2169,Una preguntica: Necesito comunicarme con la oficina encargada del registro civil de nacimiento en Bogotá.,DERIVACION_ENTIDAD,synthetic:handwritten-templates-v1,true,not_applicable,,not_human_reviewed,DERIVACION_ENTIDAD:13,el registro civil de nacimiento,Bogotá
syn-2281,Me haces el favor: ¿Existe una línea de atención oficial para la consulta de historia laboral en Pasto?,DERIVACION_ENTIDAD,synthetic:handwritten-templates-v1,true,not_applicable,,not_human_reviewed,DERIVACION_ENTIDAD:18,la consulta de historia laboral,Pasto
syn-2125,Una preguntica: ¿Dónde me atiende una persona por la corrección del registro civil en Medellín?,DERIVACION_ENTIDAD,synthetic:handwritten-templates-v1,true,not_applicable,,not_human_reviewed,DERIVACION_ENTIDAD:11,la corrección del registro civil,Medellín
syn-1268,Me haces el favor: ¿Mi solicitud anterior del certificado de antecedentes judiciales en Villavicencio continúa pendiente?,VERIFICACION_ESTADO,synthetic:handwritten-templates-v1,true,not_applicable,,not_human_reviewed,VERIFICACION_ESTADO:15,el certificado de antecedentes judiciales,Villavicencio
syn-2126,"Buenas, ¿me colaboras? ¿Dónde me atiende una persona por la inscripción del RUT en Barranquilla?",DERIVACION_ENTIDAD,synthetic:handwritten-templates-v1,true,not_applicable,,not_human_reviewed,DERIVACION_ENTIDAD:11,la inscripción del RUT,Barranquilla
syn-0715,"Por favor, Es mi primera vez haciendo la consulta de historia laboral en Pasto; quiero empezarlo.",SOLICITUD_TRAMITE,synthetic:handwritten-templates-v1,true,not_applicable,,not_human_reviewed,SOLICITUD_TRAMITE:11,la consulta de historia laboral,Pasto
syn-1747,Una preguntica: Se cayó el portal cuando estaba con la actualización del RUT en Manizales.,REPORTE_PROBLEMA,synthetic:handwritten-templates-v1,true,not_applicable,,not_human_reviewed,REPORTE_PROBLEMA:15,la actualización del RUT,Manizales
syn-2193,¿Me remites a la entidad que maneja la cédula digital en Medellín?,DERIVACION_ENTIDAD,synthetic:handwritten-templates-v1,true,not_applicable,,not_human_reviewed,DERIVACION_ENTIDAD:14,la cédula digital,Medellín
syn-1357,"Buenas, ¿me colaboras? ¿Cómo veo el resultado de mi solicitud registrada de la cédula digital en Cartagena?",VERIFICACION_ESTADO,synthetic:handwritten-templates-v1,true,not_applicable,,not_human_reviewed,VERIFICACION_ESTADO:18,la cédula digital,Cartagena
syn-0607,"Disculpa, Deseo comenzar el proceso de la presentación de PQRS en Cali.",SOLICITUD_TRAMITE,synthetic:handwritten-templates-v1,true,not_applicable,,not_human_reviewed,SOLICITUD_TRAMITE:06,la presentación de PQRS,Cali
syn-0243,"Disculpa, Busco información general sobre el pasaporte ordinario en Bucaramanga.",CONSULTA_INFORMATIVA,synthetic:handwritten-templates-v1,true,not_applicable,,not_human_reviewed,CONSULTA_INFORMATIVA:11,el pasaporte ordinario,Bucaramanga
syn-0181,"Buenas, Antes de empezar, quiero conocer los pasos de la consulta de historia laboral en Pereira.",CONSULTA_INFORMATIVA,synthetic:handwritten-templates-v1,true,not_applicable,,not_human_reviewed,CONSULTA_INFORMATIVA:08,la consulta de historia laboral,Pereira
syn-1295,"Buenas, Ya envié los documentos del duplicado de la cédula en Bogotá; busco la respuesta.",VERIFICACION_ESTADO,synthetic:handwritten-templates-v1,true,not_applicable,,not_human_reviewed,VERIFICACION_ESTADO:16,el duplicado de la cédula,Bogotá
syn-0866,Me haces el favor: Ya decidí hacer el certificado de antecedentes disciplinarios en Pasto; orienta mi solicitud.,SOLICITUD_TRAMITE,synthetic:handwritten-templates-v1,true,not_applicable,,not_human_reviewed,SOLICITUD_TRAMITE:18,el certificado de antecedentes disciplinarios,Pasto
syn-1759,Una preguntica: El comprobante de la actualización del RUT en Manizales no se puede descargar.,REPORTE_PROBLEMA,synthetic:handwritten-templates-v1,true,not_applicable,,not_human_reviewed,REPORTE_PROBLEMA:16,la actualización del RUT,Manizales
syn-1773,"Buenas, El comprobante del registro civil de nacimiento en Bogotá no se puede descargar.",REPORTE_PROBLEMA,synthetic:handwritten-templates-v1,true,not_applicable,,not_human_reviewed,REPORTE_PROBLEMA:16,el registro civil de nacimiento,Bogotá
syn-1505,"Hola, El botón para continuar con el registro civil de nacimiento en Bogotá no funciona.",REPORTE_PROBLEMA,synthetic:handwritten-templates-v1,true,not_applicable,,not_human_reviewed,REPORTE_PROBLEMA:05,el registro civil de nacimiento,Bogotá
syn-1744,"Buenas tardes, Se cayó el portal cuando estaba con la corrección del registro civil en Medellín.",REPORTE_PROBLEMA,synthetic:handwritten-templates-v1,true,not_applicable,,not_human_reviewed,REPORTE_PROBLEMA:15,la corrección del registro civil,Medellín
syn-2232,"Por favor, Quiero la dirección de la sede competente paral certificado de antecedentes judiciales en Cúcuta.",DERIVACION_ENTIDAD,synthetic:handwritten-templates-v1,true,not_applicable,,not_human_reviewed,DERIVACION_ENTIDAD:16,el certificado de antecedentes judiciales,Cúcuta
syn-0590,"Buenas, ¿me colaboras? Deseo comenzar el proceso del duplicado de la cédula en Bogotá.",SOLICITUD_TRAMITE,synthetic:handwritten-templates-v1,true,not_applicable,,not_human_reviewed,SOLICITUD_TRAMITE:06,el duplicado de la cédula,Bogotá
syn-1717,La pantalla de la encuesta del Sisbén en Bucaramanga queda en blanco.,REPORTE_PROBLEMA,synthetic:handwritten-templates-v1,true,not_applicable,,not_human_reviewed,REPORTE_PROBLEMA:14,la encuesta del Sisbén,Bucaramanga
syn-0783,"Por favor, Quiero pasar de la información a la solicitud de la presentación de PQRS en Cali.",SOLICITUD_TRAMITE,synthetic:handwritten-templates-v1,true,not_applicable,,not_human_reviewed,SOLICITUD_TRAMITE:14,la presentación de PQRS,Cali
syn-2338,"Buenas, ¿me colaboras? ¿A quién le corresponde orientarme sobre la consulta de historia laboral en Pereira?",DERIVACION_ENTIDAD,synthetic:handwritten-templates-v1,true,not_applicable,,not_human_reviewed,DERIVACION_ENTIDAD:20,la consulta de historia laboral,Pereira
syn-1731,"Buenos días, La pantalla del registro civil de nacimiento en Bogotá queda en blanco.",REPORTE_PROBLEMA,synthetic:handwritten-templates-v1,true,not_applicable,,not_human_reviewed,REPORTE_PROBLEMA:14,el registro civil de nacimiento,Bogotá
syn-1601,Me haces el favor: El portal del certificado de antecedentes judiciales en Cúcuta se cierra sin guardar.,REPORTE_PROBLEMA,synthetic:handwritten-templates-v1,true,not_applicable,,not_human_reviewed,REPORTE_PROBLEMA:09,el certificado de antecedentes judiciales,Cúcuta
syn-1854,"Por favor, Hay un problema: el portal de la encuesta del Sisbén en Bucaramanga no termina de procesar.",REPORTE_PROBLEMA,synthetic:handwritten-templates-v1,true,not_applicable,,not_human_reviewed,REPORTE_PROBLEMA:20,la encuesta del Sisbén,Bucaramanga
syn-0547,Voy a gestionar la encuesta del Sisbén en Cúcuta y busco el primer paso.,SOLICITUD_TRAMITE,synthetic:handwritten-templates-v1,true,not_applicable,,not_human_reviewed,SOLICITUD_TRAMITE:04,la encuesta del Sisbén,Cúcuta
syn-1604,El portal de la consulta de historia laboral en Pasto se cierra sin guardar.,REPORTE_PROBLEMA,synthetic:handwritten-templates-v1,true,not_applicable,,not_human_reviewed,REPORTE_PROBLEMA:09,la consulta de historia laboral,Pasto
syn-1327,"Hola, Necesito consultar si finalizaron el certificado de antecedentes judiciales que inicié en Villavicencio.",VERIFICACION_ESTADO,synthetic:handwritten-templates-v1,true,not_applicable,,not_human_reviewed,VERIFICACION_ESTADO:17,el certificado de antecedentes judiciales,Villavicencio
syn-0673,"Buenas tardes, Quiero agendar el inicio del pasaporte ordinario en Bucaramanga.",SOLICITUD_TRAMITE,synthetic:handwritten-templates-v1,true,not_applicable,,not_human_reviewed,SOLICITUD_TRAMITE:09,el pasaporte ordinario,Bucaramanga
syn-0254,Me haces el favor: Busco información general sobre el duplicado de la cédula en Bogotá.,CONSULTA_INFORMATIVA,synthetic:handwritten-templates-v1,true,not_applicable,,not_human_reviewed,CONSULTA_INFORMATIVA:11,el duplicado de la cédula,Bogotá
syn-0103,¿Se puede hacer el pasaporte ordinario por internet desde Bucaramanga?,CONSULTA_INFORMATIVA,synthetic:handwritten-templates-v1,true,not_applicable,,not_human_reviewed,CONSULTA_INFORMATIVA:05,el pasaporte ordinario,Bucaramanga
syn-0164,Me haces el favor: ¿Qué diferencia hay entre la atención presencial y virtual para la cédula digital en Medellín?,CONSULTA_INFORMATIVA,synthetic:handwritten-templates-v1,true,not_applicable,,not_human_reviewed,CONSULTA_INFORMATIVA:07,la cédula digital,Medellín
syn-0239,"Buenas, Busco información general sobre la inscripción del RUT en Barranquilla.",CONSULTA_INFORMATIVA,synthetic:handwritten-templates-v1,true,not_applicable,,not_human_reviewed,CONSULTA_INFORMATIVA:11,la inscripción del RUT,Barranquilla
syn-1494,"Por favor, Intenté pagar la cédula digital en Cartagena y el portal rechazó la operación.",REPORTE_PROBLEMA,synthetic:handwritten-templates-v1,true,not_applicable,,not_human_reviewed,REPORTE_PROBLEMA:04,la cédula digital,Cartagena
syn-1535,Una preguntica: No puedo adjuntar los documentos del certificado de afiliación a salud en Villavicencio; aparece un fallo.,REPORTE_PROBLEMA,synthetic:handwritten-templates-v1,true,not_applicable,,not_human_reviewed,REPORTE_PROBLEMA:06,el certificado de afiliación a salud,Villavicencio
syn-1754,"Buenas tardes, Se cayó el portal cuando estaba con la consulta de historia laboral en Pereira.",REPORTE_PROBLEMA,synthetic:handwritten-templates-v1,true,not_applicable,,not_human_reviewed,REPORTE_PROBLEMA:15,la consulta de historia laboral,Pereira
syn-1053,Me haces el favor: Tengo un radicado de la consulta de historia laboral en Pereira y busco su estado.,VERIFICACION_ESTADO,synthetic:handwritten-templates-v1,true,not_applicable,,not_human_reviewed,VERIFICACION_ESTADO:05,la consulta de historia laboral,Pereira
syn-0484,"Buenas tardes, Quiero iniciar la presentación de PQRS en Cali.",SOLICITUD_TRAMITE,synthetic:handwritten-templates-v1,true,not_applicable,,not_human_reviewed,SOLICITUD_TRAMITE:01,la presentación de PQRS,Cali
syn-0996,"Buenas tardes, Quiero consultar el avance del pasaporte ordinario que radiqué en Cali.",VERIFICACION_ESTADO,synthetic:handwritten-templates-v1,true,not_applicable,,not_human_reviewed,VERIFICACION_ESTADO:03,el pasaporte ordinario,Cali
syn-1600,"Disculpa, El portal de la encuesta del Sisbén en Cúcuta se cierra sin guardar.",REPORTE_PROBLEMA,synthetic:handwritten-templates-v1,true,not_applicable,,not_human_reviewed,REPORTE_PROBLEMA:09,la encuesta del Sisbén,Cúcuta
syn-1522,"Buenas tardes, No puedo adjuntar los documentos del registro civil de nacimiento en Bogotá; aparece un fallo.",REPORTE_PROBLEMA,synthetic:handwritten-templates-v1,true,not_applicable,,not_human_reviewed,REPORTE_PROBLEMA:06,el registro civil de nacimiento,Bogotá
syn-1874,"Hola, ¿Qué entidad atiendel certificado de afiliación a salud en Villavicencio?",DERIVACION_ENTIDAD,synthetic:handwritten-templates-v1,true,not_applicable,,not_human_reviewed,DERIVACION_ENTIDAD:01,el certificado de afiliación a salud,Villavicencio
syn-2265,"Buenos días, ¿Cómo contacto al área de atención ciudadana de la actualización del RUT en Manizales?",DERIVACION_ENTIDAD,synthetic:handwritten-templates-v1,true,not_applicable,,not_human_reviewed,DERIVACION_ENTIDAD:17,la actualización del RUT,Manizales
syn-0918,"Por favor, Estoy listo para tramitar la encuesta del Sisbén en Cúcuta, ¿cuál es el paso inicial?",SOLICITUD_TRAMITE,synthetic:handwritten-templates-v1,true,not_applicable,,not_human_reviewed,SOLICITUD_TRAMITE:20,la encuesta del Sisbén,Cúcuta
syn-2116,"Buenas, ¿me colaboras? ¿Dónde me atiende una persona por el certificado de antecedentes judiciales en Cúcuta?",DERIVACION_ENTIDAD,synthetic:handwritten-templates-v1,true,not_applicable,,not_human_reviewed,DERIVACION_ENTIDAD:11,el certificado de antecedentes judiciales,Cúcuta
syn-0225,¿Qué comprobantes debo llevar paral certificado de antecedentes fiscales en Ibagué?,CONSULTA_INFORMATIVA,synthetic:handwritten-templates-v1,true,not_applicable,,not_human_reviewed,CONSULTA_INFORMATIVA:10,el certificado de antecedentes fiscales,Ibagué
syn-2159,Una preguntica: Necesito comunicarme con la oficina encargada de la presentación de PQRS en Cali.,DERIVACION_ENTIDAD,synthetic:handwritten-templates-v1,true,not_applicable,,not_human_reviewed,DERIVACION_ENTIDAD:13,la presentación de PQRS,Cali
syn-0327,"Por favor, ¿Las condiciones de la presentación de PQRS son las mismas para todos en Cali?",CONSULTA_INFORMATIVA,synthetic:handwritten-templates-v1,true,not_applicable,,not_human_reviewed,CONSULTA_INFORMATIVA:14,la presentación de PQRS,Cali
syn-2068,"Disculpa, ¿A qué dependencia le corresponde la encuesta del Sisbén en Cúcuta?",DERIVACION_ENTIDAD,synthetic:handwritten-templates-v1,true,not_applicable,,not_human_reviewed,DERIVACION_ENTIDAD:09,la encuesta del Sisbén,Cúcuta
syn-0185,"Disculpa, Antes de empezar, quiero conocer los pasos del certificado de antecedentes judiciales en Villavicencio.",CONSULTA_INFORMATIVA,synthetic:handwritten-templates-v1,true,not_applicable,,not_human_reviewed,CONSULTA_INFORMATIVA:08,el certificado de antecedentes judiciales,Villavicencio
syn-0277,Una preguntica: ¿Hay algún pago relacionado con el pasaporte ordinario en Bucaramanga?,CONSULTA_INFORMATIVA,synthetic:handwritten-templates-v1,true,not_applicable,,not_human_reviewed,CONSULTA_INFORMATIVA:12,el pasaporte ordinario,Bucaramanga
syn-0398,Una preguntica: ¿Cuáles son las etapas del certificado de antecedentes judiciales para alguien de Villavicencio?,CONSULTA_INFORMATIVA,synthetic:handwritten-templates-v1,true,not_applicable,,not_human_reviewed,CONSULTA_INFORMATIVA:17,el certificado de antecedentes judiciales,Villavicencio
syn-0330,"Buenos días, ¿Qué datos pidel formulario del pasaporte ordinario en Cali?",CONSULTA_INFORMATIVA,synthetic:handwritten-templates-v1,true,not_applicable,,not_human_reviewed,CONSULTA_INFORMATIVA:15,el pasaporte ordinario,Cali
syn-0515,"Por favor, Ayúdame a tramitar el registro civil de nacimiento desde Bogotá.",SOLICITUD_TRAMITE,synthetic:handwritten-templates-v1,true,not_applicable,,not_human_reviewed,SOLICITUD_TRAMITE:02,el registro civil de nacimiento,Bogotá
syn-0580,"Hola, Quisiera presentar una solicitud de la encuesta del Sisbén en Cúcuta.",SOLICITUD_TRAMITE,synthetic:handwritten-templates-v1,true,not_applicable,,not_human_reviewed,SOLICITUD_TRAMITE:05,la encuesta del Sisbén,Cúcuta
syn-0353,"Buenas tardes, Vivo en Barranquilla, ¿dónde leo los requisitos oficiales de la inscripción del RUT?",CONSULTA_INFORMATIVA,synthetic:handwritten-templates-v1,true,not_applicable,,not_human_reviewed,CONSULTA_INFORMATIVA:16,la inscripción del RUT,Barranquilla
syn-1123,Una preguntica: Busco saber si aprobaron mi solicitud de la consulta de historia laboral en Pereira.,VERIFICACION_ESTADO,synthetic:handwritten-templates-v1,true,not_applicable,,not_human_reviewed,VERIFICACION_ESTADO:08,la consulta de historia laboral,Pereira
syn-1487,"Disculpa, Intenté pagar la inscripción del RUT en Pereira y el portal rechazó la operación.",REPORTE_PROBLEMA,synthetic:handwritten-templates-v1,true,not_applicable,,not_human_reviewed,REPORTE_PROBLEMA:04,la inscripción del RUT,Pereira
syn-1378,Me haces el favor: Tengo una gestión abierta del certificado de antecedentes disciplinarios en Pasto y quiero ver su avance.,VERIFICACION_ESTADO,synthetic:handwritten-templates-v1,true,not_applicable,,not_human_reviewed,VERIFICACION_ESTADO:19,el certificado de antecedentes disciplinarios,Pasto
syn-0492,"Por favor, Quiero iniciar el pasaporte ordinario en Bucaramanga.",SOLICITUD_TRAMITE,synthetic:handwritten-templates-v1,true,not_applicable,,not_human_reviewed,SOLICITUD_TRAMITE:01,el pasaporte ordinario,Bucaramanga
syn-1140,"Por favor, ¿Puedo revisar el progreso de la encuesta del Sisbén que entregué en Bucaramanga?",VERIFICACION_ESTADO,synthetic:handwritten-templates-v1,true,not_applicable,,not_human_reviewed,VERIFICACION_ESTADO:09,la encuesta del Sisbén,Bucaramanga
syn-0731,"Disculpa, Voy a diligenciar la solicitud de la consulta de historia laboral en Pereira.",SOLICITUD_TRAMITE,synthetic:handwritten-templates-v1,true,not_applicable,,not_human_reviewed,SOLICITUD_TRAMITE:12,la consulta de historia laboral,Pereira
syn-1260,"Buenas, ¿Han actualizado el estado de mi petición del pasaporte ordinario en Cali?",VERIFICACION_ESTADO,synthetic:handwritten-templates-v1,true,not_applicable,,not_human_reviewed,VERIFICACION_ESTADO:14,el pasaporte ordinario,Cali
syn-0980,"Hola, Ya hice el certificado de antecedentes judiciales en Villavicencio, ¿cómo va la gestión?",VERIFICACION_ESTADO,synthetic:handwritten-templates-v1,true,not_applicable,,not_human_reviewed,VERIFICACION_ESTADO:02,el certificado de antecedentes judiciales,Villavicencio
syn-1112,Me haces el favor: Busco saber si aprobaron mi solicitud del pasaporte ordinario en Bucaramanga.,VERIFICACION_ESTADO,synthetic:handwritten-templates-v1,true,not_applicable,,not_human_reviewed,VERIFICACION_ESTADO:08,el pasaporte ordinario,Bucaramanga
syn-0814,"Buenas, Tengo los documentos listos y voy a empezar la consulta de historia laboral en Pereira.",SOLICITUD_TRAMITE,synthetic:handwritten-templates-v1,true,not_applicable,,not_human_reviewed,SOLICITUD_TRAMITE:15,la consulta de historia laboral,Pereira
syn-1195,"Hola, ¿Dónde miro la respuesta a mi radicación del registro civil de nacimiento en Bogotá?",VERIFICACION_ESTADO,synthetic:handwritten-templates-v1,true,not_applicable,,not_human_reviewed,VERIFICACION_ESTADO:12,el registro civil de nacimiento,Bogotá
syn-1849,"Hola, La cita del pasaporte ordinario en Bucaramanga desapareció del sistema.",REPORTE_PROBLEMA,synthetic:handwritten-templates-v1,true,not_applicable,,not_human_reviewed,REPORTE_PROBLEMA:19,el pasaporte ordinario,Bucaramanga
syn-1018,"Buenas tardes, ¿Cómo hago seguimiento a mi solicitud existente del registro civil de nacimiento en Bogotá?",VERIFICACION_ESTADO,synthetic:handwritten-templates-v1,true,not_applicable,,not_human_reviewed,VERIFICACION_ESTADO:04,el registro civil de nacimiento,Bogotá
syn-0256,"Buenas, ¿me colaboras? Busco información general sobre el registro civil de nacimiento en Bogotá.",CONSULTA_INFORMATIVA,synthetic:handwritten-templates-v1,true,not_applicable,,not_human_reviewed,CONSULTA_INFORMATIVA:11,el registro civil de nacimiento,Bogotá
syn-1181,Hace unos días presenté el certificado de antecedentes judiciales en Villavicencio; ¿en qué etapa va?,VERIFICACION_ESTADO,synthetic:handwritten-templates-v1,true,not_applicable,,not_human_reviewed,VERIFICACION_ESTADO:11,el certificado de antecedentes judiciales,Villavicencio
syn-0817,"Buenas tardes, Tengo los documentos listos y voy a empezar la cédula digital en Cartagena.",SOLICITUD_TRAMITE,synthetic:handwritten-templates-v1,true,not_applicable,,not_human_reviewed,SOLICITUD_TRAMITE:15,la cédula digital,Cartagena
syn-2174,"Por favor, Necesito comunicarme con la oficina encargada del certificado de afiliación a salud en Villavicencio.",DERIVACION_ENTIDAD,synthetic:handwritten-templates-v1,true,not_applicable,,not_human_reviewed,DERIVACION_ENTIDAD:13,el certificado de afiliación a salud,Villavicencio
syn-0659,"Hola, Quiero agendar el inicio de la inscripción del RUT en Pereira.",SOLICITUD_TRAMITE,synthetic:handwritten-templates-v1,true,not_applicable,,not_human_reviewed,SOLICITUD_TRAMITE:09,la inscripción del RUT,Pereira
syn-0205,"Por favor, ¿Qué edad mínima se exige para la corrección del registro civil en Medellín?",CONSULTA_INFORMATIVA,synthetic:handwritten-templates-v1,true,not_applicable,,not_human_reviewed,CONSULTA_INFORMATIVA:09,la corrección del registro civil,Medellín
syn-1457,Una preguntica: El sistema de la encuesta del Sisbén en Cúcuta se queda bloqueado.,REPORTE_PROBLEMA,synthetic:handwritten-templates-v1,true,not_applicable,,not_human_reviewed,REPORTE_PROBLEMA:03,la encuesta del Sisbén,Cúcuta
syn-1310,Me haces el favor: Ya envié los documentos del certificado de antecedentes fiscales en Ibagué; busco la respuesta.,VERIFICACION_ESTADO,synthetic:handwritten-templates-v1,true,not_applicable,,not_human_reviewed,VERIFICACION_ESTADO:16,el certificado de antecedentes fiscales,Ibagué
syn-0393,"Por favor, ¿Cuáles son las etapas del duplicado de la cédula para alguien de Barranquilla?",CONSULTA_INFORMATIVA,synthetic:handwritten-templates-v1,true,not_applicable,,not_human_reviewed,CONSULTA_INFORMATIVA:17,el duplicado de la cédula,Barranquilla
syn-2178,"Buenas tardes, ¿Me remites a la entidad que manejal certificado de afiliación a salud en Villavicencio?",DERIVACION_ENTIDAD,synthetic:handwritten-templates-v1,true,not_applicable,,not_human_reviewed,DERIVACION_ENTIDAD:14,el certificado de afiliación a salud,Villavicencio
syn-1389,"Disculpa, ¿Hay novedades de mi trámite del certificado de antecedentes fiscales radicado en Ibagué?",VERIFICACION_ESTADO,synthetic:handwritten-templates-v1,true,not_applicable,,not_human_reviewed,VERIFICACION_ESTADO:20,el certificado de antecedentes fiscales,Ibagué
syn-2124,Me haces el favor: ¿Dónde me atiende una persona por el certificado de antecedentes fiscales en Ibagué?,DERIVACION_ENTIDAD,synthetic:handwritten-templates-v1,true,not_applicable,,not_human_reviewed,DERIVACION_ENTIDAD:11,el certificado de antecedentes fiscales,Ibagué
syn-1266,"Buenas tardes, ¿Mi solicitud anterior de la consulta de historia laboral en Pereira continúa pendiente?",VERIFICACION_ESTADO,synthetic:handwritten-templates-v1,true,not_applicable,,not_human_reviewed,VERIFICACION_ESTADO:15,la consulta de historia laboral,Pereira
syn-2066,"Buenos días, ¿A qué dependencia le correspondel certificado de afiliación a salud en Villavicencio?",DERIVACION_ENTIDAD,synthetic:handwritten-templates-v1,true,not_applicable,,not_human_reviewed,DERIVACION_ENTIDAD:09,el certificado de afiliación a salud,Villavicencio
syn-1365,"Buenos días, Tengo una gestión abierta del registro civil de nacimiento en Bogotá y quiero ver su avance.",VERIFICACION_ESTADO,synthetic:handwritten-templates-v1,true,not_applicable,,not_human_reviewed,VERIFICACION_ESTADO:19,el registro civil de nacimiento,Bogotá
syn-1589,Una preguntica: El enlace del certificado de antecedentes fiscales para Ibagué está roto.,REPORTE_PROBLEMA,synthetic:handwritten-templates-v1,true,not_applicable,,not_human_reviewed,REPORTE_PROBLEMA:08,el certificado de antecedentes fiscales,Ibagué
syn-0511,"Buenas, ¿me colaboras? Ayúdame a tramitar el certificado de antecedentes judiciales desde Villavicencio.",SOLICITUD_TRAMITE,synthetic:handwritten-templates-v1,true,not_applicable,,not_human_reviewed,SOLICITUD_TRAMITE:02,el certificado de antecedentes judiciales,Villavicencio
syn-0303,"Hola, Me explicas en palabras sencillas en qué consiste el certificado de antecedentes judiciales en Cúcuta.",CONSULTA_INFORMATIVA,synthetic:handwritten-templates-v1,true,not_applicable,,not_human_reviewed,CONSULTA_INFORMATIVA:13,el certificado de antecedentes judiciales,Cúcuta
syn-2290,"Disculpa, ¿Existe una línea de atención oficial paral certificado de afiliación a salud en Villavicencio?",DERIVACION_ENTIDAD,synthetic:handwritten-templates-v1,true,not_applicable,,not_human_reviewed,DERIVACION_ENTIDAD:18,el certificado de afiliación a salud,Villavicencio
syn-0252,"Buenas tardes, Busco información general sobre el certificado de afiliación a salud en Villavicencio.",CONSULTA_INFORMATIVA,synthetic:handwritten-templates-v1,true,not_applicable,,not_human_reviewed,CONSULTA_INFORMATIVA:11,el certificado de afiliación a salud,Villavicencio
syn-2082,¿A qué dependencia le correspondel certificado de antecedentes disciplinarios en Pasto?,DERIVACION_ENTIDAD,synthetic:handwritten-templates-v1,true,not_applicable,,not_human_reviewed,DERIVACION_ENTIDAD:09,el certificado de antecedentes disciplinarios,Pasto
syn-1224,Una preguntica: Me dieron un comprobante de la actualización del RUT en Cartagena; quiero revisar la gestión.,VERIFICACION_ESTADO,synthetic:handwritten-templates-v1,true,not_applicable,,not_human_reviewed,VERIFICACION_ESTADO:13,la actualización del RUT,Cartagena
syn-0629,"Disculpa, Me interesa realizar la inscripción del RUT en Barranquilla ahora.",SOLICITUD_TRAMITE,synthetic:handwritten-templates-v1,true,not_applicable,,not_human_reviewed,SOLICITUD_TRAMITE:07,la inscripción del RUT,Barranquilla
syn-0036,"Buenas, ¿Cuánto cuesta la presentación de PQRS en Cali?",CONSULTA_INFORMATIVA,synthetic:handwritten-templates-v1,true,not_applicable,,not_human_reviewed,CONSULTA_INFORMATIVA:02,la presentación de PQRS,Cali
syn-1070,"Hola, ¿Ya respondieron mi petición de la inscripción del RUT en Barranquilla?",VERIFICACION_ESTADO,synthetic:handwritten-templates-v1,true,not_applicable,,not_human_reviewed,VERIFICACION_ESTADO:06,la inscripción del RUT,Barranquilla
syn-2297,"Hola, Busco atención presencial de la institución que lleva la corrección del registro civil en Medellín.",DERIVACION_ENTIDAD,synthetic:handwritten-templates-v1,true,not_applicable,,not_human_reviewed,DERIVACION_ENTIDAD:19,la corrección del registro civil,Medellín
syn-0457,"Estoy averiguando cómo es el registro civil de nacimiento en Bogotá, todavía no voy a iniciarlo.",CONSULTA_INFORMATIVA,synthetic:handwritten-templates-v1,true,not_applicable,,not_human_reviewed,CONSULTA_INFORMATIVA:20,el registro civil de nacimiento,Bogotá
syn-1142,"Buenas tardes, ¿Puedo revisar el progreso de la actualización del RUT que entregué en Manizales?",VERIFICACION_ESTADO,synthetic:handwritten-templates-v1,true,not_applicable,,not_human_reviewed,VERIFICACION_ESTADO:09,la actualización del RUT,Manizales
syn-2254,"Por favor, ¿Cómo contacto al área de atención ciudadana del registro civil de nacimiento en Bogotá?",DERIVACION_ENTIDAD,synthetic:handwritten-templates-v1,true,not_applicable,,not_human_reviewed,DERIVACION_ENTIDAD:17,el registro civil de nacimiento,Bogotá
syn-1355,Me haces el favor: ¿Cómo veo el resultado de mi solicitud registrada del registro civil de nacimiento en Bogotá?,VERIFICACION_ESTADO,synthetic:handwritten-templates-v1,true,not_applicable,,not_human_reviewed,VERIFICACION_ESTADO:18,el registro civil de nacimiento,Bogotá
syn-0931,"Disculpa, Estoy listo para tramitar la actualización del RUT en Manizales, ¿cuál es el paso inicial?",SOLICITUD_TRAMITE,synthetic:handwritten-templates-v1,true,not_applicable,,not_human_reviewed,SOLICITUD_TRAMITE:20,la actualización del RUT,Manizales
syn-1801,Una preguntica: Aparece un cobro repetido durante el pasaporte ordinario en Cali.,REPORTE_PROBLEMA,synthetic:handwritten-templates-v1,true,not_applicable,,not_human_reviewed,REPORTE_PROBLEMA:17,el pasaporte ordinario,Cali
syn-0363,"Buenas tardes, Vivo en Cali, ¿dónde leo los requisitos oficiales de la presentación de PQRS?",CONSULTA_INFORMATIVA,synthetic:handwritten-templates-v1,true,not_applicable,,not_human_reviewed,CONSULTA_INFORMATIVA:16,la presentación de PQRS,Cali
syn-2204,Una preguntica: ¿Qué organismo puede atender mi consulta del duplicado de la cédula en Bogotá?,DERIVACION_ENTIDAD,synthetic:handwritten-templates-v1,true,not_applicable,,not_human_reviewed,DERIVACION_ENTIDAD:15,el duplicado de la cédula,Bogotá
syn-2291,Me haces el favor: ¿Existe una línea de atención oficial paral certificado de antecedentes disciplinarios en Pasto?,DERIVACION_ENTIDAD,synthetic:handwritten-templates-v1,true,not_applicable,,not_human_reviewed,DERIVACION_ENTIDAD:18,el certificado de antecedentes disciplinarios,Pasto
syn-0700,¿Me ayudas a arrancar con el registro civil de nacimiento en Bogotá?,SOLICITUD_TRAMITE,synthetic:handwritten-templates-v1,true,not_applicable,,not_human_reviewed,SOLICITUD_TRAMITE:10,el registro civil de nacimiento,Bogotá
syn-0392,"Buenas, ¿Cuáles son las etapas del registro civil de nacimiento para alguien de Bogotá?",CONSULTA_INFORMATIVA,synthetic:handwritten-templates-v1,true,not_applicable,,not_human_reviewed,CONSULTA_INFORMATIVA:17,el registro civil de nacimiento,Bogotá
syn-0031,Me haces el favor: ¿Cuánto cuestal pasaporte ordinario en Cali?,CONSULTA_INFORMATIVA,synthetic:handwritten-templates-v1,true,not_applicable,,not_human_reviewed,CONSULTA_INFORMATIVA:02,el pasaporte ordinario,Cali
syn-2231,"Buenas, Quiero la dirección de la sede competente paral certificado de afiliación a salud en Villavicencio.",DERIVACION_ENTIDAD,synthetic:handwritten-templates-v1,true,not_applicable,,not_human_reviewed,DERIVACION_ENTIDAD:16,el certificado de afiliación a salud,Villavicencio
syn-1597,"Por favor, El portal de la cédula digital en Medellín se cierra sin guardar.",REPORTE_PROBLEMA,synthetic:handwritten-templates-v1,true,not_applicable,,not_human_reviewed,REPORTE_PROBLEMA:09,la cédula digital,Medellín
syn-0742,Me haces el favor: Voy a diligenciar la solicitud de la inscripción del RUT en Barranquilla.,SOLICITUD_TRAMITE,synthetic:handwritten-templates-v1,true,not_applicable,,not_human_reviewed,SOLICITUD_TRAMITE:12,la inscripción del RUT,Barranquilla
syn-2266,"Buenas tardes, ¿Cómo contacto al área de atención ciudadana de la consulta de historia laboral en Pereira?",DERIVACION_ENTIDAD,synthetic:handwritten-templates-v1,true,not_applicable,,not_human_reviewed,DERIVACION_ENTIDAD:17,la consulta de historia laboral,Pereira
syn-0444,"Buenas, ¿me colaboras? ¿Debo presentar originales o copias paral certificado de antecedentes judiciales en Cúcuta?",CONSULTA_INFORMATIVA,synthetic:handwritten-templates-v1,true,not_applicable,,not_human_reviewed,CONSULTA_INFORMATIVA:19,el certificado de antecedentes judiciales,Cúcuta
syn-0588,Me haces el favor: Deseo comenzar el proceso del registro civil de nacimiento en Bogotá.,SOLICITUD_TRAMITE,synthetic:handwritten-templates-v1,true,not_applicable,,not_human_reviewed,SOLICITUD_TRAMITE:06,el registro civil de nacimiento,Bogotá
syn-1031,"Buenas tardes, Tengo un radicado del duplicado de la cédula en Barranquilla y busco su estado.",VERIFICACION_ESTADO,synthetic:handwritten-templates-v1,true,not_applicable,,not_human_reviewed,VERIFICACION_ESTADO:05,el duplicado de la cédula,Barranquilla
syn-1370,"Buenas, ¿me colaboras? Tengo una gestión abierta de la inscripción del RUT en Pereira y quiero ver su avance.",VERIFICACION_ESTADO,synthetic:handwritten-templates-v1,true,not_applicable,,not_human_reviewed,VERIFICACION_ESTADO:19,la inscripción del RUT,Pereira
syn-0052,"Buenas tardes, ¿Cuál es el plazo habitual de la renovación de la licencia de conducción en Manizales?",CONSULTA_INFORMATIVA,synthetic:handwritten-templates-v1,true,not_applicable,,not_human_reviewed,CONSULTA_INFORMATIVA:03,la renovación de la licencia de conducción,Manizales
syn-0473,"Buenos días, Quiero iniciar el certificado de antecedentes disciplinarios en Pasto.",SOLICITUD_TRAMITE,synthetic:handwritten-templates-v1,true,not_applicable,,not_human_reviewed,SOLICITUD_TRAMITE:01,el certificado de antecedentes disciplinarios,Pasto
syn-1247,"Buenas, ¿me colaboras? ¿Han actualizado el estado de mi petición del certificado de antecedentes judiciales en Cúcuta?",VERIFICACION_ESTADO,synthetic:handwritten-templates-v1,true,not_applicable,,not_human_reviewed,VERIFICACION_ESTADO:14,el certificado de antecedentes judiciales,Cúcuta
syn-0044,¿Cuánto cuesta la actualización del RUT en Manizales?,CONSULTA_INFORMATIVA,synthetic:handwritten-templates-v1,true,not_applicable,,not_human_reviewed,CONSULTA_INFORMATIVA:02,la actualización del RUT,Manizales
syn-0126,"Hola, ¿Hace falta una cita para la presentación de PQRS en Cali?",CONSULTA_INFORMATIVA,synthetic:handwritten-templates-v1,true,not_applicable,,not_human_reviewed,CONSULTA_INFORMATIVA:06,la presentación de PQRS,Cali
syn-1450,"Por favor, Me sale un error al llenar el formulario de la inscripción del RUT en Barranquilla.",REPORTE_PROBLEMA,synthetic:handwritten-templates-v1,true,not_applicable,,not_human_reviewed,REPORTE_PROBLEMA:02,la inscripción del RUT,Barranquilla
syn-1002,"Hola, Quiero consultar el avance del registro civil de nacimiento que radiqué en Bogotá.",VERIFICACION_ESTADO,synthetic:handwritten-templates-v1,true,not_applicable,,not_human_reviewed,VERIFICACION_ESTADO:03,el registro civil de nacimiento,Bogotá
syn-0850,"Buenos días, Busco comenzar la consulta de historia laboral por el canal oficial de Pereira.",SOLICITUD_TRAMITE,synthetic:handwritten-templates-v1,true,not_applicable,,not_human_reviewed,SOLICITUD_TRAMITE:17,la consulta de historia laboral,Pereira
syn-2152,"Por favor, ¿Cuál es el canal institucional para pedir orientación sobre el duplicado de la cédula en Bogotá?",DERIVACION_ENTIDAD,synthetic:handwritten-templates-v1,true,not_applicable,,not_human_reviewed,DERIVACION_ENTIDAD:12,el duplicado de la cédula,Bogotá
syn-1034,Una preguntica: Tengo un radicado de la actualización del RUT en Cartagena y busco su estado.,VERIFICACION_ESTADO,synthetic:handwritten-templates-v1,true,not_applicable,,not_human_reviewed,VERIFICACION_ESTADO:05,la actualización del RUT,Cartagena
syn-1526,"Buenas, ¿me colaboras? No puedo adjuntar los documentos de la consulta de historia laboral en Pasto; aparece un fallo.",REPORTE_PROBLEMA,synthetic:handwritten-templates-v1,true,not_applicable,,not_human_reviewed,REPORTE_PROBLEMA:06,la consulta de historia laboral,Pasto
syn-2221,"Buenas tardes, ¿Qué organismo puede atender mi consulta del pasaporte ordinario en Cali?",DERIVACION_ENTIDAD,synthetic:handwritten-templates-v1,true,not_applicable,,not_human_reviewed,DERIVACION_ENTIDAD:15,el pasaporte ordinario,Cali
syn-1035,"Buenas, ¿me colaboras? Tengo un radicado de la renovación de la licencia de conducción en Ibagué y busco su estado.",VERIFICACION_ESTADO,synthetic:handwritten-templates-v1,true,not_applicable,,not_human_reviewed,VERIFICACION_ESTADO:05,la renovación de la licencia de conducción,Ibagué
syn-2236,Me haces el favor: Quiero la dirección de la sede competente para la renovación de la licencia de conducción en Ibagué.,DERIVACION_ENTIDAD,synthetic:handwritten-templates-v1,true,not_applicable,,not_human_reviewed,DERIVACION_ENTIDAD:16,la renovación de la licencia de conducción,Ibagué
syn-1382,"Buenas, ¿me colaboras? ¿Hay novedades de mi trámite del certificado de antecedentes judiciales radicado en Villavicencio?",VERIFICACION_ESTADO,synthetic:handwritten-templates-v1,true,not_applicable,,not_human_reviewed,VERIFICACION_ESTADO:20,el certificado de antecedentes judiciales,Villavicencio
syn-0925,"Estoy listo para tramitar el certificado de antecedentes fiscales en Ibagué, ¿cuál es el paso inicial?",SOLICITUD_TRAMITE,synthetic:handwritten-templates-v1,true,not_applicable,,not_human_reviewed,SOLICITUD_TRAMITE:20,el certificado de antecedentes fiscales,Ibagué
syn-1730,"Por favor, La pantalla de la corrección del registro civil en Medellín queda en blanco.",REPORTE_PROBLEMA,synthetic:handwritten-templates-v1,true,not_applicable,,not_human_reviewed,REPORTE_PROBLEMA:14,la corrección del registro civil,Medellín
syn-2233,"Buenos días, Quiero la dirección de la sede competente paral certificado de antecedentes disciplinarios en Pasto.",DERIVACION_ENTIDAD,synthetic:handwritten-templates-v1,true,not_applicable,,not_human_reviewed,DERIVACION_ENTIDAD:16,el certificado de antecedentes disciplinarios,Pasto
syn-0023,"Buenas, ¿Qué documentos piden para la encuesta del Sisbén en Bucaramanga?",CONSULTA_INFORMATIVA,synthetic:handwritten-templates-v1,true,not_applicable,,not_human_reviewed,CONSULTA_INFORMATIVA:01,la encuesta del Sisbén,Bucaramanga
syn-0077,Me haces el favor: Explícame los requisitos del pasaporte ordinario en Bucaramanga.,CONSULTA_INFORMATIVA,synthetic:handwritten-templates-v1,true,not_applicable,,not_human_reviewed,CONSULTA_INFORMATIVA:04,el pasaporte ordinario,Bucaramanga
syn-1194,"Por favor, Hace unos días presenté la inscripción del RUT en Pereira; ¿en qué etapa va?",VERIFICACION_ESTADO,synthetic:handwritten-templates-v1,true,not_applicable,,not_human_reviewed,VERIFICACION_ESTADO:11,la inscripción del RUT,Pereira
syn-0940,"Por favor, ¿En qué estado está mi solicitud del pasaporte ordinario presentada en Cali?",VERIFICACION_ESTADO,synthetic:handwritten-templates-v1,true,not_applicable,,not_human_reviewed,VERIFICACION_ESTADO:01,el pasaporte ordinario,Cali
syn-0266,Me haces el favor: ¿Hay algún pago relacionado con la cédula digital en Medellín?,CONSULTA_INFORMATIVA,synthetic:handwritten-templates-v1,true,not_applicable,,not_human_reviewed,CONSULTA_INFORMATIVA:12,la cédula digital,Medellín
syn-0601,Deseo comenzar el proceso del certificado de antecedentes disciplinarios en Pasto.,SOLICITUD_TRAMITE,synthetic:handwritten-templates-v1,true,not_applicable,,not_human_reviewed,SOLICITUD_TRAMITE:06,el certificado de antecedentes disciplinarios,Pasto
syn-1739,Se cayó el portal cuando estaba con el certificado de antecedentes fiscales en Ibagué.,REPORTE_PROBLEMA,synthetic:handwritten-templates-v1,true,not_applicable,,not_human_reviewed,REPORTE_PROBLEMA:15,el certificado de antecedentes fiscales,Ibagué
syn-0087,Me haces el favor: Explícame los requisitos de la actualización del RUT en Cartagena.,CONSULTA_INFORMATIVA,synthetic:handwritten-templates-v1,true,not_applicable,,not_human_reviewed,CONSULTA_INFORMATIVA:04,la actualización del RUT,Cartagena
syn-0661,"Por favor, Quiero agendar el inicio de la presentación de PQRS en Cali.",SOLICITUD_TRAMITE,synthetic:handwritten-templates-v1,true,not_applicable,,not_human_reviewed,SOLICITUD_TRAMITE:09,la presentación de PQRS,Cali
syn-0961,"Buenas, Ya hice la consulta de historia laboral en Pereira, ¿cómo va la gestión?",VERIFICACION_ESTADO,synthetic:handwritten-templates-v1,true,not_applicable,,not_human_reviewed,VERIFICACION_ESTADO:02,la consulta de historia laboral,Pereira
syn-1077,Una preguntica: ¿Ya respondieron mi petición de la corrección del registro civil en Medellín?,VERIFICACION_ESTADO,synthetic:handwritten-templates-v1,true,not_applicable,,not_human_reviewed,VERIFICACION_ESTADO:06,la corrección del registro civil,Medellín
syn-1624,Una preguntica: La plataforma muestra un error de conexión al hacer la cédula digital en Medellín.,REPORTE_PROBLEMA,synthetic:handwritten-templates-v1,true,not_applicable,,not_human_reviewed,REPORTE_PROBLEMA:10,la cédula digital,Medellín
syn-1904,Una preguntica: ¿A cuál oficina debo dirigirme por el pasaporte ordinario en Bucaramanga?,DERIVACION_ENTIDAD,synthetic:handwritten-templates-v1,true,not_applicable,,not_human_reviewed,DERIVACION_ENTIDAD:02,el pasaporte ordinario,Bucaramanga
syn-1926,Una preguntica: ¿Quién es el responsable institucional de la inscripción del RUT en Pereira?,DERIVACION_ENTIDAD,synthetic:handwritten-templates-v1,true,not_applicable,,not_human_reviewed,DERIVACION_ENTIDAD:03,la inscripción del RUT,Pereira
syn-1877,"Buenos días, ¿Qué entidad atiendel certificado de antecedentes judiciales en Cúcuta?",DERIVACION_ENTIDAD,synthetic:handwritten-templates-v1,true,not_applicable,,not_human_reviewed,DERIVACION_ENTIDAD:01,el certificado de antecedentes judiciales,Cúcuta
syn-0203,"Hola, ¿Qué edad mínima se exige paral pasaporte ordinario en Bucaramanga?",CONSULTA_INFORMATIVA,synthetic:handwritten-templates-v1,true,not_applicable,,not_human_reviewed,CONSULTA_INFORMATIVA:09,el pasaporte ordinario,Bucaramanga
syn-2318,"Buenas, ¿me colaboras? ¿A quién le corresponde orientarme sobre el certificado de antecedentes judiciales en Villavicencio?",DERIVACION_ENTIDAD,synthetic:handwritten-templates-v1,true,not_applicable,,not_human_reviewed,DERIVACION_ENTIDAD:20,el certificado de antecedentes judiciales,Villavicencio
syn-0456,"Buenas, ¿me colaboras? Estoy averiguando cómo es el certificado de afiliación a salud en Villavicencio, todavía no voy a iniciarlo.",CONSULTA_INFORMATIVA,synthetic:handwritten-templates-v1,true,not_applicable,,not_human_reviewed,CONSULTA_INFORMATIVA:20,el certificado de afiliación a salud,Villavicencio
syn-0127,"Buenas, ¿Hace falta una cita para la cédula digital en Cartagena?",CONSULTA_INFORMATIVA,synthetic:handwritten-templates-v1,true,not_applicable,,not_human_reviewed,CONSULTA_INFORMATIVA:06,la cédula digital,Cartagena
syn-2305,"Buenas, ¿me colaboras? Busco atención presencial de la institución que lleval certificado de antecedentes judiciales en Villavicencio.",DERIVACION_ENTIDAD,synthetic:handwritten-templates-v1,true,not_applicable,,not_human_reviewed,DERIVACION_ENTIDAD:19,el certificado de antecedentes judiciales,Villavicencio
syn-0249,"Buenas, Busco información general sobre la encuesta del Sisbén en Cúcuta.",CONSULTA_INFORMATIVA,synthetic:handwritten-templates-v1,true,not_applicable,,not_human_reviewed,CONSULTA_INFORMATIVA:11,la encuesta del Sisbén,Cúcuta
syn-2165,"Buenos días, Necesito comunicarme con la oficina encargada del pasaporte ordinario en Cali.",DERIVACION_ENTIDAD,synthetic:handwritten-templates-v1,true,not_applicable,,not_human_reviewed,DERIVACION_ENTIDAD:13,el pasaporte ordinario,Cali
syn-1583,"Buenas, El enlace de la inscripción del RUT para Barranquilla está roto.",REPORTE_PROBLEMA,synthetic:handwritten-templates-v1,true,not_applicable,,not_human_reviewed,REPORTE_PROBLEMA:08,la inscripción del RUT,Barranquilla
syn-1985,"Por favor, ¿Con qué institución hablo sobre la inscripción del RUT en Barranquilla?",DERIVACION_ENTIDAD,synthetic:handwritten-templates-v1,true,not_applicable,,not_human_reviewed,DERIVACION_ENTIDAD:05,la inscripción del RUT,Barranquilla
syn-0194,"Buenas, ¿Qué edad mínima se exige para la encuesta del Sisbén en Cúcuta?",CONSULTA_INFORMATIVA,synthetic:handwritten-templates-v1,true,not_applicable,,not_human_reviewed,CONSULTA_INFORMATIVA:09,la encuesta del Sisbén,Cúcuta
syn-1422,Me haces el favor: La página de la consulta de historia laboral no carga cuando entro desde Pereira.,REPORTE_PROBLEMA,synthetic:handwritten-templates-v1,true,not_applicable,,not_human_reviewed,REPORTE_PROBLEMA:01,la consulta de historia laboral,Pereira
syn-1632,"Disculpa, La plataforma muestra un error de conexión al hacer la corrección del registro civil en Medellín.",REPORTE_PROBLEMA,synthetic:handwritten-templates-v1,true,not_applicable,,not_human_reviewed,REPORTE_PROBLEMA:10,la corrección del registro civil,Medellín
syn-2274,¿Existe una línea de atención oficial para la actualización del RUT en Cartagena?,DERIVACION_ENTIDAD,synthetic:handwritten-templates-v1,true,not_applicable,,not_human_reviewed,DERIVACION_ENTIDAD:18,la actualización del RUT,Cartagena
syn-2189,"Disculpa, ¿Me remites a la entidad que maneja la consulta de historia laboral en Pasto?",DERIVACION_ENTIDAD,synthetic:handwritten-templates-v1,true,not_applicable,,not_human_reviewed,DERIVACION_ENTIDAD:14,la consulta de historia laboral,Pasto
syn-0357,"Buenas, ¿me colaboras? Vivo en Cúcuta, ¿dónde leo los requisitos oficiales del certificado de antecedentes judiciales?",CONSULTA_INFORMATIVA,synthetic:handwritten-templates-v1,true,not_applicable,,not_human_reviewed,CONSULTA_INFORMATIVA:16,el certificado de antecedentes judiciales,Cúcuta
syn-0533,"Una preguntica: Necesito hacer el pasaporte ordinario en Bucaramanga, ¿cómo empiezo?",SOLICITUD_TRAMITE,synthetic:handwritten-templates-v1,true,not_applicable,,not_human_reviewed,SOLICITUD_TRAMITE:03,el pasaporte ordinario,Bucaramanga
syn-1315,"Buenas, ¿me colaboras? Necesito consultar si finalizaron la cédula digital que inicié en Cartagena.",VERIFICACION_ESTADO,synthetic:handwritten-templates-v1,true,not_applicable,,not_human_reviewed,VERIFICACION_ESTADO:17,la cédula digital,Cartagena
syn-0101,Una preguntica: ¿Se puede hacer la consulta de historia laboral por internet desde Pasto?,CONSULTA_INFORMATIVA,synthetic:handwritten-templates-v1,true,not_applicable,,not_human_reviewed,CONSULTA_INFORMATIVA:05,la consulta de historia laboral,Pasto
syn-1346,Una preguntica: ¿Cómo veo el resultado de mi solicitud registrada de la inscripción del RUT en Pereira?,VERIFICACION_ESTADO,synthetic:handwritten-templates-v1,true,not_applicable,,not_human_reviewed,VERIFICACION_ESTADO:18,la inscripción del RUT,Pereira
syn-1900,"Buenos días, ¿A cuál oficina debo dirigirme por la actualización del RUT en Manizales?",DERIVACION_ENTIDAD,synthetic:handwritten-templates-v1,true,not_applicable,,not_human_reviewed,DERIVACION_ENTIDAD:02,la actualización del RUT,Manizales
syn-1149,Quiero saber si ya está listo el resultado de la consulta de historia laboral en Pasto.,VERIFICACION_ESTADO,synthetic:handwritten-templates-v1,true,not_applicable,,not_human_reviewed,VERIFICACION_ESTADO:10,la consulta de historia laboral,Pasto
syn-1969,Me haces el favor: ¿Con qué institución hablo sobre la actualización del RUT en Manizales?,DERIVACION_ENTIDAD,synthetic:handwritten-templates-v1,true,not_applicable,,not_human_reviewed,DERIVACION_ENTIDAD:05,la actualización del RUT,Manizales
syn-0304,"Buenas, Me explicas en palabras sencillas en qué consiste el duplicado de la cédula en Bogotá.",CONSULTA_INFORMATIVA,synthetic:handwritten-templates-v1,true,not_applicable,,not_human_reviewed,CONSULTA_INFORMATIVA:13,el duplicado de la cédula,Bogotá
syn-0672,"Buenos días, Quiero agendar el inicio del certificado de antecedentes fiscales en Ibagué.",SOLICITUD_TRAMITE,synthetic:handwritten-templates-v1,true,not_applicable,,not_human_reviewed,SOLICITUD_TRAMITE:09,el certificado de antecedentes fiscales,Ibagué
syn-0441,"Disculpa, ¿Debo presentar originales o copias paral pasaporte ordinario en Cali?",CONSULTA_INFORMATIVA,synthetic:handwritten-templates-v1,true,not_applicable,,not_human_reviewed,CONSULTA_INFORMATIVA:19,el pasaporte ordinario,Cali
syn-0083,"Por favor, Explícame los requisitos del duplicado de la cédula en Bogotá.",CONSULTA_INFORMATIVA,synthetic:handwritten-templates-v1,true,not_applicable,,not_human_reviewed,CONSULTA_INFORMATIVA:04,el duplicado de la cédula,Bogotá
syn-1799,"Disculpa, Aparece un cobro repetido durante la cédula digital en Cartagena.",REPORTE_PROBLEMA,synthetic:handwritten-templates-v1,true,not_applicable,,not_human_reviewed,REPORTE_PROBLEMA:17,la cédula digital,Cartagena
syn-1170,"Hola, Quiero saber si ya está listo el resultado de la cédula digital en Cartagena.",VERIFICACION_ESTADO,synthetic:handwritten-templates-v1,true,not_applicable,,not_human_reviewed,VERIFICACION_ESTADO:10,la cédula digital,Cartagena
syn-2246,Me haces el favor: Quiero la dirección de la sede competente para la encuesta del Sisbén en Cúcuta.,DERIVACION_ENTIDAD,synthetic:handwritten-templates-v1,true,not_applicable,,not_human_reviewed,DERIVACION_ENTIDAD:16,la encuesta del Sisbén,Cúcuta
syn-0246,"Buenas, ¿me colaboras? Busco información general sobre la inscripción del RUT en Pereira.",CONSULTA_INFORMATIVA,synthetic:handwritten-templates-v1,true,not_applicable,,not_human_reviewed,CONSULTA_INFORMATIVA:11,la inscripción del RUT,Pereira
syn-0543,"Disculpa, Voy a gestionar la renovación de la licencia de conducción en Ibagué y busco el primer paso.",SOLICITUD_TRAMITE,synthetic:handwritten-templates-v1,true,not_applicable,,not_human_reviewed,SOLICITUD_TRAMITE:04,la renovación de la licencia de conducción,Ibagué
syn-1663,"Buenas, Quiero reportar una falla en el servicio del certificado de antecedentes fiscales en Ibagué.",REPORTE_PROBLEMA,synthetic:handwritten-templates-v1,true,not_applicable,,not_human_reviewed,REPORTE_PROBLEMA:12,el certificado de antecedentes fiscales,Ibagué
syn-2060,Una preguntica: ¿A qué dependencia le corresponde la consulta de historia laboral en Pereira?,DERIVACION_ENTIDAD,synthetic:handwritten-templates-v1,true,not_applicable,,not_human_reviewed,DERIVACION_ENTIDAD:09,la consulta de historia laboral,Pereira
syn-1408,"Por favor, La página de la actualización del RUT no carga cuando entro desde Manizales.",REPORTE_PROBLEMA,synthetic:handwritten-templates-v1,true,not_applicable,,not_human_reviewed,REPORTE_PROBLEMA:01,la actualización del RUT,Manizales
syn-0426,"Hola, ¿Debo presentar originales o copias para la renovación de la licencia de conducción en Manizales?",CONSULTA_INFORMATIVA,synthetic:handwritten-templates-v1,true,not_applicable,,not_human_reviewed,CONSULTA_INFORMATIVA:19,la renovación de la licencia de conducción,Manizales
syn-1391,Una preguntica: ¿Hay novedades de mi trámite de la consulta de historia laboral radicado en Pereira?,VERIFICACION_ESTADO,synthetic:handwritten-templates-v1,true,not_applicable,,not_human_reviewed,VERIFICACION_ESTADO:20,la consulta de historia laboral,Pereira
syn-2058,"Buenas, ¿me colaboras? Busco el contacto de la autoridad competente paral pasaporte ordinario en Cali.",DERIVACION_ENTIDAD,synthetic:handwritten-templates-v1,true,not_applicable,,not_human_reviewed,DERIVACION_ENTIDAD:08,el pasaporte ordinario,Cali
syn-2107,¿Dónde me atiende una persona por la consulta de historia laboral en Pereira?,DERIVACION_ENTIDAD,synthetic:handwritten-templates-v1,true,not_applicable,,not_human_reviewed,DERIVACION_ENTIDAD:11,la consulta de historia laboral,Pereira
syn-1774,"Por favor, El comprobante del certificado de afiliación a salud en Villavicencio no se puede descargar.",REPORTE_PROBLEMA,synthetic:handwritten-templates-v1,true,not_applicable,,not_human_reviewed,REPORTE_PROBLEMA:16,el certificado de afiliación a salud,Villavicencio
syn-0955,Una preguntica: ¿En qué estado está mi solicitud de la actualización del RUT presentada en Cartagena?,VERIFICACION_ESTADO,synthetic:handwritten-templates-v1,true,not_applicable,,not_human_reviewed,VERIFICACION_ESTADO:01,la actualización del RUT,Cartagena
syn-1935,Me haces el favor: ¿Quién es el responsable institucional del pasaporte ordinario en Cali?,DERIVACION_ENTIDAD,synthetic:handwritten-templates-v1,true,not_applicable,,not_human_reviewed,DERIVACION_ENTIDAD:03,el pasaporte ordinario,Cali
syn-1997,"Por favor, Oriéntame hacial canal oficial de atención de la cédula digital en Medellín.",DERIVACION_ENTIDAD,synthetic:handwritten-templates-v1,true,not_applicable,,not_human_reviewed,DERIVACION_ENTIDAD:06,la cédula digital,Medellín
syn-1679,Una preguntica: Quiero reportar una falla en el servicio de la renovación de la licencia de conducción en Ibagué.,REPORTE_PROBLEMA,synthetic:handwritten-templates-v1,true,not_applicable,,not_human_reviewed,REPORTE_PROBLEMA:12,la renovación de la licencia de conducción,Ibagué
syn-1911,"Buenas tardes, ¿A cuál oficina debo dirigirme por la encuesta del Sisbén en Bucaramanga?",DERIVACION_ENTIDAD,synthetic:handwritten-templates-v1,true,not_applicable,,not_human_reviewed,DERIVACION_ENTIDAD:02,la encuesta del Sisbén,Bucaramanga
syn-2251,¿Cómo contacto al área de atención ciudadana de la inscripción del RUT en Barranquilla?,DERIVACION_ENTIDAD,synthetic:handwritten-templates-v1,true,not_applicable,,not_human_reviewed,DERIVACION_ENTIDAD:17,la inscripción del RUT,Barranquilla
syn-1781,Una preguntica: Aparece un cobro repetido durante el certificado de antecedentes disciplinarios en Pasto.,REPORTE_PROBLEMA,synthetic:handwritten-templates-v1,true,not_applicable,,not_human_reviewed,REPORTE_PROBLEMA:17,el certificado de antecedentes disciplinarios,Pasto
syn-0416,"Por favor, ¿Hay una guía para entender la encuesta del Sisbén en Bucaramanga?",CONSULTA_INFORMATIVA,synthetic:handwritten-templates-v1,true,not_applicable,,not_human_reviewed,CONSULTA_INFORMATIVA:18,la encuesta del Sisbén,Bucaramanga
syn-1968,"Disculpa, ¿Con qué institución hablo sobre la actualización del RUT en Cartagena?",DERIVACION_ENTIDAD,synthetic:handwritten-templates-v1,true,not_applicable,,not_human_reviewed,DERIVACION_ENTIDAD:05,la actualización del RUT,Cartagena
syn-0479,Quiero iniciar el certificado de afiliación a salud en Villavicencio.,SOLICITUD_TRAMITE,synthetic:handwritten-templates-v1,true,not_applicable,,not_human_reviewed,SOLICITUD_TRAMITE:01,el certificado de afiliación a salud,Villavicencio
syn-0557,Voy a gestionar la consulta de historia laboral en Pereira y busco el primer paso.,SOLICITUD_TRAMITE,synthetic:handwritten-templates-v1,true,not_applicable,,not_human_reviewed,SOLICITUD_TRAMITE:04,la consulta de historia laboral,Pereira
syn-0928,"Por favor, Estoy listo para tramitar el certificado de antecedentes judiciales en Villavicencio, ¿cuál es el paso inicial?",SOLICITUD_TRAMITE,synthetic:handwritten-templates-v1,true,not_applicable,,not_human_reviewed,SOLICITUD_TRAMITE:20,el certificado de antecedentes judiciales,Villavicencio
syn-0652,"Disculpa, Indícame cómo radicar una nueva solicitud de la renovación de la licencia de conducción en Manizales.",SOLICITUD_TRAMITE,synthetic:handwritten-templates-v1,true,not_applicable,,not_human_reviewed,SOLICITUD_TRAMITE:08,la renovación de la licencia de conducción,Manizales
syn-1908,"Buenas, ¿A cuál oficina debo dirigirme por el certificado de antecedentes disciplinarios en Pasto?",DERIVACION_ENTIDAD,synthetic:handwritten-templates-v1,true,not_applicable,,not_human_reviewed,DERIVACION_ENTIDAD:02,el certificado de antecedentes disciplinarios,Pasto
syn-1939,"Hola, ¿Quién es el responsable institucional del certificado de antecedentes judiciales en Villavicencio?",DERIVACION_ENTIDAD,synthetic:handwritten-templates-v1,true,not_applicable,,not_human_reviewed,DERIVACION_ENTIDAD:03,el certificado de antecedentes judiciales,Villavicencio
syn-0646,Indícame cómo radicar una nueva solicitud de la inscripción del RUT en Barranquilla.,SOLICITUD_TRAMITE,synthetic:handwritten-templates-v1,true,not_applicable,,not_human_reviewed,SOLICITUD_TRAMITE:08,la inscripción del RUT,Barranquilla
syn-0535,"Necesito hacer la inscripción del RUT en Pereira, ¿cómo empiezo?",SOLICITUD_TRAMITE,synthetic:handwritten-templates-v1,true,not_applicable,,not_human_reviewed,SOLICITUD_TRAMITE:03,la inscripción del RUT,Pereira
syn-1125,Una preguntica: ¿Puedo revisar el progreso de la inscripción del RUT que entregué en Pereira?,VERIFICACION_ESTADO,synthetic:handwritten-templates-v1,true,not_applicable,,not_human_reviewed,VERIFICACION_ESTADO:09,la inscripción del RUT,Pereira
syn-2307,"Hola, Busco atención presencial de la institución que lleva la encuesta del Sisbén en Cúcuta.",DERIVACION_ENTIDAD,synthetic:handwritten-templates-v1,true,not_applicable,,not_human_reviewed,DERIVACION_ENTIDAD:19,la encuesta del Sisbén,Cúcuta
syn-1552,"Por favor, Se borró la información mientras hacíal certificado de antecedentes fiscales en Ibagué.",REPORTE_PROBLEMA,synthetic:handwritten-templates-v1,true,not_applicable,,not_human_reviewed,REPORTE_PROBLEMA:07,el certificado de antecedentes fiscales,Ibagué
syn-1974,"Buenas, ¿Con qué institución hablo sobre el duplicado de la cédula en Barranquilla?",DERIVACION_ENTIDAD,synthetic:handwritten-templates-v1,true,not_applicable,,not_human_reviewed,DERIVACION_ENTIDAD:05,el duplicado de la cédula,Barranquilla
syn-0128,"Por favor, ¿Hace falta una cita paral certificado de antecedentes judiciales en Cúcuta?",CONSULTA_INFORMATIVA,synthetic:handwritten-templates-v1,true,not_applicable,,not_human_reviewed,CONSULTA_INFORMATIVA:06,el certificado de antecedentes judiciales,Cúcuta
syn-0154,Me haces el favor: ¿Qué diferencia hay entre la atención presencial y virtual paral registro civil de nacimiento en Bogotá?,CONSULTA_INFORMATIVA,synthetic:handwritten-templates-v1,true,not_applicable,,not_human_reviewed,CONSULTA_INFORMATIVA:07,el registro civil de nacimiento,Bogotá
syn-0808,"Disculpa, Tengo los documentos listos y voy a empezar la renovación de la licencia de conducción en Manizales.",SOLICITUD_TRAMITE,synthetic:handwritten-templates-v1,true,not_applicable,,not_human_reviewed,SOLICITUD_TRAMITE:15,la renovación de la licencia de conducción,Manizales
syn-0274,"Buenas tardes, ¿Hay algún pago relacionado con la renovación de la licencia de conducción en Ibagué?",CONSULTA_INFORMATIVA,synthetic:handwritten-templates-v1,true,not_applicable,,not_human_reviewed,CONSULTA_INFORMATIVA:12,la renovación de la licencia de conducción,Ibagué
syn-1509,"Buenas tardes, El botón para continuar con la consulta de historia laboral en Pereira no funciona.",REPORTE_PROBLEMA,synthetic:handwritten-templates-v1,true,not_applicable,,not_human_reviewed,REPORTE_PROBLEMA:05,la consulta de historia laboral,Pereira
syn-2045,"Disculpa, Busco el contacto de la autoridad competente para la renovación de la licencia de conducción en Manizales.",DERIVACION_ENTIDAD,synthetic:handwritten-templates-v1,true,not_applicable,,not_human_reviewed,DERIVACION_ENTIDAD:08,la renovación de la licencia de conducción,Manizales
syn-1553,"Buenos días, Se borró la información mientras hacía la cédula digital en Cartagena.",REPORTE_PROBLEMA,synthetic:handwritten-templates-v1,true,not_applicable,,not_human_reviewed,REPORTE_PROBLEMA:07,la cédula digital,Cartagena
syn-1394,"Hola, ¿Hay novedades de mi trámite de la presentación de PQRS radicado en Cali?",VERIFICACION_ESTADO,synthetic:handwritten-templates-v1,true,not_applicable,,not_human_reviewed,VERIFICACION_ESTADO:20,la presentación de PQRS,Cali
syn-2339,¿A quién le corresponde orientarme sobre la actualización del RUT en Cartagena?,DERIVACION_ENTIDAD,synthetic:handwritten-templates-v1,true,not_applicable,,not_human_reviewed,DERIVACION_ENTIDAD:20,la actualización del RUT,Cartagena
syn-0846,Busco comenzar la corrección del registro civil por el canal oficial de Medellín.,SOLICITUD_TRAMITE,synthetic:handwritten-templates-v1,true,not_applicable,,not_human_reviewed,SOLICITUD_TRAMITE:17,la corrección del registro civil,Medellín
syn-1065,"Disculpa, ¿Ya respondieron mi petición de la cédula digital en Cartagena?",VERIFICACION_ESTADO,synthetic:handwritten-templates-v1,true,not_applicable,,not_human_reviewed,VERIFICACION_ESTADO:06,la cédula digital,Cartagena
syn-1609,"Buenas tardes, El portal de la inscripción del RUT en Barranquilla se cierra sin guardar.",REPORTE_PROBLEMA,synthetic:handwritten-templates-v1,true,not_applicable,,not_human_reviewed,REPORTE_PROBLEMA:09,la inscripción del RUT,Barranquilla
syn-2252,"Hola, ¿Cómo contacto al área de atención ciudadana de la inscripción del RUT en Pereira?",DERIVACION_ENTIDAD,synthetic:handwritten-templates-v1,true,not_applicable,,not_human_reviewed,DERIVACION_ENTIDAD:17,la inscripción del RUT,Pereira
syn-1395,"Buenas, ¿Hay novedades de mi trámite del duplicado de la cédula radicado en Bogotá?",VERIFICACION_ESTADO,synthetic:handwritten-templates-v1,true,not_applicable,,not_human_reviewed,VERIFICACION_ESTADO:20,el duplicado de la cédula,Bogotá
syn-2075,"Por favor, ¿A qué dependencia le corresponde la inscripción del RUT en Barranquilla?",DERIVACION_ENTIDAD,synthetic:handwritten-templates-v1,true,not_applicable,,not_human_reviewed,DERIVACION_ENTIDAD:09,la inscripción del RUT,Barranquilla
syn-1659,El formulario del registro civil de nacimiento en Bogotá rechaza datos que son correctos.,REPORTE_PROBLEMA,synthetic:handwritten-templates-v1,true,not_applicable,,not_human_reviewed,REPORTE_PROBLEMA:11,el registro civil de nacimiento,Bogotá
syn-0123,Una preguntica: ¿Hace falta una cita paral pasaporte ordinario en Cali?,CONSULTA_INFORMATIVA,synthetic:handwritten-templates-v1,true,not_applicable,,not_human_reviewed,CONSULTA_INFORMATIVA:06,el pasaporte ordinario,Cali
syn-1504,El botón para continuar con el certificado de antecedentes judiciales en Villavicencio no funciona.,REPORTE_PROBLEMA,synthetic:handwritten-templates-v1,true,not_applicable,,not_human_reviewed,REPORTE_PROBLEMA:05,el certificado de antecedentes judiciales,Villavicencio
syn-0860,"Buenos días, Busco comenzar el duplicado de la cédula por el canal oficial de Bogotá.",SOLICITUD_TRAMITE,synthetic:handwritten-templates-v1,true,not_applicable,,not_human_reviewed,SOLICITUD_TRAMITE:17,el duplicado de la cédula,Bogotá
syn-0488,"Buenas, ¿me colaboras? Quiero iniciar la cédula digital en Medellín.",SOLICITUD_TRAMITE,synthetic:handwritten-templates-v1,true,not_applicable,,not_human_reviewed,SOLICITUD_TRAMITE:01,la cédula digital,Medellín
syn-1086,"Buenos días, Presenté el certificado de antecedentes fiscales en Ibagué, ¿sigue en revisión?",VERIFICACION_ESTADO,synthetic:handwritten-templates-v1,true,not_applicable,,not_human_reviewed,VERIFICACION_ESTADO:07,el certificado de antecedentes fiscales,Ibagué
syn-2301,"Buenas tardes, Busco atención presencial de la institución que lleval certificado de antecedentes disciplinarios en Pasto.",DERIVACION_ENTIDAD,synthetic:handwritten-templates-v1,true,not_applicable,,not_human_reviewed,DERIVACION_ENTIDAD:19,el certificado de antecedentes disciplinarios,Pasto
syn-0213,"Hola, ¿Qué edad mínima se exige para la actualización del RUT en Cartagena?",CONSULTA_INFORMATIVA,synthetic:handwritten-templates-v1,true,not_applicable,,not_human_reviewed,CONSULTA_INFORMATIVA:09,la actualización del RUT,Cartagena
syn-0630,Me haces el favor: Me interesa realizar la corrección del registro civil en Medellín ahora.,SOLICITUD_TRAMITE,synthetic:handwritten-templates-v1,true,not_applicable,,not_human_reviewed,SOLICITUD_TRAMITE:07,la corrección del registro civil,Medellín
syn-1784,"Hola, Aparece un cobro repetido durante el certificado de afiliación a salud en Villavicencio.",REPORTE_PROBLEMA,synthetic:handwritten-templates-v1,true,not_applicable,,not_human_reviewed,REPORTE_PROBLEMA:17,el certificado de afiliación a salud,Villavicencio
syn-1468,"Buenas, ¿me colaboras? El sistema del pasaporte ordinario en Bucaramanga se queda bloqueado.",REPORTE_PROBLEMA,synthetic:handwritten-templates-v1,true,not_applicable,,not_human_reviewed,REPORTE_PROBLEMA:03,el pasaporte ordinario,Bucaramanga
syn-1186,"Buenas tardes, Hace unos días presenté la cédula digital en Medellín; ¿en qué etapa va?",VERIFICACION_ESTADO,synthetic:handwritten-templates-v1,true,not_applicable,,not_human_reviewed,VERIFICACION_ESTADO:11,la cédula digital,Medellín
syn-1330,"Buenos días, Necesito consultar si finalizaron la actualización del RUT que inicié en Manizales.",VERIFICACION_ESTADO,synthetic:handwritten-templates-v1,true,not_applicable,,not_human_reviewed,VERIFICACION_ESTADO:17,la actualización del RUT,Manizales
syn-0710,Una preguntica: Es mi primera vez haciendo la renovación de la licencia de conducción en Ibagué; quiero empezarlo.,SOLICITUD_TRAMITE,synthetic:handwritten-templates-v1,true,not_applicable,,not_human_reviewed,SOLICITUD_TRAMITE:11,la renovación de la licencia de conducción,Ibagué
syn-1110,"Buenas tardes, Busco saber si aprobaron mi solicitud de la presentación de PQRS en Cali.",VERIFICACION_ESTADO,synthetic:handwritten-templates-v1,true,not_applicable,,not_human_reviewed,VERIFICACION_ESTADO:08,la presentación de PQRS,Cali
syn-0478,"Buenas, ¿me colaboras? Quiero iniciar la consulta de historia laboral en Pereira.",SOLICITUD_TRAMITE,synthetic:handwritten-templates-v1,true,not_applicable,,not_human_reviewed,SOLICITUD_TRAMITE:01,la consulta de historia laboral,Pereira
syn-2052,"Por favor, Busco el contacto de la autoridad competente para la cédula digital en Medellín.",DERIVACION_ENTIDAD,synthetic:handwritten-templates-v1,true,not_applicable,,not_human_reviewed,DERIVACION_ENTIDAD:08,la cédula digital,Medellín
syn-0840,"Disculpa, Quiero abrir una gestión nueva de la inscripción del RUT en Pereira.",SOLICITUD_TRAMITE,synthetic:handwritten-templates-v1,true,not_applicable,,not_human_reviewed,SOLICITUD_TRAMITE:16,la inscripción del RUT,Pereira
syn-2188,"Buenas tardes, ¿Me remites a la entidad que manejal pasaporte ordinario en Bucaramanga?",DERIVACION_ENTIDAD,synthetic:handwritten-templates-v1,true,not_applicable,,not_human_reviewed,DERIVACION_ENTIDAD:14,el pasaporte ordinario,Bucaramanga
syn-1657,Una preguntica: El formulario de la consulta de historia laboral en Pereira rechaza datos que son correctos.,REPORTE_PROBLEMA,synthetic:handwritten-templates-v1,true,not_applicable,,not_human_reviewed,REPORTE_PROBLEMA:11,la consulta de historia laboral,Pereira
syn-0503,"Hola, Ayúdame a tramitar la inscripción del RUT desde Barranquilla.",SOLICITUD_TRAMITE,synthetic:handwritten-templates-v1,true,not_applicable,,not_human_reviewed,SOLICITUD_TRAMITE:02,la inscripción del RUT,Barranquilla
syn-1803,Una preguntica: No me deja ingresar a la plataforma del duplicado de la cédula en Bogotá.,REPORTE_PROBLEMA,synthetic:handwritten-templates-v1,true,not_applicable,,not_human_reviewed,REPORTE_PROBLEMA:18,el duplicado de la cédula,Bogotá
syn-1011,Una preguntica: ¿Cómo hago seguimiento a mi solicitud existente del duplicado de la cédula en Barranquilla?,VERIFICACION_ESTADO,synthetic:handwritten-templates-v1,true,not_applicable,,not_human_reviewed,VERIFICACION_ESTADO:04,el duplicado de la cédula,Barranquilla
syn-0755,Me haces el favor: Necesito el enlace para iniciar el pasaporte ordinario desde Cali.,SOLICITUD_TRAMITE,synthetic:handwritten-templates-v1,true,not_applicable,,not_human_reviewed,SOLICITUD_TRAMITE:13,el pasaporte ordinario,Cali
syn-0951,"Buenos días, ¿En qué estado está mi solicitud de la renovación de la licencia de conducción presentada en Manizales?",VERIFICACION_ESTADO,synthetic:handwritten-templates-v1,true,not_applicable,,not_human_reviewed,VERIFICACION_ESTADO:01,la renovación de la licencia de conducción,Manizales
syn-1763,"Buenas, El comprobante del certificado de antecedentes disciplinarios en Pasto no se puede descargar.",REPORTE_PROBLEMA,synthetic:handwritten-templates-v1,true,not_applicable,,not_human_reviewed,REPORTE_PROBLEMA:16,el certificado de antecedentes disciplinarios,Pasto
syn-0623,Me interesa realizar la consulta de historia laboral en Pereira ahora.,SOLICITUD_TRAMITE,synthetic:handwritten-templates-v1,true,not_applicable,,not_human_reviewed,SOLICITUD_TRAMITE:07,la consulta de historia laboral,Pereira
syn-1840,"Buenas, La cita de la inscripción del RUT en Barranquilla desapareció del sistema.",REPORTE_PROBLEMA,synthetic:handwritten-templates-v1,true,not_applicable,,not_human_reviewed,REPORTE_PROBLEMA:19,la inscripción del RUT,Barranquilla
syn-0411,Una preguntica: ¿Hay una guía para entender el registro civil de nacimiento en Bogotá?,CONSULTA_INFORMATIVA,synthetic:handwritten-templates-v1,true,not_applicable,,not_human_reviewed,CONSULTA_INFORMATIVA:18,el registro civil de nacimiento,Bogotá
syn-2013,"Disculpa, ¿Hay una sede que atienda consultas sobre la encuesta del Sisbén en Cúcuta?",DERIVACION_ENTIDAD,synthetic:handwritten-templates-v1,true,not_applicable,,not_human_reviewed,DERIVACION_ENTIDAD:07,la encuesta del Sisbén,Cúcuta
syn-1795,"Buenas, Aparece un cobro repetido durante la actualización del RUT en Manizales.",REPORTE_PROBLEMA,synthetic:handwritten-templates-v1,true,not_applicable,,not_human_reviewed,REPORTE_PROBLEMA:17,la actualización del RUT,Manizales
syn-0936,"Hola, Estoy listo para tramitar el registro civil de nacimiento en Bogotá, ¿cuál es el paso inicial?",SOLICITUD_TRAMITE,synthetic:handwritten-templates-v1,true,not_applicable,,not_human_reviewed,SOLICITUD_TRAMITE:20,el registro civil de nacimiento,Bogotá
syn-2210,"Buenos días, ¿Qué organismo puede atender mi consulta del certificado de afiliación a salud en Villavicencio?",DERIVACION_ENTIDAD,synthetic:handwritten-templates-v1,true,not_applicable,,not_human_reviewed,DERIVACION_ENTIDAD:15,el certificado de afiliación a salud,Villavicencio
syn-1398,"Buenas tardes, ¿Hay novedades de mi trámite de la corrección del registro civil radicado en Medellín?",VERIFICACION_ESTADO,synthetic:handwritten-templates-v1,true,not_applicable,,not_human_reviewed,VERIFICACION_ESTADO:20,la corrección del registro civil,Medellín
syn-0637,"Hola, Indícame cómo radicar una nueva solicitud de la corrección del registro civil en Medellín.",SOLICITUD_TRAMITE,synthetic:handwritten-templates-v1,true,not_applicable,,not_human_reviewed,SOLICITUD_TRAMITE:08,la corrección del registro civil,Medellín
syn-0579,Quisiera presentar una solicitud del certificado de afiliación a salud en Villavicencio.,SOLICITUD_TRAMITE,synthetic:handwritten-templates-v1,true,not_applicable,,not_human_reviewed,SOLICITUD_TRAMITE:05,el certificado de afiliación a salud,Villavicencio
syn-0953,"Disculpa, ¿En qué estado está mi solicitud del duplicado de la cédula presentada en Barranquilla?",VERIFICACION_ESTADO,synthetic:handwritten-templates-v1,true,not_applicable,,not_human_reviewed,VERIFICACION_ESTADO:01,el duplicado de la cédula,Barranquilla
syn-2245,"Disculpa, Quiero la dirección de la sede competente para la actualización del RUT en Manizales.",DERIVACION_ENTIDAD,synthetic:handwritten-templates-v1,true,not_applicable,,not_human_reviewed,DERIVACION_ENTIDAD:16,la actualización del RUT,Manizales
syn-0822,Una preguntica: Quiero abrir una gestión nueva del registro civil de nacimiento en Bogotá.,SOLICITUD_TRAMITE,synthetic:handwritten-templates-v1,true,not_applicable,,not_human_reviewed,SOLICITUD_TRAMITE:16,el registro civil de nacimiento,Bogotá
syn-1376,"Buenas tardes, Tengo una gestión abierta del duplicado de la cédula en Bogotá y quiero ver su avance.",VERIFICACION_ESTADO,synthetic:handwritten-templates-v1,true,not_applicable,,not_human_reviewed,VERIFICACION_ESTADO:19,el duplicado de la cédula,Bogotá
syn-1720,"Por favor, La pantalla del duplicado de la cédula en Barranquilla queda en blanco.",REPORTE_PROBLEMA,synthetic:handwritten-templates-v1,true,not_applicable,,not_human_reviewed,REPORTE_PROBLEMA:14,el duplicado de la cédula,Barranquilla
syn-0458,"Hola, Estoy averiguando cómo es la presentación de PQRS en Cali, todavía no voy a iniciarlo.",CONSULTA_INFORMATIVA,synthetic:handwritten-templates-v1,true,not_applicable,,not_human_reviewed,CONSULTA_INFORMATIVA:20,la presentación de PQRS,Cali
syn-2294,Una preguntica: Busco atención presencial de la institución que lleval duplicado de la cédula en Bogotá.,DERIVACION_ENTIDAD,synthetic:handwritten-templates-v1,true,not_applicable,,not_human_reviewed,DERIVACION_ENTIDAD:19,el duplicado de la cédula,Bogotá
syn-0108,"Buenas tardes, ¿Se puede hacer la consulta de historia laboral por internet desde Pereira?",CONSULTA_INFORMATIVA,synthetic:handwritten-templates-v1,true,not_applicable,,not_human_reviewed,CONSULTA_INFORMATIVA:05,la consulta de historia laboral,Pereira
syn-2047,Una preguntica: Busco el contacto de la autoridad competente paral registro civil de nacimiento en Bogotá.,DERIVACION_ENTIDAD,synthetic:handwritten-templates-v1,true,not_applicable,,not_human_reviewed,DERIVACION_ENTIDAD:08,el registro civil de nacimiento,Bogotá
syn-1783,Aparece un cobro repetido durante el duplicado de la cédula en Bogotá.,REPORTE_PROBLEMA,synthetic:handwritten-templates-v1,true,not_applicable,,not_human_reviewed,REPORTE_PROBLEMA:17,el duplicado de la cédula,Bogotá
syn-0764,"Disculpa, Necesito el enlace para iniciar la encuesta del Sisbén desde Bucaramanga.",SOLICITUD_TRAMITE,synthetic:handwritten-templates-v1,true,not_applicable,,not_human_reviewed,SOLICITUD_TRAMITE:13,la encuesta del Sisbén,Bucaramanga
syn-1336,Una preguntica: ¿Cómo veo el resultado de mi solicitud registrada de la renovación de la licencia de conducción en Ibagué?,VERIFICACION_ESTADO,synthetic:handwritten-templates-v1,true,not_applicable,,not_human_reviewed,VERIFICACION_ESTADO:18,la renovación de la licencia de conducción,Ibagué
syn-1971,"Buenas, ¿me colaboras? ¿Con qué institución hablo sobre la encuesta del Sisbén en Cúcuta?",DERIVACION_ENTIDAD,synthetic:handwritten-templates-v1,true,not_applicable,,not_human_reviewed,DERIVACION_ENTIDAD:05,la encuesta del Sisbén,Cúcuta
syn-0656,Una preguntica: Quiero agendar el inicio del duplicado de la cédula en Barranquilla.,SOLICITUD_TRAMITE,synthetic:handwritten-templates-v1,true,not_applicable,,not_human_reviewed,SOLICITUD_TRAMITE:09,el duplicado de la cédula,Barranquilla
syn-0853,Me haces el favor: Busco comenzar la actualización del RUT por el canal oficial de Cartagena.,SOLICITUD_TRAMITE,synthetic:handwritten-templates-v1,true,not_applicable,,not_human_reviewed,SOLICITUD_TRAMITE:17,la actualización del RUT,Cartagena
syn-1345,Me haces el favor: ¿Cómo veo el resultado de mi solicitud registrada del certificado de antecedentes disciplinarios en Pasto?,VERIFICACION_ESTADO,synthetic:handwritten-templates-v1,true,not_applicable,,not_human_reviewed,VERIFICACION_ESTADO:18,el certificado de antecedentes disciplinarios,Pasto
syn-1420,"Buenas tardes, La página del duplicado de la cédula no carga cuando entro desde Barranquilla.",REPORTE_PROBLEMA,synthetic:handwritten-templates-v1,true,not_applicable,,not_human_reviewed,REPORTE_PROBLEMA:01,el duplicado de la cédula,Barranquilla
syn-2278,"Buenos días, ¿Existe una línea de atención oficial paral certificado de antecedentes judiciales en Villavicencio?",DERIVACION_ENTIDAD,synthetic:handwritten-templates-v1,true,not_applicable,,not_human_reviewed,DERIVACION_ENTIDAD:18,el certificado de antecedentes judiciales,Villavicencio
syn-0859,"Por favor, Busco comenzar el registro civil de nacimiento por el canal oficial de Bogotá.",SOLICITUD_TRAMITE,synthetic:handwritten-templates-v1,true,not_applicable,,not_human_reviewed,SOLICITUD_TRAMITE:17,el registro civil de nacimiento,Bogotá
syn-1899,"Por favor, ¿A cuál oficina debo dirigirme por la cédula digital en Medellín?",DERIVACION_ENTIDAD,synthetic:handwritten-templates-v1,true,not_applicable,,not_human_reviewed,DERIVACION_ENTIDAD:02,la cédula digital,Medellín
syn-0073,"Por favor, Explícame los requisitos de la presentación de PQRS en Cali.",CONSULTA_INFORMATIVA,synthetic:handwritten-templates-v1,true,not_applicable,,not_human_reviewed,CONSULTA_INFORMATIVA:04,la presentación de PQRS,Cali
syn-0367,"Buenas, ¿me colaboras? Vivo en Bogotá, ¿dónde leo los requisitos oficiales del registro civil de nacimiento?",CONSULTA_INFORMATIVA,synthetic:handwritten-templates-v1,true,not_applicable,,not_human_reviewed,CONSULTA_INFORMATIVA:16,el registro civil de nacimiento,Bogotá
syn-0308,"Buenos días, ¿Las condiciones de la consulta de historia laboral son las mismas para todos en Pasto?",CONSULTA_INFORMATIVA,synthetic:handwritten-templates-v1,true,not_applicable,,not_human_reviewed,CONSULTA_INFORMATIVA:14,la consulta de historia laboral,Pasto
syn-1989,"Buenas tardes, Oriéntame hacial canal oficial de atención de la actualización del RUT en Cartagena.",DERIVACION_ENTIDAD,synthetic:handwritten-templates-v1,true,not_applicable,,not_human_reviewed,DERIVACION_ENTIDAD:06,la actualización del RUT,Cartagena
syn-0746,"Hola, Voy a diligenciar la solicitud del registro civil de nacimiento en Bogotá.",SOLICITUD_TRAMITE,synthetic:handwritten-templates-v1,true,not_applicable,,not_human_reviewed,SOLICITUD_TRAMITE:12,el registro civil de nacimiento,Bogotá
syn-0967,"Una preguntica: Ya hice el duplicado de la cédula en Barranquilla, ¿cómo va la gestión?",VERIFICACION_ESTADO,synthetic:handwritten-templates-v1,true,not_applicable,,not_human_reviewed,VERIFICACION_ESTADO:02,el duplicado de la cédula,Barranquilla
syn-1372,"Hola, Tengo una gestión abierta de la actualización del RUT en Cartagena y quiero ver su avance.",VERIFICACION_ESTADO,synthetic:handwritten-templates-v1,true,not_applicable,,not_human_reviewed,VERIFICACION_ESTADO:19,la actualización del RUT,Cartagena
syn-2263,"Buenas, ¿Cómo contacto al área de atención ciudadana de la cédula digital en Medellín?",DERIVACION_ENTIDAD,synthetic:handwritten-templates-v1,true,not_applicable,,not_human_reviewed,DERIVACION_ENTIDAD:17,la cédula digital,Medellín
syn-1201,Me haces el favor: ¿Dónde miro la respuesta a mi radicación del certificado de afiliación a salud en Villavicencio?,VERIFICACION_ESTADO,synthetic:handwritten-templates-v1,true,not_applicable,,not_human_reviewed,VERIFICACION_ESTADO:12,el certificado de afiliación a salud,Villavicencio
syn-1689,"Buenas tardes, El código de verificación del certificado de antecedentes disciplinarios en Pasto no llega.",REPORTE_PROBLEMA,synthetic:handwritten-templates-v1,true,not_applicable,,not_human_reviewed,REPORTE_PROBLEMA:13,el certificado de antecedentes disciplinarios,Pasto
syn-1396,"Por favor, ¿Hay novedades de mi trámite de la consulta de historia laboral radicado en Pasto?",VERIFICACION_ESTADO,synthetic:handwritten-templates-v1,true,not_applicable,,not_human_reviewed,VERIFICACION_ESTADO:20,la consulta de historia laboral,Pasto
syn-2289,"Buenas tardes, ¿Existe una línea de atención oficial para la encuesta del Sisbén en Bucaramanga?",DERIVACION_ENTIDAD,synthetic:handwritten-templates-v1,true,not_applicable,,not_human_reviewed,DERIVACION_ENTIDAD:18,la encuesta del Sisbén,Bucaramanga
syn-1901,"Buenas tardes, ¿A cuál oficina debo dirigirme por la actualización del RUT en Cartagena?",DERIVACION_ENTIDAD,synthetic:handwritten-templates-v1,true,not_applicable,,not_human_reviewed,DERIVACION_ENTIDAD:02,la actualización del RUT,Cartagena
syn-2163,"Buenas, Necesito comunicarme con la oficina encargada del certificado de antecedentes disciplinarios en Pasto.",DERIVACION_ENTIDAD,synthetic:handwritten-templates-v1,true,not_applicable,,not_human_reviewed,DERIVACION_ENTIDAD:13,el certificado de antecedentes disciplinarios,Pasto
syn-0211,"Buenas, ¿me colaboras? ¿Qué edad mínima se exige paral certificado de antecedentes judiciales en Cúcuta?",CONSULTA_INFORMATIVA,synthetic:handwritten-templates-v1,true,not_applicable,,not_human_reviewed,CONSULTA_INFORMATIVA:09,el certificado de antecedentes judiciales,Cúcuta
syn-0523,"Una preguntica: Necesito hacer la corrección del registro civil en Medellín, ¿cómo empiezo?",SOLICITUD_TRAMITE,synthetic:handwritten-templates-v1,true,not_applicable,,not_human_reviewed,SOLICITUD_TRAMITE:03,la corrección del registro civil,Medellín
syn-0323,"Buenas, ¿me colaboras? ¿Las condiciones de la encuesta del Sisbén son las mismas para todos en Bucaramanga?",CONSULTA_INFORMATIVA,synthetic:handwritten-templates-v1,true,not_applicable,,not_human_reviewed,CONSULTA_INFORMATIVA:14,la encuesta del Sisbén,Bucaramanga
syn-2073,"Hola, ¿A qué dependencia le corresponde la cédula digital en Medellín?",DERIVACION_ENTIDAD,synthetic:handwritten-templates-v1,true,not_applicable,,not_human_reviewed,DERIVACION_ENTIDAD:09,la cédula digital,Medellín
syn-1749,Se cayó el portal cuando estaba con el certificado de antecedentes disciplinarios en Pasto.,REPORTE_PROBLEMA,synthetic:handwritten-templates-v1,true,not_applicable,,not_human_reviewed,REPORTE_PROBLEMA:15,el certificado de antecedentes disciplinarios,Pasto
syn-2155,"Buenos días, Necesito comunicarme con la oficina encargada de la actualización del RUT en Cartagena.",DERIVACION_ENTIDAD,synthetic:handwritten-templates-v1,true,not_applicable,,not_human_reviewed,DERIVACION_ENTIDAD:13,la actualización del RUT,Cartagena
syn-1261,"Por favor, ¿Han actualizado el estado de mi petición del certificado de antecedentes disciplinarios en Pasto?",VERIFICACION_ESTADO,synthetic:handwritten-templates-v1,true,not_applicable,,not_human_reviewed,VERIFICACION_ESTADO:14,el certificado de antecedentes disciplinarios,Pasto
syn-0114,"Hola, ¿Se puede hacer el duplicado de la cédula por internet desde Bogotá?",CONSULTA_INFORMATIVA,synthetic:handwritten-templates-v1,true,not_applicable,,not_human_reviewed,CONSULTA_INFORMATIVA:05,el duplicado de la cédula,Bogotá
syn-1866,"Buenas tardes, Hay un problema: el portal de la actualización del RUT en Cartagena no termina de procesar.",REPORTE_PROBLEMA,synthetic:handwritten-templates-v1,true,not_applicable,,not_human_reviewed,REPORTE_PROBLEMA:20,la actualización del RUT,Cartagena
syn-1483,"Buenas, Intenté pagar la encuesta del Sisbén en Bucaramanga y el portal rechazó la operación.",REPORTE_PROBLEMA,synthetic:handwritten-templates-v1,true,not_applicable,,not_human_reviewed,REPORTE_PROBLEMA:04,la encuesta del Sisbén,Bucaramanga
syn-1643,"Buenos días, El formulario del pasaporte ordinario en Cali rechaza datos que son correctos.",REPORTE_PROBLEMA,synthetic:handwritten-templates-v1,true,not_applicable,,not_human_reviewed,REPORTE_PROBLEMA:11,el pasaporte ordinario,Cali
syn-1197,"Por favor, ¿Dónde miro la respuesta a mi radicación del certificado de antecedentes judiciales en Cúcuta?",VERIFICACION_ESTADO,synthetic:handwritten-templates-v1,true,not_applicable,,not_human_reviewed,VERIFICACION_ESTADO:12,el certificado de antecedentes judiciales,Cúcuta
syn-1812,Me haces el favor: No me deja ingresar a la plataforma de la encuesta del Sisbén en Bucaramanga.,REPORTE_PROBLEMA,synthetic:handwritten-templates-v1,true,not_applicable,,not_human_reviewed,REPORTE_PROBLEMA:18,la encuesta del Sisbén,Bucaramanga
syn-1463,"Buenos días, El sistema de la encuesta del Sisbén en Bucaramanga se queda bloqueado.",REPORTE_PROBLEMA,synthetic:handwritten-templates-v1,true,not_applicable,,not_human_reviewed,REPORTE_PROBLEMA:03,la encuesta del Sisbén,Bucaramanga
syn-0131,"Disculpa, ¿Hace falta una cita paral duplicado de la cédula en Bogotá?",CONSULTA_INFORMATIVA,synthetic:handwritten-templates-v1,true,not_applicable,,not_human_reviewed,CONSULTA_INFORMATIVA:06,el duplicado de la cédula,Bogotá
syn-1073,"Buenos días, ¿Ya respondieron mi petición del certificado de antecedentes judiciales en Villavicencio?",VERIFICACION_ESTADO,synthetic:handwritten-templates-v1,true,not_applicable,,not_human_reviewed,VERIFICACION_ESTADO:06,el certificado de antecedentes judiciales,Villavicencio
syn-0558,"Hola, Voy a gestionar la encuesta del Sisbén en Bucaramanga y busco el primer paso.",SOLICITUD_TRAMITE,synthetic:handwritten-templates-v1,true,not_applicable,,not_human_reviewed,SOLICITUD_TRAMITE:04,la encuesta del Sisbén,Bucaramanga
syn-1288,"Buenas tardes, Ya envié los documentos del certificado de antecedentes judiciales en Cúcuta; busco la respuesta.",VERIFICACION_ESTADO,synthetic:handwritten-templates-v1,true,not_applicable,,not_human_reviewed,VERIFICACION_ESTADO:16,el certificado de antecedentes judiciales,Cúcuta
syn-0687,Me haces el favor: ¿Me ayudas a arrancar con el certificado de afiliación a salud en Villavicencio?,SOLICITUD_TRAMITE,synthetic:handwritten-templates-v1,true,not_applicable,,not_human_reviewed,SOLICITUD_TRAMITE:10,el certificado de afiliación a salud,Villavicencio
syn-2306,Busco atención presencial de la institución que lleva la cédula digital en Medellín.,DERIVACION_ENTIDAD,synthetic:handwritten-templates-v1,true,not_applicable,,not_human_reviewed,DERIVACION_ENTIDAD:19,la cédula digital,Medellín
syn-1549,Se borró la información mientras hacíal duplicado de la cédula en Barranquilla.,REPORTE_PROBLEMA,synthetic:handwritten-templates-v1,true,not_applicable,,not_human_reviewed,REPORTE_PROBLEMA:07,el duplicado de la cédula,Barranquilla
syn-1502,Una preguntica: El botón para continuar con el certificado de antecedentes fiscales en Ibagué no funciona.,REPORTE_PROBLEMA,synthetic:handwritten-templates-v1,true,not_applicable,,not_human_reviewed,REPORTE_PROBLEMA:05,el certificado de antecedentes fiscales,Ibagué
syn-1768,Me haces el favor: El comprobante de la consulta de historia laboral en Pasto no se puede descargar.,REPORTE_PROBLEMA,synthetic:handwritten-templates-v1,true,not_applicable,,not_human_reviewed,REPORTE_PROBLEMA:16,la consulta de historia laboral,Pasto
syn-1350,"Buenas, ¿Cómo veo el resultado de mi solicitud registrada de la consulta de historia laboral en Pereira?",VERIFICACION_ESTADO,synthetic:handwritten-templates-v1,true,not_applicable,,not_human_reviewed,VERIFICACION_ESTADO:18,la consulta de historia laboral,Pereira
syn-1525,Una preguntica: No puedo adjuntar los documentos de la renovación de la licencia de conducción en Manizales; aparece un fallo.,REPORTE_PROBLEMA,synthetic:handwritten-templates-v1,true,not_applicable,,not_human_reviewed,REPORTE_PROBLEMA:06,la renovación de la licencia de conducción,Manizales
syn-0531,"Disculpa, Necesito hacer el duplicado de la cédula en Bogotá, ¿cómo empiezo?",SOLICITUD_TRAMITE,synthetic:handwritten-templates-v1,true,not_applicable,,not_human_reviewed,SOLICITUD_TRAMITE:03,el duplicado de la cédula,Bogotá
syn-1060,"Hola, ¿Ya respondieron mi petición del pasaporte ordinario en Bucaramanga?",VERIFICACION_ESTADO,synthetic:handwritten-templates-v1,true,not_applicable,,not_human_reviewed,VERIFICACION_ESTADO:06,el pasaporte ordinario,Bucaramanga
syn-2109,"Buenas, ¿Dónde me atiende una persona por el certificado de afiliación a salud en Villavicencio?",DERIVACION_ENTIDAD,synthetic:handwritten-templates-v1,true,not_applicable,,not_human_reviewed,DERIVACION_ENTIDAD:11,el certificado de afiliación a salud,Villavicencio
syn-0711,"Buenas, ¿me colaboras? Es mi primera vez haciendo la consulta de historia laboral en Pereira; quiero empezarlo.",SOLICITUD_TRAMITE,synthetic:handwritten-templates-v1,true,not_applicable,,not_human_reviewed,SOLICITUD_TRAMITE:11,la consulta de historia laboral,Pereira
syn-2321,"Buenas, ¿A quién le corresponde orientarme sobre el duplicado de la cédula en Bogotá?",DERIVACION_ENTIDAD,synthetic:handwritten-templates-v1,true,not_applicable,,not_human_reviewed,DERIVACION_ENTIDAD:20,el duplicado de la cédula,Bogotá
syn-2284,¿Existe una línea de atención oficial paral registro civil de nacimiento en Bogotá?,DERIVACION_ENTIDAD,synthetic:handwritten-templates-v1,true,not_applicable,,not_human_reviewed,DERIVACION_ENTIDAD:18,el registro civil de nacimiento,Bogotá
syn-0024,"Por favor, ¿Qué documentos piden para la renovación de la licencia de conducción en Manizales?",CONSULTA_INFORMATIVA,synthetic:handwritten-templates-v1,true,not_applicable,,not_human_reviewed,CONSULTA_INFORMATIVA:01,la renovación de la licencia de conducción,Manizales
syn-0282,"Por favor, ¿Hay algún pago relacionado con el certificado de antecedentes fiscales en Ibagué?",CONSULTA_INFORMATIVA,synthetic:handwritten-templates-v1,true,not_applicable,,not_human_reviewed,CONSULTA_INFORMATIVA:12,el certificado de antecedentes fiscales,Ibagué
syn-1841,"Por favor, La cita del certificado de afiliación a salud en Villavicencio desapareció del sistema.",REPORTE_PROBLEMA,synthetic:handwritten-templates-v1,true,not_applicable,,not_human_reviewed,REPORTE_PROBLEMA:19,el certificado de afiliación a salud,Villavicencio
syn-0245,Una preguntica: Busco información general sobre la actualización del RUT en Cartagena.,CONSULTA_INFORMATIVA,synthetic:handwritten-templates-v1,true,not_applicable,,not_human_reviewed,CONSULTA_INFORMATIVA:11,la actualización del RUT,Cartagena
syn-0360,"Buenas, Vivo en Ibagué, ¿dónde leo los requisitos oficiales del certificado de antecedentes fiscales?",CONSULTA_INFORMATIVA,synthetic:handwritten-templates-v1,true,not_applicable,,not_human_reviewed,CONSULTA_INFORMATIVA:16,el certificado de antecedentes fiscales,Ibagué
syn-0634,Una preguntica: Indícame cómo radicar una nueva solicitud del certificado de antecedentes judiciales en Villavicencio.,SOLICITUD_TRAMITE,synthetic:handwritten-templates-v1,true,not_applicable,,not_human_reviewed,SOLICITUD_TRAMITE:08,el certificado de antecedentes judiciales,Villavicencio
syn-0113,¿Se puede hacer la inscripción del RUT por internet desde Pereira?,CONSULTA_INFORMATIVA,synthetic:handwritten-templates-v1,true,not_applicable,,not_human_reviewed,CONSULTA_INFORMATIVA:05,la inscripción del RUT,Pereira
syn-0929,"Buenos días, Estoy listo para tramitar la consulta de historia laboral en Pereira, ¿cuál es el paso inicial?",SOLICITUD_TRAMITE,synthetic:handwritten-templates-v1,true,not_applicable,,not_human_reviewed,SOLICITUD_TRAMITE:20,la consulta de historia laboral,Pereira
syn-1649,El formulario del certificado de antecedentes judiciales en Villavicencio rechaza datos que son correctos.,REPORTE_PROBLEMA,synthetic:handwritten-templates-v1,true,not_applicable,,not_human_reviewed,REPORTE_PROBLEMA:11,el certificado de antecedentes judiciales,Villavicencio
syn-2186,"Por favor, ¿Me remites a la entidad que maneja la encuesta del Sisbén en Cúcuta?",DERIVACION_ENTIDAD,synthetic:handwritten-templates-v1,true,not_applicable,,not_human_reviewed,DERIVACION_ENTIDAD:14,la encuesta del Sisbén,Cúcuta
syn-0177,"Una preguntica: Antes de empezar, quiero conocer los pasos del certificado de antecedentes judiciales en Cúcuta.",CONSULTA_INFORMATIVA,synthetic:handwritten-templates-v1,true,not_applicable,,not_human_reviewed,CONSULTA_INFORMATIVA:08,el certificado de antecedentes judiciales,Cúcuta
syn-0501,"Buenas, ¿me colaboras? Ayúdame a tramitar la cédula digital desde Cartagena.",SOLICITUD_TRAMITE,synthetic:handwritten-templates-v1,true,not_applicable,,not_human_reviewed,SOLICITUD_TRAMITE:02,la cédula digital,Cartagena
syn-0119,"Disculpa, ¿Se puede hacer la actualización del RUT por internet desde Manizales?",CONSULTA_INFORMATIVA,synthetic:handwritten-templates-v1,true,not_applicable,,not_human_reviewed,CONSULTA_INFORMATIVA:05,la actualización del RUT,Manizales
syn-1931,"Por favor, ¿Quién es el responsable institucional del certificado de afiliación a salud en Villavicencio?",DERIVACION_ENTIDAD,synthetic:handwritten-templates-v1,true,not_applicable,,not_human_reviewed,DERIVACION_ENTIDAD:03,el certificado de afiliación a salud,Villavicencio
syn-1919,"Por favor, ¿A cuál oficina debo dirigirme por el certificado de antecedentes fiscales en Ibagué?",DERIVACION_ENTIDAD,synthetic:handwritten-templates-v1,true,not_applicable,,not_human_reviewed,DERIVACION_ENTIDAD:02,el certificado de antecedentes fiscales,Ibagué
syn-2205,"Buenas, ¿me colaboras? ¿Qué organismo puede atender mi consulta de la presentación de PQRS en Cali?",DERIVACION_ENTIDAD,synthetic:handwritten-templates-v1,true,not_applicable,,not_human_reviewed,DERIVACION_ENTIDAD:15,la presentación de PQRS,Cali
syn-0136,"Hola, ¿Hace falta una cita para la encuesta del Sisbén en Bucaramanga?",CONSULTA_INFORMATIVA,synthetic:handwritten-templates-v1,true,not_applicable,,not_human_reviewed,CONSULTA_INFORMATIVA:06,la encuesta del Sisbén,Bucaramanga
syn-1202,Una preguntica: ¿Dónde miro la respuesta a mi radicación de la consulta de historia laboral en Pasto?,VERIFICACION_ESTADO,synthetic:handwritten-templates-v1,true,not_applicable,,not_human_reviewed,VERIFICACION_ESTADO:12,la consulta de historia laboral,Pasto
syn-0801,"Buenas, ¿me colaboras? Tengo los documentos listos y voy a empezar la cédula digital en Medellín.",SOLICITUD_TRAMITE,synthetic:handwritten-templates-v1,true,not_applicable,,not_human_reviewed,SOLICITUD_TRAMITE:15,la cédula digital,Medellín
syn-0670,"Buenas, Quiero agendar el inicio del pasaporte ordinario en Cali.",SOLICITUD_TRAMITE,synthetic:handwritten-templates-v1,true,not_applicable,,not_human_reviewed,SOLICITUD_TRAMITE:09,el pasaporte ordinario,Cali
syn-1279,Una preguntica: ¿Mi solicitud anterior del certificado de antecedentes judiciales en Cúcuta continúa pendiente?,VERIFICACION_ESTADO,synthetic:handwritten-templates-v1,true,not_applicable,,not_human_reviewed,VERIFICACION_ESTADO:15,el certificado de antecedentes judiciales,Cúcuta
syn-0319,"Buenas tardes, ¿Las condiciones del pasaporte ordinario son las mismas para todos en Cali?",CONSULTA_INFORMATIVA,synthetic:handwritten-templates-v1,true,not_applicable,,not_human_reviewed,CONSULTA_INFORMATIVA:14,el pasaporte ordinario,Cali
syn-0417,"Buenos días, ¿Hay una guía para entender el certificado de antecedentes fiscales en Ibagué?",CONSULTA_INFORMATIVA,synthetic:handwritten-templates-v1,true,not_applicable,,not_human_reviewed,CONSULTA_INFORMATIVA:18,el certificado de antecedentes fiscales,Ibagué
syn-1048,"Buenas, Tengo un radicado de la encuesta del Sisbén en Bucaramanga y busco su estado.",VERIFICACION_ESTADO,synthetic:handwritten-templates-v1,true,not_applicable,,not_human_reviewed,VERIFICACION_ESTADO:05,la encuesta del Sisbén,Bucaramanga
syn-2023,"Disculpa, ¿Hay una sede que atienda consultas sobre la presentación de PQRS en Cali?",DERIVACION_ENTIDAD,synthetic:handwritten-templates-v1,true,not_applicable,,not_human_reviewed,DERIVACION_ENTIDAD:07,la presentación de PQRS,Cali
syn-0635,"Buenas, ¿me colaboras? Indícame cómo radicar una nueva solicitud del registro civil de nacimiento en Bogotá.",SOLICITUD_TRAMITE,synthetic:handwritten-templates-v1,true,not_applicable,,not_human_reviewed,SOLICITUD_TRAMITE:08,el registro civil de nacimiento,Bogotá
syn-0172,"Por favor, Antes de empezar, quiero conocer los pasos de la actualización del RUT en Manizales.",CONSULTA_INFORMATIVA,synthetic:handwritten-templates-v1,true,not_applicable,,not_human_reviewed,CONSULTA_INFORMATIVA:08,la actualización del RUT,Manizales
syn-0569,Quisiera presentar una solicitud del certificado de antecedentes fiscales en Ibagué.,SOLICITUD_TRAMITE,synthetic:handwritten-templates-v1,true,not_applicable,,not_human_reviewed,SOLICITUD_TRAMITE:05,el certificado de antecedentes fiscales,Ibagué
syn-0313,"Buenas, ¿me colaboras? ¿Las condiciones del certificado de antecedentes judiciales son las mismas para todos en Cúcuta?",CONSULTA_INFORMATIVA,synthetic:handwritten-templates-v1,true,not_applicable,,not_human_reviewed,CONSULTA_INFORMATIVA:14,el certificado de antecedentes judiciales,Cúcuta
syn-1745,"Disculpa, Se cayó el portal cuando estaba con la inscripción del RUT en Pereira.",REPORTE_PROBLEMA,synthetic:handwritten-templates-v1,true,not_applicable,,not_human_reviewed,REPORTE_PROBLEMA:15,la inscripción del RUT,Pereira
syn-1099,"Me haces el favor: Presenté la corrección del registro civil en Medellín, ¿sigue en revisión?",VERIFICACION_ESTADO,synthetic:handwritten-templates-v1,true,not_applicable,,not_human_reviewed,VERIFICACION_ESTADO:07,la corrección del registro civil,Medellín
syn-2314,Una preguntica: Busco atención presencial de la institución que lleva la renovación de la licencia de conducción en Manizales.,DERIVACION_ENTIDAD,synthetic:handwritten-templates-v1,true,not_applicable,,not_human_reviewed,DERIVACION_ENTIDAD:19,la renovación de la licencia de conducción,Manizales
syn-0824,Quiero abrir una gestión nueva de la consulta de historia laboral en Pasto.,SOLICITUD_TRAMITE,synthetic:handwritten-templates-v1,true,not_applicable,,not_human_reviewed,SOLICITUD_TRAMITE:16,la consulta de historia laboral,Pasto
syn-2123,"Disculpa, ¿Dónde me atiende una persona por la consulta de historia laboral en Pasto?",DERIVACION_ENTIDAD,synthetic:handwritten-templates-v1,true,not_applicable,,not_human_reviewed,DERIVACION_ENTIDAD:11,la consulta de historia laboral,Pasto
syn-0851,"Buenas tardes, Busco comenzar el certificado de antecedentes fiscales por el canal oficial de Ibagué.",SOLICITUD_TRAMITE,synthetic:handwritten-templates-v1,true,not_applicable,,not_human_reviewed,SOLICITUD_TRAMITE:17,el certificado de antecedentes fiscales,Ibagué
syn-1027,"Buenos días, ¿Cómo hago seguimiento a mi solicitud existente del certificado de antecedentes judiciales en Villavicencio?",VERIFICACION_ESTADO,synthetic:handwritten-templates-v1,true,not_applicable,,not_human_reviewed,VERIFICACION_ESTADO:04,el certificado de antecedentes judiciales,Villavicencio
syn-2176,"Por favor, ¿Me remites a la entidad que manejal duplicado de la cédula en Barranquilla?",DERIVACION_ENTIDAD,synthetic:handwritten-templates-v1,true,not_applicable,,not_human_reviewed,DERIVACION_ENTIDAD:14,el duplicado de la cédula,Barranquilla
syn-2092,Una preguntica: Quiero hablar con un funcionario responsable de la inscripción del RUT en Barranquilla.,DERIVACION_ENTIDAD,synthetic:handwritten-templates-v1,true,not_applicable,,not_human_reviewed,DERIVACION_ENTIDAD:10,la inscripción del RUT,Barranquilla
syn-1772,"Hola, El comprobante de la inscripción del RUT en Pereira no se puede descargar.",REPORTE_PROBLEMA,synthetic:handwritten-templates-v1,true,not_applicable,,not_human_reviewed,REPORTE_PROBLEMA:16,la inscripción del RUT,Pereira
syn-0124,"Buenas, ¿me colaboras? ¿Hace falta una cita paral registro civil de nacimiento en Bogotá?",CONSULTA_INFORMATIVA,synthetic:handwritten-templates-v1,true,not_applicable,,not_human_reviewed,CONSULTA_INFORMATIVA:06,el registro civil de nacimiento,Bogotá
syn-0082,"Buenas, Explícame los requisitos de la corrección del registro civil en Medellín.",CONSULTA_INFORMATIVA,synthetic:handwritten-templates-v1,true,not_applicable,,not_human_reviewed,CONSULTA_INFORMATIVA:04,la corrección del registro civil,Medellín
syn-0442,Me haces el favor: ¿Debo presentar originales o copias para la cédula digital en Cartagena?,CONSULTA_INFORMATIVA,synthetic:handwritten-templates-v1,true,not_applicable,,not_human_reviewed,CONSULTA_INFORMATIVA:19,la cédula digital,Cartagena
syn-0537,"Buenas, Necesito hacer la consulta de historia laboral en Pasto, ¿cómo empiezo?",SOLICITUD_TRAMITE,synthetic:handwritten-templates-v1,true,not_applicable,,not_human_reviewed,SOLICITUD_TRAMITE:03,la consulta de historia laboral,Pasto
syn-0029,"Buenas tardes, ¿Cuánto cuestal certificado de antecedentes judiciales en Villavicencio?",CONSULTA_INFORMATIVA,synthetic:handwritten-templates-v1,true,not_applicable,,not_human_reviewed,CONSULTA_INFORMATIVA:02,el certificado de antecedentes judiciales,Villavicencio
syn-2275,"Hola, ¿Existe una línea de atención oficial para la inscripción del RUT en Barranquilla?",DERIVACION_ENTIDAD,synthetic:handwritten-templates-v1,true,not_applicable,,not_human_reviewed,DERIVACION_ENTIDAD:18,la inscripción del RUT,Barranquilla
syn-1565,"Disculpa, Se borró la información mientras hacía la consulta de historia laboral en Pereira.",REPORTE_PROBLEMA,synthetic:handwritten-templates-v1,true,not_applicable,,not_human_reviewed,REPORTE_PROBLEMA:07,la consulta de historia laboral,Pereira
syn-0035,"Hola, ¿Cuánto cuesta la corrección del registro civil en Medellín?",CONSULTA_INFORMATIVA,synthetic:handwritten-templates-v1,true,not_applicable,,not_human_reviewed,CONSULTA_INFORMATIVA:02,la corrección del registro civil,Medellín
syn-0150,"Por favor, ¿Qué diferencia hay entre la atención presencial y virtual para la actualización del RUT en Manizales?",CONSULTA_INFORMATIVA,synthetic:handwritten-templates-v1,true,not_applicable,,not_human_reviewed,CONSULTA_INFORMATIVA:07,la actualización del RUT,Manizales
syn-2317,"Hola, Busco atención presencial de la institución que lleva la consulta de historia laboral en Pasto.",DERIVACION_ENTIDAD,synthetic:handwritten-templates-v1,true,not_applicable,,not_human_reviewed,DERIVACION_ENTIDAD:19,la consulta de historia laboral,Pasto
syn-1559,Se borró la información mientras hacía la actualización del RUT en Cartagena.,REPORTE_PROBLEMA,synthetic:handwritten-templates-v1,true,not_applicable,,not_human_reviewed,REPORTE_PROBLEMA:07,la actualización del RUT,Cartagena
syn-2330,"Hola, ¿A quién le corresponde orientarme sobre el registro civil de nacimiento en Bogotá?",DERIVACION_ENTIDAD,synthetic:handwritten-templates-v1,true,not_applicable,,not_human_reviewed,DERIVACION_ENTIDAD:20,el registro civil de nacimiento,Bogotá
syn-0749,"Buenos días, Voy a diligenciar la solicitud de la encuesta del Sisbén en Cúcuta.",SOLICITUD_TRAMITE,synthetic:handwritten-templates-v1,true,not_applicable,,not_human_reviewed,SOLICITUD_TRAMITE:12,la encuesta del Sisbén,Cúcuta
syn-0862,"Disculpa, Busco comenzar la encuesta del Sisbén por el canal oficial de Bucaramanga.",SOLICITUD_TRAMITE,synthetic:handwritten-templates-v1,true,not_applicable,,not_human_reviewed,SOLICITUD_TRAMITE:17,la encuesta del Sisbén,Bucaramanga
syn-1165,"Disculpa, Quiero saber si ya está listo el resultado del registro civil de nacimiento en Bogotá.",VERIFICACION_ESTADO,synthetic:handwritten-templates-v1,true,not_applicable,,not_human_reviewed,VERIFICACION_ESTADO:10,el registro civil de nacimiento,Bogotá
syn-0793,"Por favor, Quiero pasar de la información a la solicitud del duplicado de la cédula en Barranquilla.",SOLICITUD_TRAMITE,synthetic:handwritten-templates-v1,true,not_applicable,,not_human_reviewed,SOLICITUD_TRAMITE:14,el duplicado de la cédula,Barranquilla
syn-2053,"Buenos días, Busco el contacto de la autoridad competente para la encuesta del Sisbén en Bucaramanga.",DERIVACION_ENTIDAD,synthetic:handwritten-templates-v1,true,not_applicable,,not_human_reviewed,DERIVACION_ENTIDAD:08,la encuesta del Sisbén,Bucaramanga
syn-1873,¿Qué entidad atiendel certificado de antecedentes judiciales en Villavicencio?,DERIVACION_ENTIDAD,synthetic:handwritten-templates-v1,true,not_applicable,,not_human_reviewed,DERIVACION_ENTIDAD:01,el certificado de antecedentes judiciales,Villavicencio
syn-1811,"Disculpa, No me deja ingresar a la plataforma de la renovación de la licencia de conducción en Ibagué.",REPORTE_PROBLEMA,synthetic:handwritten-templates-v1,true,not_applicable,,not_human_reviewed,REPORTE_PROBLEMA:18,la renovación de la licencia de conducción,Ibagué
syn-0025,"Hola, ¿Cuánto cuestal certificado de antecedentes fiscales en Ibagué?",CONSULTA_INFORMATIVA,synthetic:handwritten-templates-v1,true,not_applicable,,not_human_reviewed,CONSULTA_INFORMATIVA:02,el certificado de antecedentes fiscales,Ibagué
syn-1982,¿Con qué institución hablo sobre la encuesta del Sisbén en Bucaramanga?,DERIVACION_ENTIDAD,synthetic:handwritten-templates-v1,true,not_applicable,,not_human_reviewed,DERIVACION_ENTIDAD:05,la encuesta del Sisbén,Bucaramanga
syn-1323,Me haces el favor: Necesito consultar si finalizaron la consulta de historia laboral que inicié en Pasto.,VERIFICACION_ESTADO,synthetic:handwritten-templates-v1,true,not_applicable,,not_human_reviewed,VERIFICACION_ESTADO:17,la consulta de historia laboral,Pasto
syn-1701,Me haces el favor: El código de verificación de la renovación de la licencia de conducción en Ibagué no llega.,REPORTE_PROBLEMA,synthetic:handwritten-templates-v1,true,not_applicable,,not_human_reviewed,REPORTE_PROBLEMA:13,la renovación de la licencia de conducción,Ibagué
syn-1992,Una preguntica: Oriéntame hacial canal oficial de atención de la inscripción del RUT en Pereira.,DERIVACION_ENTIDAD,synthetic:handwritten-templates-v1,true,not_applicable,,not_human_reviewed,DERIVACION_ENTIDAD:06,la inscripción del RUT,Pereira
syn-2033,"Disculpa, ¿Hay una sede que atienda consultas sobre el certificado de antecedentes judiciales en Villavicencio?",DERIVACION_ENTIDAD,synthetic:handwritten-templates-v1,true,not_applicable,,not_human_reviewed,DERIVACION_ENTIDAD:07,el certificado de antecedentes judiciales,Villavicencio
syn-0231,"Disculpa, ¿Qué comprobantes debo llevar paral certificado de antecedentes judiciales en Cúcuta?",CONSULTA_INFORMATIVA,synthetic:handwritten-templates-v1,true,not_applicable,,not_human_reviewed,CONSULTA_INFORMATIVA:10,el certificado de antecedentes judiciales,Cúcuta
syn-0791,"Hola, Quiero pasar de la información a la solicitud de la cédula digital en Medellín.",SOLICITUD_TRAMITE,synthetic:handwritten-templates-v1,true,not_applicable,,not_human_reviewed,SOLICITUD_TRAMITE:14,la cédula digital,Medellín
syn-1384,"Hola, ¿Hay novedades de mi trámite de la actualización del RUT radicado en Cartagena?",VERIFICACION_ESTADO,synthetic:handwritten-templates-v1,true,not_applicable,,not_human_reviewed,VERIFICACION_ESTADO:20,la actualización del RUT,Cartagena
syn-0491,"Buenas, Quiero iniciar el duplicado de la cédula en Bogotá.",SOLICITUD_TRAMITE,synthetic:handwritten-templates-v1,true,not_applicable,,not_human_reviewed,SOLICITUD_TRAMITE:01,el duplicado de la cédula,Bogotá
syn-0112,"Buenas, ¿me colaboras? ¿Se puede hacer la cédula digital por internet desde Cartagena?",CONSULTA_INFORMATIVA,synthetic:handwritten-templates-v1,true,not_applicable,,not_human_reviewed,CONSULTA_INFORMATIVA:05,la cédula digital,Cartagena
syn-2042,"Por favor, Busco el contacto de la autoridad competente paral duplicado de la cédula en Barranquilla.",DERIVACION_ENTIDAD,synthetic:handwritten-templates-v1,true,not_applicable,,not_human_reviewed,DERIVACION_ENTIDAD:08,el duplicado de la cédula,Barranquilla
syn-0803,"Hola, Tengo los documentos listos y voy a empezar el certificado de antecedentes judiciales en Villavicencio.",SOLICITUD_TRAMITE,synthetic:handwritten-templates-v1,true,not_applicable,,not_human_reviewed,SOLICITUD_TRAMITE:15,el certificado de antecedentes judiciales,Villavicencio
syn-0387,Me haces el favor: ¿Cuáles son las etapas del pasaporte ordinario para alguien de Cali?,CONSULTA_INFORMATIVA,synthetic:handwritten-templates-v1,true,not_applicable,,not_human_reviewed,CONSULTA_INFORMATIVA:17,el pasaporte ordinario,Cali
syn-1044,Una preguntica: Tengo un radicado de la encuesta del Sisbén en Cúcuta y busco su estado.,VERIFICACION_ESTADO,synthetic:handwritten-templates-v1,true,not_applicable,,not_human_reviewed,VERIFICACION_ESTADO:05,la encuesta del Sisbén,Cúcuta
syn-1243,"Buenas tardes, ¿Han actualizado el estado de mi petición de la inscripción del RUT en Barranquilla?",VERIFICACION_ESTADO,synthetic:handwritten-templates-v1,true,not_applicable,,not_human_reviewed,VERIFICACION_ESTADO:14,la inscripción del RUT,Barranquilla
syn-1061,"Buenas, ¿Ya respondieron mi petición de la consulta de historia laboral en Pasto?",VERIFICACION_ESTADO,synthetic:handwritten-templates-v1,true,not_applicable,,not_human_reviewed,VERIFICACION_ESTADO:06,la consulta de historia laboral,Pasto
syn-0421,Una preguntica: ¿Hay una guía para entender el certificado de antecedentes disciplinarios en Pasto?,CONSULTA_INFORMATIVA,synthetic:handwritten-templates-v1,true,not_applicable,,not_human_reviewed,CONSULTA_INFORMATIVA:18,el certificado de antecedentes disciplinarios,Pasto
syn-0618,"Buenas tardes, Me interesa realizar el certificado de antecedentes disciplinarios en Pasto ahora.",SOLICITUD_TRAMITE,synthetic:handwritten-templates-v1,true,not_applicable,,not_human_reviewed,SOLICITUD_TRAMITE:07,el certificado de antecedentes disciplinarios,Pasto
syn-0055,Una preguntica: ¿Cuál es el plazo habitual de la encuesta del Sisbén en Cúcuta?,CONSULTA_INFORMATIVA,synthetic:handwritten-templates-v1,true,not_applicable,,not_human_reviewed,CONSULTA_INFORMATIVA:03,la encuesta del Sisbén,Cúcuta
syn-0584,"Buenas tardes, Quisiera presentar una solicitud de la inscripción del RUT en Pereira.",SOLICITUD_TRAMITE,synthetic:handwritten-templates-v1,true,not_applicable,,not_human_reviewed,SOLICITUD_TRAMITE:05,la inscripción del RUT,Pereira
syn-1245,Me haces el favor: ¿Han actualizado el estado de mi petición de la actualización del RUT en Manizales?,VERIFICACION_ESTADO,synthetic:handwritten-templates-v1,true,not_applicable,,not_human_reviewed,VERIFICACION_ESTADO:14,la actualización del RUT,Manizales
syn-2158,Me haces el favor: Necesito comunicarme con la oficina encargada de la cédula digital en Cartagena.,DERIVACION_ENTIDAD,synthetic:handwritten-templates-v1,true,not_applicable,,not_human_reviewed,DERIVACION_ENTIDAD:13,la cédula digital,Cartagena
syn-2172,"Hola, Necesito comunicarme con la oficina encargada de la renovación de la licencia de conducción en Manizales.",DERIVACION_ENTIDAD,synthetic:handwritten-templates-v1,true,not_applicable,,not_human_reviewed,DERIVACION_ENTIDAD:13,la renovación de la licencia de conducción,Manizales
syn-1134,Me haces el favor: ¿Puedo revisar el progreso de la consulta de historia laboral que entregué en Pasto?,VERIFICACION_ESTADO,synthetic:handwritten-templates-v1,true,not_applicable,,not_human_reviewed,VERIFICACION_ESTADO:09,la consulta de historia laboral,Pasto
syn-2012,Una preguntica: Oriéntame hacial canal oficial de atención de la inscripción del RUT en Barranquilla.,DERIVACION_ENTIDAD,synthetic:handwritten-templates-v1,true,not_applicable,,not_human_reviewed,DERIVACION_ENTIDAD:06,la inscripción del RUT,Barranquilla
syn-0173,"Buenos días, Antes de empezar, quiero conocer los pasos de la actualización del RUT en Cartagena.",CONSULTA_INFORMATIVA,synthetic:handwritten-templates-v1,true,not_applicable,,not_human_reviewed,CONSULTA_INFORMATIVA:08,la actualización del RUT,Cartagena
syn-1426,"Hola, La página de la cédula digital no carga cuando entro desde Cartagena.",REPORTE_PROBLEMA,synthetic:handwritten-templates-v1,true,not_applicable,,not_human_reviewed,REPORTE_PROBLEMA:01,la cédula digital,Cartagena
syn-0508,"Disculpa, Ayúdame a tramitar la actualización del RUT desde Cartagena.",SOLICITUD_TRAMITE,synthetic:handwritten-templates-v1,true,not_applicable,,not_human_reviewed,SOLICITUD_TRAMITE:02,la actualización del RUT,Cartagena
syn-1293,Ya envié los documentos de la encuesta del Sisbén en Bucaramanga; busco la respuesta.,VERIFICACION_ESTADO,synthetic:handwritten-templates-v1,true,not_applicable,,not_human_reviewed,VERIFICACION_ESTADO:16,la encuesta del Sisbén,Bucaramanga
syn-2138,"Buenas, ¿me colaboras? ¿Cuál es el canal institucional para pedir orientación sobre la inscripción del RUT en Barranquilla?",DERIVACION_ENTIDAD,synthetic:handwritten-templates-v1,true,not_applicable,,not_human_reviewed,DERIVACION_ENTIDAD:12,la inscripción del RUT,Barranquilla
syn-1342,"Buenos días, ¿Cómo veo el resultado de mi solicitud registrada de la actualización del RUT en Manizales?",VERIFICACION_ESTADO,synthetic:handwritten-templates-v1,true,not_applicable,,not_human_reviewed,VERIFICACION_ESTADO:18,la actualización del RUT,Manizales
syn-1303,Ya envié los documentos de la presentación de PQRS en Cali; busco la respuesta.,VERIFICACION_ESTADO,synthetic:handwritten-templates-v1,true,not_applicable,,not_human_reviewed,VERIFICACION_ESTADO:16,la presentación de PQRS,Cali
syn-1599,"Buenas tardes, El portal de la presentación de PQRS en Cali se cierra sin guardar.",REPORTE_PROBLEMA,synthetic:handwritten-templates-v1,true,not_applicable,,not_human_reviewed,REPORTE_PROBLEMA:09,la presentación de PQRS,Cali
syn-1208,"Buenos días, ¿Dónde miro la respuesta a mi radicación de la inscripción del RUT en Pereira?",VERIFICACION_ESTADO,synthetic:handwritten-templates-v1,true,not_applicable,,not_human_reviewed,VERIFICACION_ESTADO:12,la inscripción del RUT,Pereira
syn-2277,"Por favor, ¿Existe una línea de atención oficial para la renovación de la licencia de conducción en Manizales?",DERIVACION_ENTIDAD,synthetic:handwritten-templates-v1,true,not_applicable,,not_human_reviewed,DERIVACION_ENTIDAD:18,la renovación de la licencia de conducción,Manizales
syn-2288,"Buenos días, ¿Existe una línea de atención oficial paral pasaporte ordinario en Cali?",DERIVACION_ENTIDAD,synthetic:handwritten-templates-v1,true,not_applicable,,not_human_reviewed,DERIVACION_ENTIDAD:18,el pasaporte ordinario,Cali
syn-0206,"Buenos días, ¿Qué edad mínima se exige paral certificado de afiliación a salud en Villavicencio?",CONSULTA_INFORMATIVA,synthetic:handwritten-templates-v1,true,not_applicable,,not_human_reviewed,CONSULTA_INFORMATIVA:09,el certificado de afiliación a salud,Villavicencio
syn-0178,"Buenas, ¿me colaboras? Antes de empezar, quiero conocer los pasos del pasaporte ordinario en Bucaramanga.",CONSULTA_INFORMATIVA,synthetic:handwritten-templates-v1,true,not_applicable,,not_human_reviewed,CONSULTA_INFORMATIVA:08,el pasaporte ordinario,Bucaramanga
syn-0445,¿Debo presentar originales o copias para la consulta de historia laboral en Pasto?,CONSULTA_INFORMATIVA,synthetic:handwritten-templates-v1,true,not_applicable,,not_human_reviewed,CONSULTA_INFORMATIVA:19,la consulta de historia laboral,Pasto
syn-2096,"Buenas, Quiero hablar con un funcionario responsable del certificado de antecedentes judiciales en Cúcuta.",DERIVACION_ENTIDAD,synthetic:handwritten-templates-v1,true,not_applicable,,not_human_reviewed,DERIVACION_ENTIDAD:10,el certificado de antecedentes judiciales,Cúcuta
syn-1449,"Buenas, Me sale un error al llenar el formulario de la actualización del RUT en Manizales.",REPORTE_PROBLEMA,synthetic:handwritten-templates-v1,true,not_applicable,,not_human_reviewed,REPORTE_PROBLEMA:02,la actualización del RUT,Manizales
syn-0844,Una preguntica: Busco comenzar el certificado de antecedentes disciplinarios por el canal oficial de Pasto.,SOLICITUD_TRAMITE,synthetic:handwritten-templates-v1,true,not_applicable,,not_human_reviewed,SOLICITUD_TRAMITE:17,el certificado de antecedentes disciplinarios,Pasto
syn-0311,Me haces el favor: ¿Las condiciones de la cédula digital son las mismas para todos en Cartagena?,CONSULTA_INFORMATIVA,synthetic:handwritten-templates-v1,true,not_applicable,,not_human_reviewed,CONSULTA_INFORMATIVA:14,la cédula digital,Cartagena
syn-1287,"Disculpa, ¿Mi solicitud anterior de la inscripción del RUT en Pereira continúa pendiente?",VERIFICACION_ESTADO,synthetic:handwritten-templates-v1,true,not_applicable,,not_human_reviewed,VERIFICACION_ESTADO:15,la inscripción del RUT,Pereira
syn-0437,"Buenas, ¿Debo presentar originales o copias para la encuesta del Sisbén en Bucaramanga?",CONSULTA_INFORMATIVA,synthetic:handwritten-templates-v1,true,not_applicable,,not_human_reviewed,CONSULTA_INFORMATIVA:19,la encuesta del Sisbén,Bucaramanga
syn-0720,Una preguntica: Es mi primera vez haciendo el pasaporte ordinario en Bucaramanga; quiero empezarlo.,SOLICITUD_TRAMITE,synthetic:handwritten-templates-v1,true,not_applicable,,not_human_reviewed,SOLICITUD_TRAMITE:11,el pasaporte ordinario,Bucaramanga
syn-1789,"Disculpa, Aparece un cobro repetido durante la presentación de PQRS en Cali.",REPORTE_PROBLEMA,synthetic:handwritten-templates-v1,true,not_applicable,,not_human_reviewed,REPORTE_PROBLEMA:17,la presentación de PQRS,Cali
syn-2161,Necesito comunicarme con la oficina encargada de la inscripción del RUT en Pereira.,DERIVACION_ENTIDAD,synthetic:handwritten-templates-v1,true,not_applicable,,not_human_reviewed,DERIVACION_ENTIDAD:13,la inscripción del RUT,Pereira
syn-1453,"Buenos días, El sistema de la consulta de historia laboral en Pasto se queda bloqueado.",REPORTE_PROBLEMA,synthetic:handwritten-templates-v1,true,not_applicable,,not_human_reviewed,REPORTE_PROBLEMA:03,la consulta de historia laboral,Pasto
syn-0018,Me haces el favor: ¿Qué documentos piden para la encuesta del Sisbén en Cúcuta?,CONSULTA_INFORMATIVA,synthetic:handwritten-templates-v1,true,not_applicable,,not_human_reviewed,CONSULTA_INFORMATIVA:01,la encuesta del Sisbén,Cúcuta
syn-1688,"Buenos días, El código de verificación del certificado de antecedentes judiciales en Villavicencio no llega.",REPORTE_PROBLEMA,synthetic:handwritten-templates-v1,true,not_applicable,,not_human_reviewed,REPORTE_PROBLEMA:13,el certificado de antecedentes judiciales,Villavicencio
syn-1087,"Buenas tardes, Presenté el registro civil de nacimiento en Bogotá, ¿sigue en revisión?",VERIFICACION_ESTADO,synthetic:handwritten-templates-v1,true,not_applicable,,not_human_reviewed,VERIFICACION_ESTADO:07,el registro civil de nacimiento,Bogotá
syn-0141,"Disculpa, ¿Hace falta una cita paral certificado de antecedentes disciplinarios en Pasto?",CONSULTA_INFORMATIVA,synthetic:handwritten-templates-v1,true,not_applicable,,not_human_reviewed,CONSULTA_INFORMATIVA:06,el certificado de antecedentes disciplinarios,Pasto
syn-0293,"Hola, Me explicas en palabras sencillas en qué consiste la corrección del registro civil en Medellín.",CONSULTA_INFORMATIVA,synthetic:handwritten-templates-v1,true,not_applicable,,not_human_reviewed,CONSULTA_INFORMATIVA:13,la corrección del registro civil,Medellín
syn-0273,"Buenos días, ¿Hay algún pago relacionado con la encuesta del Sisbén en Cúcuta?",CONSULTA_INFORMATIVA,synthetic:handwritten-templates-v1,true,not_applicable,,not_human_reviewed,CONSULTA_INFORMATIVA:12,la encuesta del Sisbén,Cúcuta
syn-0784,"Buenos días, Quiero pasar de la información a la solicitud del certificado de afiliación a salud en Villavicencio.",SOLICITUD_TRAMITE,synthetic:handwritten-templates-v1,true,not_applicable,,not_human_reviewed,SOLICITUD_TRAMITE:14,el certificado de afiliación a salud,Villavicencio
syn-0281,"Buenas, ¿Hay algún pago relacionado con la presentación de PQRS en Cali?",CONSULTA_INFORMATIVA,synthetic:handwritten-templates-v1,true,not_applicable,,not_human_reviewed,CONSULTA_INFORMATIVA:12,la presentación de PQRS,Cali
syn-1944,"Buenos días, Quiero contactar a la entidad encargada del certificado de afiliación a salud en Villavicencio.",DERIVACION_ENTIDAD,synthetic:handwritten-templates-v1,true,not_applicable,,not_human_reviewed,DERIVACION_ENTIDAD:04,el certificado de afiliación a salud,Villavicencio
syn-0753,"Buenas tardes, Necesito el enlace para iniciar la presentación de PQRS desde Cali.",SOLICITUD_TRAMITE,synthetic:handwritten-templates-v1,true,not_applicable,,not_human_reviewed,SOLICITUD_TRAMITE:13,la presentación de PQRS,Cali
syn-1550,"Hola, Se borró la información mientras hacía la presentación de PQRS en Cali.",REPORTE_PROBLEMA,synthetic:handwritten-templates-v1,true,not_applicable,,not_human_reviewed,REPORTE_PROBLEMA:07,la presentación de PQRS,Cali
syn-1853,"Buenas, Hay un problema: el portal del certificado de antecedentes fiscales en Ibagué no termina de procesar.",REPORTE_PROBLEMA,synthetic:handwritten-templates-v1,true,not_applicable,,not_human_reviewed,REPORTE_PROBLEMA:20,el certificado de antecedentes fiscales,Ibagué
syn-1469,El sistema del certificado de afiliación a salud en Villavicencio se queda bloqueado.,REPORTE_PROBLEMA,synthetic:handwritten-templates-v1,true,not_applicable,,not_human_reviewed,REPORTE_PROBLEMA:03,el certificado de afiliación a salud,Villavicencio
syn-0183,"Buenos días, Antes de empezar, quiero conocer los pasos de la presentación de PQRS en Cali.",CONSULTA_INFORMATIVA,synthetic:handwritten-templates-v1,true,not_applicable,,not_human_reviewed,CONSULTA_INFORMATIVA:08,la presentación de PQRS,Cali
syn-0785,"Buenas tardes, Quiero pasar de la información a la solicitud de la encuesta del Sisbén en Cúcuta.",SOLICITUD_TRAMITE,synthetic:handwritten-templates-v1,true,not_applicable,,not_human_reviewed,SOLICITUD_TRAMITE:14,la encuesta del Sisbén,Cúcuta
syn-0469,Quiero iniciar el certificado de antecedentes fiscales en Ibagué.,SOLICITUD_TRAMITE,synthetic:handwritten-templates-v1,true,not_applicable,,not_human_reviewed,SOLICITUD_TRAMITE:01,el certificado de antecedentes fiscales,Ibagué
syn-0146,"Buenas, ¿me colaboras? ¿Qué diferencia hay entre la atención presencial y virtual para la encuesta del Sisbén en Bucaramanga?",CONSULTA_INFORMATIVA,synthetic:handwritten-templates-v1,true,not_applicable,,not_human_reviewed,CONSULTA_INFORMATIVA:07,la encuesta del Sisbén,Bucaramanga
syn-0979,"Ya hice la renovación de la licencia de conducción en Manizales, ¿cómo va la gestión?",VERIFICACION_ESTADO,synthetic:handwritten-templates-v1,true,not_applicable,,not_human_reviewed,VERIFICACION_ESTADO:02,la renovación de la licencia de conducción,Manizales
syn-1360,"Buenas, ¿me colaboras? Tengo una gestión abierta de la presentación de PQRS en Cali y quiero ver su avance.",VERIFICACION_ESTADO,synthetic:handwritten-templates-v1,true,not_applicable,,not_human_reviewed,VERIFICACION_ESTADO:19,la presentación de PQRS,Cali
syn-0865,"Buenas, ¿me colaboras? Busco comenzar el certificado de antecedentes judiciales por el canal oficial de Cúcuta.",SOLICITUD_TRAMITE,synthetic:handwritten-templates-v1,true,not_applicable,,not_human_reviewed,SOLICITUD_TRAMITE:17,el certificado de antecedentes judiciales,Cúcuta
syn-2241,"Buenas, Quiero la dirección de la sede competente paral pasaporte ordinario en Cali.",DERIVACION_ENTIDAD,synthetic:handwritten-templates-v1,true,not_applicable,,not_human_reviewed,DERIVACION_ENTIDAD:16,el pasaporte ordinario,Cali
syn-1574,"Por favor, El enlace de la cédula digital para Cartagena está roto.",REPORTE_PROBLEMA,synthetic:handwritten-templates-v1,true,not_applicable,,not_human_reviewed,REPORTE_PROBLEMA:08,la cédula digital,Cartagena
syn-0017,"Disculpa, ¿Qué documentos piden paral duplicado de la cédula en Barranquilla?",CONSULTA_INFORMATIVA,synthetic:handwritten-templates-v1,true,not_applicable,,not_human_reviewed,CONSULTA_INFORMATIVA:01,el duplicado de la cédula,Barranquilla
syn-1875,"Buenas, ¿Qué entidad atiende la actualización del RUT en Manizales?",DERIVACION_ENTIDAD,synthetic:handwritten-templates-v1,true,not_applicable,,not_human_reviewed,DERIVACION_ENTIDAD:01,la actualización del RUT,Manizales
syn-0912,"Por favor, guíame para solicitar el certificado de antecedentes fiscales en Ibagué.",SOLICITUD_TRAMITE,synthetic:handwritten-templates-v1,true,not_applicable,,not_human_reviewed,SOLICITUD_TRAMITE:19,el certificado de antecedentes fiscales,Ibagué
syn-1064,"Buenas tardes, ¿Ya respondieron mi petición del certificado de afiliación a salud en Villavicencio?",VERIFICACION_ESTADO,synthetic:handwritten-templates-v1,true,not_applicable,,not_human_reviewed,VERIFICACION_ESTADO:06,el certificado de afiliación a salud,Villavicencio
syn-0464,"Me haces el favor: Estoy averiguando cómo es la actualización del RUT en Cartagena, todavía no voy a iniciarlo.",CONSULTA_INFORMATIVA,synthetic:handwritten-templates-v1,true,not_applicable,,not_human_reviewed,CONSULTA_INFORMATIVA:20,la actualización del RUT,Cartagena
syn-1216,"Buenas, ¿Dónde miro la respuesta a mi radicación del duplicado de la cédula en Barranquilla?",VERIFICACION_ESTADO,synthetic:handwritten-templates-v1,true,not_applicable,,not_human_reviewed,VERIFICACION_ESTADO:12,el duplicado de la cédula,Barranquilla
syn-1423,Una preguntica: La página de la cédula digital no carga cuando entro desde Medellín.,REPORTE_PROBLEMA,synthetic:handwritten-templates-v1,true,not_applicable,,not_human_reviewed,REPORTE_PROBLEMA:01,la cédula digital,Medellín
syn-0160,"Por favor, ¿Qué diferencia hay entre la atención presencial y virtual para la inscripción del RUT en Pereira?",CONSULTA_INFORMATIVA,synthetic:handwritten-templates-v1,true,not_applicable,,not_human_reviewed,CONSULTA_INFORMATIVA:07,la inscripción del RUT,Pereira
syn-0977,"Una preguntica: Ya hice el registro civil de nacimiento en Bogotá, ¿cómo va la gestión?",VERIFICACION_ESTADO,synthetic:handwritten-templates-v1,true,not_applicable,,not_human_reviewed,VERIFICACION_ESTADO:02,el registro civil de nacimiento,Bogotá
syn-0438,"Por favor, ¿Debo presentar originales o copias para la actualización del RUT en Cartagena?",CONSULTA_INFORMATIVA,synthetic:handwritten-templates-v1,true,not_applicable,,not_human_reviewed,CONSULTA_INFORMATIVA:19,la actualización del RUT,Cartagena
syn-0003,"Buenas, ¿Qué documentos piden paral pasaporte ordinario en Cali?",CONSULTA_INFORMATIVA,synthetic:handwritten-templates-v1,true,not_applicable,,not_human_reviewed,CONSULTA_INFORMATIVA:01,el pasaporte ordinario,Cali
syn-0195,"Por favor, ¿Qué edad mínima se exige paral pasaporte ordinario en Cali?",CONSULTA_INFORMATIVA,synthetic:handwritten-templates-v1,true,not_applicable,,not_human_reviewed,CONSULTA_INFORMATIVA:09,el pasaporte ordinario,Cali
syn-0187,"Una preguntica: Antes de empezar, quiero conocer los pasos del certificado de antecedentes disciplinarios en Pasto.",CONSULTA_INFORMATIVA,synthetic:handwritten-templates-v1,true,not_applicable,,not_human_reviewed,CONSULTA_INFORMATIVA:08,el certificado de antecedentes disciplinarios,Pasto
syn-1386,"Por favor, ¿Hay novedades de mi trámite de la cédula digital radicado en Medellín?",VERIFICACION_ESTADO,synthetic:handwritten-templates-v1,true,not_applicable,,not_human_reviewed,VERIFICACION_ESTADO:20,la cédula digital,Medellín
syn-0480,"Hola, Quiero iniciar la actualización del RUT en Cartagena.",SOLICITUD_TRAMITE,synthetic:handwritten-templates-v1,true,not_applicable,,not_human_reviewed,SOLICITUD_TRAMITE:01,la actualización del RUT,Cartagena
syn-2229,Quiero la dirección de la sede competente paral pasaporte ordinario en Bucaramanga.,DERIVACION_ENTIDAD,synthetic:handwritten-templates-v1,true,not_applicable,,not_human_reviewed,DERIVACION_ENTIDAD:16,el pasaporte ordinario,Bucaramanga
syn-2099,"Buenas tardes, Quiero hablar con un funcionario responsable de la actualización del RUT en Cartagena.",DERIVACION_ENTIDAD,synthetic:handwritten-templates-v1,true,not_applicable,,not_human_reviewed,DERIVACION_ENTIDAD:10,la actualización del RUT,Cartagena
syn-0812,Tengo los documentos listos y voy a empezar el certificado de afiliación a salud en Villavicencio.,SOLICITUD_TRAMITE,synthetic:handwritten-templates-v1,true,not_applicable,,not_human_reviewed,SOLICITUD_TRAMITE:15,el certificado de afiliación a salud,Villavicencio
syn-0107,"Buenos días, ¿Se puede hacer el certificado de antecedentes disciplinarios por internet desde Pasto?",CONSULTA_INFORMATIVA,synthetic:handwritten-templates-v1,true,not_applicable,,not_human_reviewed,CONSULTA_INFORMATIVA:05,el certificado de antecedentes disciplinarios,Pasto
syn-0339,"Por favor, ¿Qué datos pidel formulario de la encuesta del Sisbén en Bucaramanga?",CONSULTA_INFORMATIVA,synthetic:handwritten-templates-v1,true,not_applicable,,not_human_reviewed,CONSULTA_INFORMATIVA:15,la encuesta del Sisbén,Bucaramanga
syn-1329,"Por favor, Necesito consultar si finalizaron el registro civil de nacimiento que inicié en Bogotá.",VERIFICACION_ESTADO,synthetic:handwritten-templates-v1,true,not_applicable,,not_human_reviewed,VERIFICACION_ESTADO:17,el registro civil de nacimiento,Bogotá
syn-0762,"Buenos días, Necesito el enlace para iniciar el certificado de antecedentes fiscales desde Ibagué.",SOLICITUD_TRAMITE,synthetic:handwritten-templates-v1,true,not_applicable,,not_human_reviewed,SOLICITUD_TRAMITE:13,el certificado de antecedentes fiscales,Ibagué
syn-1981,"Buenas, ¿me colaboras? ¿Con qué institución hablo sobre la inscripción del RUT en Pereira?",DERIVACION_ENTIDAD,synthetic:handwritten-templates-v1,true,not_applicable,,not_human_reviewed,DERIVACION_ENTIDAD:05,la inscripción del RUT,Pereira
syn-0513,"Hola, Ayúdame a tramitar el certificado de afiliación a salud desde Villavicencio.",SOLICITUD_TRAMITE,synthetic:handwritten-templates-v1,true,not_applicable,,not_human_reviewed,SOLICITUD_TRAMITE:02,el certificado de afiliación a salud,Villavicencio
syn-2256,"Buenas tardes, ¿Cómo contacto al área de atención ciudadana de la corrección del registro civil en Medellín?",DERIVACION_ENTIDAD,synthetic:handwritten-templates-v1,true,not_applicable,,not_human_reviewed,DERIVACION_ENTIDAD:17,la corrección del registro civil,Medellín
syn-1341,"Por favor, ¿Cómo veo el resultado de mi solicitud registrada de la actualización del RUT en Cartagena?",VERIFICACION_ESTADO,synthetic:handwritten-templates-v1,true,not_applicable,,not_human_reviewed,VERIFICACION_ESTADO:18,la actualización del RUT,Cartagena
syn-2004,Oriéntame hacial canal oficial de atención del certificado de antecedentes disciplinarios en Pasto.,DERIVACION_ENTIDAD,synthetic:handwritten-templates-v1,true,not_applicable,,not_human_reviewed,DERIVACION_ENTIDAD:06,el certificado de antecedentes disciplinarios,Pasto
syn-0562,"Buenas tardes, Voy a gestionar el duplicado de la cédula en Bogotá y busco el primer paso.",SOLICITUD_TRAMITE,synthetic:handwritten-templates-v1,true,not_applicable,,not_human_reviewed,SOLICITUD_TRAMITE:04,el duplicado de la cédula,Bogotá
syn-0326,"Buenas, ¿Las condiciones del pasaporte ordinario son las mismas para todos en Bucaramanga?",CONSULTA_INFORMATIVA,synthetic:handwritten-templates-v1,true,not_applicable,,not_human_reviewed,CONSULTA_INFORMATIVA:14,el pasaporte ordinario,Bucaramanga
syn-2063,"Hola, ¿A qué dependencia le corresponde la actualización del RUT en Cartagena?",DERIVACION_ENTIDAD,synthetic:handwritten-templates-v1,true,not_applicable,,not_human_reviewed,DERIVACION_ENTIDAD:09,la actualización del RUT,Cartagena
syn-1332,"Disculpa, Necesito consultar si finalizaron el pasaporte ordinario que inicié en Bucaramanga.",VERIFICACION_ESTADO,synthetic:handwritten-templates-v1,true,not_applicable,,not_human_reviewed,VERIFICACION_ESTADO:17,el pasaporte ordinario,Bucaramanga
syn-0271,"Buenas, ¿Hay algún pago relacionado con la actualización del RUT en Cartagena?",CONSULTA_INFORMATIVA,synthetic:handwritten-templates-v1,true,not_applicable,,not_human_reviewed,CONSULTA_INFORMATIVA:12,la actualización del RUT,Cartagena
syn-0415,"Buenas, ¿Hay una guía para entender la actualización del RUT en Manizales?",CONSULTA_INFORMATIVA,synthetic:handwritten-templates-v1,true,not_applicable,,not_human_reviewed,CONSULTA_INFORMATIVA:18,la actualización del RUT,Manizales
syn-1743,"Buenos días, Se cayó el portal cuando estaba con la consulta de historia laboral en Pasto.",REPORTE_PROBLEMA,synthetic:handwritten-templates-v1,true,not_applicable,,not_human_reviewed,REPORTE_PROBLEMA:15,la consulta de historia laboral,Pasto
syn-0002,"Hola, ¿Qué documentos piden paral pasaporte ordinario en Bucaramanga?",CONSULTA_INFORMATIVA,synthetic:handwritten-templates-v1,true,not_applicable,,not_human_reviewed,CONSULTA_INFORMATIVA:01,el pasaporte ordinario,Bucaramanga
syn-0935,"Estoy listo para tramitar la cédula digital en Cartagena, ¿cuál es el paso inicial?",SOLICITUD_TRAMITE,synthetic:handwritten-templates-v1,true,not_applicable,,not_human_reviewed,SOLICITUD_TRAMITE:20,la cédula digital,Cartagena
syn-2108,"Hola, ¿Dónde me atiende una persona por la inscripción del RUT en Pereira?",DERIVACION_ENTIDAD,synthetic:handwritten-templates-v1,true,not_applicable,,not_human_reviewed,DERIVACION_ENTIDAD:11,la inscripción del RUT,Pereira
syn-2140,"Hola, ¿Cuál es el canal institucional para pedir orientación sobre la cédula digital en Medellín?",DERIVACION_ENTIDAD,synthetic:handwritten-templates-v1,true,not_applicable,,not_human_reviewed,DERIVACION_ENTIDAD:12,la cédula digital,Medellín
syn-2308,"Buenas, Busco atención presencial de la institución que lleva la cédula digital en Cartagena.",DERIVACION_ENTIDAD,synthetic:handwritten-templates-v1,true,not_applicable,,not_human_reviewed,DERIVACION_ENTIDAD:19,la cédula digital,Cartagena
syn-0034,¿Cuánto cuesta la encuesta del Sisbén en Bucaramanga?,CONSULTA_INFORMATIVA,synthetic:handwritten-templates-v1,true,not_applicable,,not_human_reviewed,CONSULTA_INFORMATIVA:02,la encuesta del Sisbén,Bucaramanga
syn-0942,"Buenas tardes, ¿En qué estado está mi solicitud del certificado de antecedentes judiciales presentada en Cúcuta?",VERIFICACION_ESTADO,synthetic:handwritten-templates-v1,true,not_applicable,,not_human_reviewed,VERIFICACION_ESTADO:01,el certificado de antecedentes judiciales,Cúcuta
syn-1283,"Buenas, ¿Mi solicitud anterior de la cédula digital en Cartagena continúa pendiente?",VERIFICACION_ESTADO,synthetic:handwritten-templates-v1,true,not_applicable,,not_human_reviewed,VERIFICACION_ESTADO:15,la cédula digital,Cartagena
syn-0204,"Buenas, ¿Qué edad mínima se exige paral registro civil de nacimiento en Bogotá?",CONSULTA_INFORMATIVA,synthetic:handwritten-templates-v1,true,not_applicable,,not_human_reviewed,CONSULTA_INFORMATIVA:09,el registro civil de nacimiento,Bogotá
syn-0095,"Buenas tardes, Explícame los requisitos del duplicado de la cédula en Barranquilla.",CONSULTA_INFORMATIVA,synthetic:handwritten-templates-v1,true,not_applicable,,not_human_reviewed,CONSULTA_INFORMATIVA:04,el duplicado de la cédula,Barranquilla
syn-0100,Me haces el favor: ¿Se puede hacer el certificado de antecedentes judiciales por internet desde Cúcuta?,CONSULTA_INFORMATIVA,synthetic:handwritten-templates-v1,true,not_applicable,,not_human_reviewed,CONSULTA_INFORMATIVA:05,el certificado de antecedentes judiciales,Cúcuta
syn-0704,"Buenas, Es mi primera vez haciendo la actualización del RUT en Cartagena; quiero empezarlo.",SOLICITUD_TRAMITE,synthetic:handwritten-templates-v1,true,not_applicable,,not_human_reviewed,SOLICITUD_TRAMITE:11,la actualización del RUT,Cartagena
syn-2119,"Buenas, ¿Dónde me atiende una persona por el certificado de antecedentes judiciales en Villavicencio?",DERIVACION_ENTIDAD,synthetic:handwritten-templates-v1,true,not_applicable,,not_human_reviewed,DERIVACION_ENTIDAD:11,el certificado de antecedentes judiciales,Villavicencio
syn-2114,Me haces el favor: ¿Dónde me atiende una persona por el pasaporte ordinario en Bucaramanga?,DERIVACION_ENTIDAD,synthetic:handwritten-templates-v1,true,not_applicable,,not_human_reviewed,DERIVACION_ENTIDAD:11,el pasaporte ordinario,Bucaramanga
syn-0268,"Buenas, ¿me colaboras? ¿Hay algún pago relacionado con la inscripción del RUT en Pereira?",CONSULTA_INFORMATIVA,synthetic:handwritten-templates-v1,true,not_applicable,,not_human_reviewed,CONSULTA_INFORMATIVA:12,la inscripción del RUT,Pereira
syn-1184,"Por favor, Hace unos días presenté el registro civil de nacimiento en Bogotá; ¿en qué etapa va?",VERIFICACION_ESTADO,synthetic:handwritten-templates-v1,true,not_applicable,,not_human_reviewed,VERIFICACION_ESTADO:11,el registro civil de nacimiento,Bogotá
syn-1121,"Disculpa, Busco saber si aprobaron mi solicitud de la cédula digital en Medellín.",VERIFICACION_ESTADO,synthetic:handwritten-templates-v1,true,not_applicable,,not_human_reviewed,VERIFICACION_ESTADO:08,la cédula digital,Medellín
syn-0692,"Buenas, ¿Me ayudas a arrancar con la cédula digital en Cartagena?",SOLICITUD_TRAMITE,synthetic:handwritten-templates-v1,true,not_applicable,,not_human_reviewed,SOLICITUD_TRAMITE:10,la cédula digital,Cartagena
syn-0581,"Buenas, Quisiera presentar una solicitud de la cédula digital en Cartagena.",SOLICITUD_TRAMITE,synthetic:handwritten-templates-v1,true,not_applicable,,not_human_reviewed,SOLICITUD_TRAMITE:05,la cédula digital,Cartagena
syn-0662,"Buenos días, Quiero agendar el inicio del certificado de antecedentes judiciales en Cúcuta.",SOLICITUD_TRAMITE,synthetic:handwritten-templates-v1,true,not_applicable,,not_human_reviewed,SOLICITUD_TRAMITE:09,el certificado de antecedentes judiciales,Cúcuta
syn-1823,Una preguntica: No me deja ingresar a la plataforma del certificado de antecedentes disciplinarios en Pasto.,REPORTE_PROBLEMA,synthetic:handwritten-templates-v1,true,not_applicable,,not_human_reviewed,REPORTE_PROBLEMA:18,el certificado de antecedentes disciplinarios,Pasto
syn-1507,"Por favor, El botón para continuar con la actualización del RUT en Cartagena no funciona.",REPORTE_PROBLEMA,synthetic:handwritten-templates-v1,true,not_applicable,,not_human_reviewed,REPORTE_PROBLEMA:05,la actualización del RUT,Cartagena
syn-0434,"Buenas, ¿me colaboras? ¿Debo presentar originales o copias paral certificado de antecedentes fiscales en Ibagué?",CONSULTA_INFORMATIVA,synthetic:handwritten-templates-v1,true,not_applicable,,not_human_reviewed,CONSULTA_INFORMATIVA:19,el certificado de antecedentes fiscales,Ibagué
syn-1594,El portal del pasaporte ordinario en Cali se cierra sin guardar.,REPORTE_PROBLEMA,synthetic:handwritten-templates-v1,true,not_applicable,,not_human_reviewed,REPORTE_PROBLEMA:09,el pasaporte ordinario,Cali
syn-0447,"Estoy averiguando cómo es la inscripción del RUT en Barranquilla, todavía no voy a iniciarlo.",CONSULTA_INFORMATIVA,synthetic:handwritten-templates-v1,true,not_applicable,,not_human_reviewed,CONSULTA_INFORMATIVA:20,la inscripción del RUT,Barranquilla
syn-0815,"Por favor, Tengo los documentos listos y voy a empezar el pasaporte ordinario en Cali.",SOLICITUD_TRAMITE,synthetic:handwritten-templates-v1,true,not_applicable,,not_human_reviewed,SOLICITUD_TRAMITE:15,el pasaporte ordinario,Cali
syn-1712,"Buenas tardes, La pantalla de la inscripción del RUT en Barranquilla queda en blanco.",REPORTE_PROBLEMA,synthetic:handwritten-templates-v1,true,not_applicable,,not_human_reviewed,REPORTE_PROBLEMA:14,la inscripción del RUT,Barranquilla
syn-1820,"Buenas tardes, No me deja ingresar a la plataforma de la cédula digital en Medellín.",REPORTE_PROBLEMA,synthetic:handwritten-templates-v1,true,not_applicable,,not_human_reviewed,REPORTE_PROBLEMA:18,la cédula digital,Medellín
syn-0734,"Buenas, ¿me colaboras? Voy a diligenciar la solicitud de la consulta de historia laboral en Pasto.",SOLICITUD_TRAMITE,synthetic:handwritten-templates-v1,true,not_applicable,,not_human_reviewed,SOLICITUD_TRAMITE:12,la consulta de historia laboral,Pasto
syn-1361,Tengo una gestión abierta de la renovación de la licencia de conducción en Manizales y quiero ver su avance.,VERIFICACION_ESTADO,synthetic:handwritten-templates-v1,true,not_applicable,,not_human_reviewed,VERIFICACION_ESTADO:19,la renovación de la licencia de conducción,Manizales
syn-1301,Una preguntica: Ya envié los documentos del certificado de antecedentes disciplinarios en Pasto; busco la respuesta.,VERIFICACION_ESTADO,synthetic:handwritten-templates-v1,true,not_applicable,,not_human_reviewed,VERIFICACION_ESTADO:16,el certificado de antecedentes disciplinarios,Pasto
syn-0939,"Buenas, ¿En qué estado está mi solicitud de la presentación de PQRS presentada en Cali?",VERIFICACION_ESTADO,synthetic:handwritten-templates-v1,true,not_applicable,,not_human_reviewed,VERIFICACION_ESTADO:01,la presentación de PQRS,Cali
syn-1405,La página de la renovación de la licencia de conducción no carga cuando entro desde Manizales.,REPORTE_PROBLEMA,synthetic:handwritten-templates-v1,true,not_applicable,,not_human_reviewed,REPORTE_PROBLEMA:01,la renovación de la licencia de conducción,Manizales
syn-0006,"Buenas tardes, ¿Qué documentos piden para la cédula digital en Medellín?",CONSULTA_INFORMATIVA,synthetic:handwritten-templates-v1,true,not_applicable,,not_human_reviewed,CONSULTA_INFORMATIVA:01,la cédula digital,Medellín
syn-1192,"Hola, Hace unos días presenté la presentación de PQRS en Cali; ¿en qué etapa va?",VERIFICACION_ESTADO,synthetic:handwritten-templates-v1,true,not_applicable,,not_human_reviewed,VERIFICACION_ESTADO:11,la presentación de PQRS,Cali
syn-0671,"Por favor, Quiero agendar el inicio de la actualización del RUT en Cartagena.",SOLICITUD_TRAMITE,synthetic:handwritten-templates-v1,true,not_applicable,,not_human_reviewed,SOLICITUD_TRAMITE:09,la actualización del RUT,Cartagena
syn-1000,"Buenas, ¿me colaboras? Quiero consultar el avance de la actualización del RUT que radiqué en Manizales.",VERIFICACION_ESTADO,synthetic:handwritten-templates-v1,true,not_applicable,,not_human_reviewed,VERIFICACION_ESTADO:03,la actualización del RUT,Manizales
syn-0932,"Me haces el favor: Estoy listo para tramitar la inscripción del RUT en Barranquilla, ¿cuál es el paso inicial?",SOLICITUD_TRAMITE,synthetic:handwritten-templates-v1,true,not_applicable,,not_human_reviewed,SOLICITUD_TRAMITE:20,la inscripción del RUT,Barranquilla
syn-0756,Una preguntica: Necesito el enlace para iniciar el certificado de antecedentes disciplinarios desde Pasto.,SOLICITUD_TRAMITE,synthetic:handwritten-templates-v1,true,not_applicable,,not_human_reviewed,SOLICITUD_TRAMITE:13,el certificado de antecedentes disciplinarios,Pasto
syn-0570,"Hola, Quisiera presentar una solicitud del pasaporte ordinario en Bucaramanga.",SOLICITUD_TRAMITE,synthetic:handwritten-templates-v1,true,not_applicable,,not_human_reviewed,SOLICITUD_TRAMITE:05,el pasaporte ordinario,Bucaramanga
syn-1056,Me haces el favor: ¿Ya respondieron mi petición del registro civil de nacimiento en Bogotá?,VERIFICACION_ESTADO,synthetic:handwritten-templates-v1,true,not_applicable,,not_human_reviewed,VERIFICACION_ESTADO:06,el registro civil de nacimiento,Bogotá
syn-0826,"Buenas, Quiero abrir una gestión nueva de la actualización del RUT en Cartagena.",SOLICITUD_TRAMITE,synthetic:handwritten-templates-v1,true,not_applicable,,not_human_reviewed,SOLICITUD_TRAMITE:16,la actualización del RUT,Cartagena
syn-1848,La cita de la actualización del RUT en Manizales desapareció del sistema.,REPORTE_PROBLEMA,synthetic:handwritten-templates-v1,true,not_applicable,,not_human_reviewed,REPORTE_PROBLEMA:19,la actualización del RUT,Manizales
syn-1728,"Hola, La pantalla de la inscripción del RUT en Pereira queda en blanco.",REPORTE_PROBLEMA,synthetic:handwritten-templates-v1,true,not_applicable,,not_human_reviewed,REPORTE_PROBLEMA:14,la inscripción del RUT,Pereira
syn-0155,Una preguntica: ¿Qué diferencia hay entre la atención presencial y virtual para la presentación de PQRS en Cali?,CONSULTA_INFORMATIVA,synthetic:handwritten-templates-v1,true,not_applicable,,not_human_reviewed,CONSULTA_INFORMATIVA:07,la presentación de PQRS,Cali
syn-0926,"Hola, Estoy listo para tramitar la presentación de PQRS en Cali, ¿cuál es el paso inicial?",SOLICITUD_TRAMITE,synthetic:handwritten-templates-v1,true,not_applicable,,not_human_reviewed,SOLICITUD_TRAMITE:20,la presentación de PQRS,Cali
syn-1898,"Buenas, ¿A cuál oficina debo dirigirme por la inscripción del RUT en Pereira?",DERIVACION_ENTIDAD,synthetic:handwritten-templates-v1,true,not_applicable,,not_human_reviewed,DERIVACION_ENTIDAD:02,la inscripción del RUT,Pereira
syn-0849,"Por favor, Busco comenzar la inscripción del RUT por el canal oficial de Barranquilla.",SOLICITUD_TRAMITE,synthetic:handwritten-templates-v1,true,not_applicable,,not_human_reviewed,SOLICITUD_TRAMITE:17,la inscripción del RUT,Barranquilla
syn-1286,"Buenas tardes, ¿Mi solicitud anterior de la actualización del RUT en Cartagena continúa pendiente?",VERIFICACION_ESTADO,synthetic:handwritten-templates-v1,true,not_applicable,,not_human_reviewed,VERIFICACION_ESTADO:15,la actualización del RUT,Cartagena
syn-2262,"Hola, ¿Cómo contacto al área de atención ciudadana del certificado de antecedentes fiscales en Ibagué?",DERIVACION_ENTIDAD,synthetic:handwritten-templates-v1,true,not_applicable,,not_human_reviewed,DERIVACION_ENTIDAD:17,el certificado de antecedentes fiscales,Ibagué
syn-1452,"Por favor, El sistema de la presentación de PQRS en Cali se queda bloqueado.",REPORTE_PROBLEMA,synthetic:handwritten-templates-v1,true,not_applicable,,not_human_reviewed,REPORTE_PROBLEMA:03,la presentación de PQRS,Cali
syn-1584,"Por favor, El enlace de la encuesta del Sisbén para Bucaramanga está roto.",REPORTE_PROBLEMA,synthetic:handwritten-templates-v1,true,not_applicable,,not_human_reviewed,REPORTE_PROBLEMA:08,la encuesta del Sisbén,Bucaramanga
syn-0292,Me explicas en palabras sencillas en qué consiste el pasaporte ordinario en Cali.,CONSULTA_INFORMATIVA,synthetic:handwritten-templates-v1,true,not_applicable,,not_human_reviewed,CONSULTA_INFORMATIVA:13,el pasaporte ordinario,Cali
syn-1524,Me haces el favor: No puedo adjuntar los documentos del certificado de antecedentes fiscales en Ibagué; aparece un fallo.,REPORTE_PROBLEMA,synthetic:handwritten-templates-v1,true,not_applicable,,not_human_reviewed,REPORTE_PROBLEMA:06,el certificado de antecedentes fiscales,Ibagué
syn-1757,"Disculpa, El comprobante de la actualización del RUT en Cartagena no se puede descargar.",REPORTE_PROBLEMA,synthetic:handwritten-templates-v1,true,not_applicable,,not_human_reviewed,REPORTE_PROBLEMA:16,la actualización del RUT,Cartagena
syn-1385,"Buenas, ¿Hay novedades de mi trámite del pasaporte ordinario radicado en Bucaramanga?",VERIFICACION_ESTADO,synthetic:handwritten-templates-v1,true,not_applicable,,not_human_reviewed,VERIFICACION_ESTADO:20,el pasaporte ordinario,Bucaramanga
syn-1467,Una preguntica: El sistema de la renovación de la licencia de conducción en Manizales se queda bloqueado.,REPORTE_PROBLEMA,synthetic:handwritten-templates-v1,true,not_applicable,,not_human_reviewed,REPORTE_PROBLEMA:03,la renovación de la licencia de conducción,Manizales
syn-0660,"Buenas, Quiero agendar el inicio de la consulta de historia laboral en Pereira.",SOLICITUD_TRAMITE,synthetic:handwritten-templates-v1,true,not_applicable,,not_human_reviewed,SOLICITUD_TRAMITE:09,la consulta de historia laboral,Pereira
syn-2247,"Disculpa, ¿Cómo contacto al área de atención ciudadana del certificado de afiliación a salud en Villavicencio?",DERIVACION_ENTIDAD,synthetic:handwritten-templates-v1,true,not_applicable,,not_human_reviewed,DERIVACION_ENTIDAD:17,el certificado de afiliación a salud,Villavicencio
syn-0512,Ayúdame a tramitar el duplicado de la cédula desde Barranquilla.,SOLICITUD_TRAMITE,synthetic:handwritten-templates-v1,true,not_applicable,,not_human_reviewed,SOLICITUD_TRAMITE:02,el duplicado de la cédula,Barranquilla
syn-1862,"Hola, Hay un problema: el portal de la consulta de historia laboral en Pereira no termina de procesar.",REPORTE_PROBLEMA,synthetic:handwritten-templates-v1,true,not_applicable,,not_human_reviewed,REPORTE_PROBLEMA:20,la consulta de historia laboral,Pereira
syn-0260,"Hola, ¿Hay algún pago relacionado con la encuesta del Sisbén en Bucaramanga?",CONSULTA_INFORMATIVA,synthetic:handwritten-templates-v1,true,not_applicable,,not_human_reviewed,CONSULTA_INFORMATIVA:12,la encuesta del Sisbén,Bucaramanga
syn-2270,"Buenas, ¿me colaboras? ¿Cómo contacto al área de atención ciudadana de la renovación de la licencia de conducción en Manizales?",DERIVACION_ENTIDAD,synthetic:handwritten-templates-v1,true,not_applicable,,not_human_reviewed,DERIVACION_ENTIDAD:17,la renovación de la licencia de conducción,Manizales
syn-0568,"Buenas, ¿me colaboras? Quisiera presentar una solicitud del certificado de antecedentes judiciales en Villavicencio.",SOLICITUD_TRAMITE,synthetic:handwritten-templates-v1,true,not_applicable,,not_human_reviewed,SOLICITUD_TRAMITE:05,el certificado de antecedentes judiciales,Villavicencio
syn-1445,Una preguntica: Me sale un error al llenar el formulario del certificado de antecedentes judiciales en Cúcuta.,REPORTE_PROBLEMA,synthetic:handwritten-templates-v1,true,not_applicable,,not_human_reviewed,REPORTE_PROBLEMA:02,el certificado de antecedentes judiciales,Cúcuta
syn-0843,Me haces el favor: Busco comenzar el certificado de antecedentes judiciales por el canal oficial de Villavicencio.,SOLICITUD_TRAMITE,synthetic:handwritten-templates-v1,true,not_applicable,,not_human_reviewed,SOLICITUD_TRAMITE:17,el certificado de antecedentes judiciales,Villavicencio
syn-1800,Me haces el favor: Aparece un cobro repetido durante la consulta de historia laboral en Pasto.,REPORTE_PROBLEMA,synthetic:handwritten-templates-v1,true,not_applicable,,not_human_reviewed,REPORTE_PROBLEMA:17,la consulta de historia laboral,Pasto
syn-1984,"Buenas, ¿Con qué institución hablo sobre el duplicado de la cédula en Bogotá?",DERIVACION_ENTIDAD,synthetic:handwritten-templates-v1,true,not_applicable,,not_human_reviewed,DERIVACION_ENTIDAD:05,el duplicado de la cédula,Bogotá
syn-2303,Me haces el favor: Busco atención presencial de la institución que lleva la actualización del RUT en Cartagena.,DERIVACION_ENTIDAD,synthetic:handwritten-templates-v1,true,not_applicable,,not_human_reviewed,DERIVACION_ENTIDAD:19,la actualización del RUT,Cartagena
syn-2340,"Hola, ¿A quién le corresponde orientarme sobre la encuesta del Sisbén en Bucaramanga?",DERIVACION_ENTIDAD,synthetic:handwritten-templates-v1,true,not_applicable,,not_human_reviewed,DERIVACION_ENTIDAD:20,la encuesta del Sisbén,Bucaramanga
syn-2026,"Buenas, ¿me colaboras? ¿Hay una sede que atienda consultas sobre el certificado de antecedentes fiscales en Ibagué?",DERIVACION_ENTIDAD,synthetic:handwritten-templates-v1,true,not_applicable,,not_human_reviewed,DERIVACION_ENTIDAD:07,el certificado de antecedentes fiscales,Ibagué
syn-1481,Intenté pagar el certificado de antecedentes judiciales en Cúcuta y el portal rechazó la operación.,REPORTE_PROBLEMA,synthetic:handwritten-templates-v1,true,not_applicable,,not_human_reviewed,REPORTE_PROBLEMA:04,el certificado de antecedentes judiciales,Cúcuta
syn-0593,"Buenas, Deseo comenzar el proceso del duplicado de la cédula en Barranquilla.",SOLICITUD_TRAMITE,synthetic:handwritten-templates-v1,true,not_applicable,,not_human_reviewed,SOLICITUD_TRAMITE:06,el duplicado de la cédula,Barranquilla
syn-0600,"Buenas, ¿me colaboras? Deseo comenzar el proceso del certificado de antecedentes judiciales en Cúcuta.",SOLICITUD_TRAMITE,synthetic:handwritten-templates-v1,true,not_applicable,,not_human_reviewed,SOLICITUD_TRAMITE:06,el certificado de antecedentes judiciales,Cúcuta
syn-0663,"Buenas tardes, Quiero agendar el inicio del certificado de afiliación a salud en Villavicencio.",SOLICITUD_TRAMITE,synthetic:handwritten-templates-v1,true,not_applicable,,not_human_reviewed,SOLICITUD_TRAMITE:09,el certificado de afiliación a salud,Villavicencio
syn-1488,Me haces el favor: Intenté pagar el pasaporte ordinario en Cali y el portal rechazó la operación.,REPORTE_PROBLEMA,synthetic:handwritten-templates-v1,true,not_applicable,,not_human_reviewed,REPORTE_PROBLEMA:04,el pasaporte ordinario,Cali
syn-1104,"Buenas, ¿me colaboras? Busco saber si aprobaron mi solicitud del certificado de antecedentes judiciales en Villavicencio.",VERIFICACION_ESTADO,synthetic:handwritten-templates-v1,true,not_applicable,,not_human_reviewed,VERIFICACION_ESTADO:08,el certificado de antecedentes judiciales,Villavicencio
syn-1569,Una preguntica: El enlace del certificado de antecedentes judiciales para Villavicencio está roto.,REPORTE_PROBLEMA,synthetic:handwritten-templates-v1,true,not_applicable,,not_human_reviewed,REPORTE_PROBLEMA:08,el certificado de antecedentes judiciales,Villavicencio
syn-2324,"Buenas tardes, ¿A quién le corresponde orientarme sobre la inscripción del RUT en Barranquilla?",DERIVACION_ENTIDAD,synthetic:handwritten-templates-v1,true,not_applicable,,not_human_reviewed,DERIVACION_ENTIDAD:20,la inscripción del RUT,Barranquilla
syn-1091,"Buenas, ¿me colaboras? Presenté el certificado de afiliación a salud en Villavicencio, ¿sigue en revisión?",VERIFICACION_ESTADO,synthetic:handwritten-templates-v1,true,not_applicable,,not_human_reviewed,VERIFICACION_ESTADO:07,el certificado de afiliación a salud,Villavicencio
syn-1454,"Buenas tardes, El sistema de la corrección del registro civil en Medellín se queda bloqueado.",REPORTE_PROBLEMA,synthetic:handwritten-templates-v1,true,not_applicable,,not_human_reviewed,REPORTE_PROBLEMA:03,la corrección del registro civil,Medellín
syn-1168,"Buenas, ¿me colaboras? Quiero saber si ya está listo el resultado de la consulta de historia laboral en Pereira.",VERIFICACION_ESTADO,synthetic:handwritten-templates-v1,true,not_applicable,,not_human_reviewed,VERIFICACION_ESTADO:10,la consulta de historia laboral,Pereira
syn-0122,Me haces el favor: ¿Hace falta una cita para la actualización del RUT en Manizales?,CONSULTA_INFORMATIVA,synthetic:handwritten-templates-v1,true,not_applicable,,not_human_reviewed,CONSULTA_INFORMATIVA:06,la actualización del RUT,Manizales
syn-1447,Me sale un error al llenar el formulario del certificado de afiliación a salud en Villavicencio.,REPORTE_PROBLEMA,synthetic:handwritten-templates-v1,true,not_applicable,,not_human_reviewed,REPORTE_PROBLEMA:02,el certificado de afiliación a salud,Villavicencio
syn-1641,"Buenas, El formulario de la renovación de la licencia de conducción en Ibagué rechaza datos que son correctos.",REPORTE_PROBLEMA,synthetic:handwritten-templates-v1,true,not_applicable,,not_human_reviewed,REPORTE_PROBLEMA:11,la renovación de la licencia de conducción,Ibagué
syn-1729,"Buenas, La pantalla del certificado de antecedentes judiciales en Villavicencio queda en blanco.",REPORTE_PROBLEMA,synthetic:handwritten-templates-v1,true,not_applicable,,not_human_reviewed,REPORTE_PROBLEMA:14,el certificado de antecedentes judiciales,Villavicencio
syn-1262,"Buenos días, ¿Han actualizado el estado de mi petición de la consulta de historia laboral en Pereira?",VERIFICACION_ESTADO,synthetic:handwritten-templates-v1,true,not_applicable,,not_human_reviewed,VERIFICACION_ESTADO:14,la consulta de historia laboral,Pereira
syn-0340,"Buenos días, ¿Qué datos pidel formulario de la inscripción del RUT en Pereira?",CONSULTA_INFORMATIVA,synthetic:handwritten-templates-v1,true,not_applicable,,not_human_reviewed,CONSULTA_INFORMATIVA:15,la inscripción del RUT,Pereira
syn-0877,Una preguntica: Ya decidí hacer el certificado de antecedentes fiscales en Ibagué; orienta mi solicitud.,SOLICITUD_TRAMITE,synthetic:handwritten-templates-v1,true,not_applicable,,not_human_reviewed,SOLICITUD_TRAMITE:18,el certificado de antecedentes fiscales,Ibagué
syn-1296,"Por favor, Ya envié los documentos de la consulta de historia laboral en Pasto; busco la respuesta.",VERIFICACION_ESTADO,synthetic:handwritten-templates-v1,true,not_applicable,,not_human_reviewed,VERIFICACION_ESTADO:16,la consulta de historia laboral,Pasto
syn-1250,"Buenas, ¿Han actualizado el estado de mi petición de la consulta de historia laboral en Pasto?",VERIFICACION_ESTADO,synthetic:handwritten-templates-v1,true,not_applicable,,not_human_reviewed,VERIFICACION_ESTADO:14,la consulta de historia laboral,Pasto
syn-2333,"Buenos días, ¿A quién le corresponde orientarme sobre el certificado de afiliación a salud en Villavicencio?",DERIVACION_ENTIDAD,synthetic:handwritten-templates-v1,true,not_applicable,,not_human_reviewed,DERIVACION_ENTIDAD:20,el certificado de afiliación a salud,Villavicencio
syn-1927,"Buenas, ¿me colaboras? ¿Quién es el responsable institucional de la presentación de PQRS en Cali?",DERIVACION_ENTIDAD,synthetic:handwritten-templates-v1,true,not_applicable,,not_human_reviewed,DERIVACION_ENTIDAD:03,la presentación de PQRS,Cali
syn-1205,"Hola, ¿Dónde miro la respuesta a mi radicación del certificado de antecedentes fiscales en Ibagué?",VERIFICACION_ESTADO,synthetic:handwritten-templates-v1,true,not_applicable,,not_human_reviewed,VERIFICACION_ESTADO:12,el certificado de antecedentes fiscales,Ibagué
syn-1957,Me haces el favor: Quiero contactar a la entidad encargada de la renovación de la licencia de conducción en Ibagué.,DERIVACION_ENTIDAD,synthetic:handwritten-templates-v1,true,not_applicable,,not_human_reviewed,DERIVACION_ENTIDAD:04,la renovación de la licencia de conducción,Ibagué
syn-2223,Me haces el favor: ¿Qué organismo puede atender mi consulta del pasaporte ordinario en Bucaramanga?,DERIVACION_ENTIDAD,synthetic:handwritten-templates-v1,true,not_applicable,,not_human_reviewed,DERIVACION_ENTIDAD:15,el pasaporte ordinario,Bucaramanga
syn-2072,¿A qué dependencia le corresponde la presentación de PQRS en Cali?,DERIVACION_ENTIDAD,synthetic:handwritten-templates-v1,true,not_applicable,,not_human_reviewed,DERIVACION_ENTIDAD:09,la presentación de PQRS,Cali
syn-0900,"Una preguntica: Por favor, guíame para solicitar la consulta de historia laboral en Pereira.",SOLICITUD_TRAMITE,synthetic:handwritten-templates-v1,true,not_applicable,,not_human_reviewed,SOLICITUD_TRAMITE:19,la consulta de historia laboral,Pereira
syn-1861,Hay un problema: el portal de la cédula digital en Cartagena no termina de procesar.,REPORTE_PROBLEMA,synthetic:handwritten-templates-v1,true,not_applicable,,not_human_reviewed,REPORTE_PROBLEMA:20,la cédula digital,Cartagena
syn-1638,"Buenas, La plataforma muestra un error de conexión al hacer la encuesta del Sisbén en Cúcuta.",REPORTE_PROBLEMA,synthetic:handwritten-templates-v1,true,not_applicable,,not_human_reviewed,REPORTE_PROBLEMA:10,la encuesta del Sisbén,Cúcuta
syn-0539,"Buenos días, Necesito hacer el certificado de afiliación a salud en Villavicencio, ¿cómo empiezo?",SOLICITUD_TRAMITE,synthetic:handwritten-templates-v1,true,not_applicable,,not_human_reviewed,SOLICITUD_TRAMITE:03,el certificado de afiliación a salud,Villavicencio
syn-0922,"Me haces el favor: Estoy listo para tramitar la encuesta del Sisbén en Bucaramanga, ¿cuál es el paso inicial?",SOLICITUD_TRAMITE,synthetic:handwritten-templates-v1,true,not_applicable,,not_human_reviewed,SOLICITUD_TRAMITE:20,la encuesta del Sisbén,Bucaramanga
syn-1493,"Buenas, Intenté pagar la corrección del registro civil en Medellín y el portal rechazó la operación.",REPORTE_PROBLEMA,synthetic:handwritten-templates-v1,true,not_applicable,,not_human_reviewed,REPORTE_PROBLEMA:04,la corrección del registro civil,Medellín
syn-2006,"Buenas, Oriéntame hacial canal oficial de atención de la renovación de la licencia de conducción en Manizales.",DERIVACION_ENTIDAD,synthetic:handwritten-templates-v1,true,not_applicable,,not_human_reviewed,DERIVACION_ENTIDAD:06,la renovación de la licencia de conducción,Manizales
syn-0507,"Buenas tardes, Ayúdame a tramitar la cédula digital desde Medellín.",SOLICITUD_TRAMITE,synthetic:handwritten-templates-v1,true,not_applicable,,not_human_reviewed,SOLICITUD_TRAMITE:02,la cédula digital,Medellín
syn-2009,"Buenas tardes, Oriéntame hacial canal oficial de atención del certificado de antecedentes fiscales en Ibagué.",DERIVACION_ENTIDAD,synthetic:handwritten-templates-v1,true,not_applicable,,not_human_reviewed,DERIVACION_ENTIDAD:06,el certificado de antecedentes fiscales,Ibagué
syn-1863,"Buenas, Hay un problema: el portal de la corrección del registro civil en Medellín no termina de procesar.",REPORTE_PROBLEMA,synthetic:handwritten-templates-v1,true,not_applicable,,not_human_reviewed,REPORTE_PROBLEMA:20,la corrección del registro civil,Medellín
syn-0871,"Buenas, Ya decidí hacer la presentación de PQRS en Cali; orienta mi solicitud.",SOLICITUD_TRAMITE,synthetic:handwritten-templates-v1,true,not_applicable,,not_human_reviewed,SOLICITUD_TRAMITE:18,la presentación de PQRS,Cali
syn-0448,"Hola, Estoy averiguando cómo es el certificado de antecedentes judiciales en Cúcuta, todavía no voy a iniciarlo.",CONSULTA_INFORMATIVA,synthetic:handwritten-templates-v1,true,not_applicable,,not_human_reviewed,CONSULTA_INFORMATIVA:20,el certificado de antecedentes judiciales,Cúcuta
syn-1119,"Buenos días, Busco saber si aprobaron mi solicitud de la encuesta del Sisbén en Bucaramanga.",VERIFICACION_ESTADO,synthetic:handwritten-templates-v1,true,not_applicable,,not_human_reviewed,VERIFICACION_ESTADO:08,la encuesta del Sisbén,Bucaramanga
syn-0904,"Buenas, Por favor, guíame para solicitar la renovación de la licencia de conducción en Manizales.",SOLICITUD_TRAMITE,synthetic:handwritten-templates-v1,true,not_applicable,,not_human_reviewed,SOLICITUD_TRAMITE:19,la renovación de la licencia de conducción,Manizales
syn-2310,"Buenos días, Busco atención presencial de la institución que lleval registro civil de nacimiento en Bogotá.",DERIVACION_ENTIDAD,synthetic:handwritten-templates-v1,true,not_applicable,,not_human_reviewed,DERIVACION_ENTIDAD:19,el registro civil de nacimiento,Bogotá
syn-0086,"Disculpa, Explícame los requisitos de la consulta de historia laboral en Pereira.",CONSULTA_INFORMATIVA,synthetic:handwritten-templates-v1,true,not_applicable,,not_human_reviewed,CONSULTA_INFORMATIVA:04,la consulta de historia laboral,Pereira
syn-1111,"Disculpa, Busco saber si aprobaron mi solicitud del certificado de antecedentes fiscales en Ibagué.",VERIFICACION_ESTADO,synthetic:handwritten-templates-v1,true,not_applicable,,not_human_reviewed,VERIFICACION_ESTADO:08,el certificado de antecedentes fiscales,Ibagué
syn-0752,"Buenos días, Necesito el enlace para iniciar el duplicado de la cédula desde Barranquilla.",SOLICITUD_TRAMITE,synthetic:handwritten-templates-v1,true,not_applicable,,not_human_reviewed,SOLICITUD_TRAMITE:13,el duplicado de la cédula,Barranquilla
syn-1963,"Por favor, Quiero contactar a la entidad encargada de la presentación de PQRS en Cali.",DERIVACION_ENTIDAD,synthetic:handwritten-templates-v1,true,not_applicable,,not_human_reviewed,DERIVACION_ENTIDAD:04,la presentación de PQRS,Cali
syn-1882,"Buenas, ¿me colaboras? ¿Qué entidad atiende la consulta de historia laboral en Pasto?",DERIVACION_ENTIDAD,synthetic:handwritten-templates-v1,true,not_applicable,,not_human_reviewed,DERIVACION_ENTIDAD:01,la consulta de historia laboral,Pasto
syn-1564,"Buenas tardes, Se borró la información mientras hacía la actualización del RUT en Manizales.",REPORTE_PROBLEMA,synthetic:handwritten-templates-v1,true,not_applicable,,not_human_reviewed,REPORTE_PROBLEMA:07,la actualización del RUT,Manizales
syn-1173,"Buenas, Hace unos días presenté el certificado de antecedentes fiscales en Ibagué; ¿en qué etapa va?",VERIFICACION_ESTADO,synthetic:handwritten-templates-v1,true,not_applicable,,not_human_reviewed,VERIFICACION_ESTADO:11,el certificado de antecedentes fiscales,Ibagué
syn-2185,"Buenas, ¿Me remites a la entidad que maneja la actualización del RUT en Cartagena?",DERIVACION_ENTIDAD,synthetic:handwritten-templates-v1,true,not_applicable,,not_human_reviewed,DERIVACION_ENTIDAD:14,la actualización del RUT,Cartagena
syn-1587,"Disculpa, El enlace de la consulta de historia laboral para Pereira está roto.",REPORTE_PROBLEMA,synthetic:handwritten-templates-v1,true,not_applicable,,not_human_reviewed,REPORTE_PROBLEMA:08,la consulta de historia laboral,Pereira
syn-2050,"Hola, Busco el contacto de la autoridad competente para la actualización del RUT en Cartagena.",DERIVACION_ENTIDAD,synthetic:handwritten-templates-v1,true,not_applicable,,not_human_reviewed,DERIVACION_ENTIDAD:08,la actualización del RUT,Cartagena
syn-1015,"Buenas, ¿Cómo hago seguimiento a mi solicitud existente de la encuesta del Sisbén en Bucaramanga?",VERIFICACION_ESTADO,synthetic:handwritten-templates-v1,true,not_applicable,,not_human_reviewed,VERIFICACION_ESTADO:04,la encuesta del Sisbén,Bucaramanga
syn-1986,"Buenos días, ¿Con qué institución hablo sobre la consulta de historia laboral en Pasto?",DERIVACION_ENTIDAD,synthetic:handwritten-templates-v1,true,not_applicable,,not_human_reviewed,DERIVACION_ENTIDAD:05,la consulta de historia laboral,Pasto
syn-0937,¿En qué estado está mi solicitud del pasaporte ordinario presentada en Bucaramanga?,VERIFICACION_ESTADO,synthetic:handwritten-templates-v1,true,not_applicable,,not_human_reviewed,VERIFICACION_ESTADO:01,el pasaporte ordinario,Bucaramanga
syn-0345,"Buenas, ¿me colaboras? ¿Qué datos pidel formulario del certificado de antecedentes fiscales en Ibagué?",CONSULTA_INFORMATIVA,synthetic:handwritten-templates-v1,true,not_applicable,,not_human_reviewed,CONSULTA_INFORMATIVA:15,el certificado de antecedentes fiscales,Ibagué
syn-1523,"Disculpa, No puedo adjuntar los documentos del certificado de antecedentes disciplinarios en Pasto; aparece un fallo.",REPORTE_PROBLEMA,synthetic:handwritten-templates-v1,true,not_applicable,,not_human_reviewed,REPORTE_PROBLEMA:06,el certificado de antecedentes disciplinarios,Pasto
syn-1102,Me haces el favor: Busco saber si aprobaron mi solicitud de la actualización del RUT en Manizales.,VERIFICACION_ESTADO,synthetic:handwritten-templates-v1,true,not_applicable,,not_human_reviewed,VERIFICACION_ESTADO:08,la actualización del RUT,Manizales
syn-0461,"Buenos días, Estoy averiguando cómo es la actualización del RUT en Manizales, todavía no voy a iniciarlo.",CONSULTA_INFORMATIVA,synthetic:handwritten-templates-v1,true,not_applicable,,not_human_reviewed,CONSULTA_INFORMATIVA:20,la actualización del RUT,Manizales
syn-0563,"Buenos días, Quisiera presentar una solicitud del certificado de antecedentes judiciales en Cúcuta.",SOLICITUD_TRAMITE,synthetic:handwritten-templates-v1,true,not_applicable,,not_human_reviewed,SOLICITUD_TRAMITE:05,el certificado de antecedentes judiciales,Cúcuta
syn-2094,Quiero hablar con un funcionario responsable del pasaporte ordinario en Cali.,DERIVACION_ENTIDAD,synthetic:handwritten-templates-v1,true,not_applicable,,not_human_reviewed,DERIVACION_ENTIDAD:10,el pasaporte ordinario,Cali
syn-0599,Una preguntica: Deseo comenzar el proceso del certificado de afiliación a salud en Villavicencio.,SOLICITUD_TRAMITE,synthetic:handwritten-templates-v1,true,not_applicable,,not_human_reviewed,SOLICITUD_TRAMITE:06,el certificado de afiliación a salud,Villavicencio
syn-0452,"Buenas tardes, Estoy averiguando cómo es la cédula digital en Medellín, todavía no voy a iniciarlo.",CONSULTA_INFORMATIVA,synthetic:handwritten-templates-v1,true,not_applicable,,not_human_reviewed,CONSULTA_INFORMATIVA:20,la cédula digital,Medellín
syn-0064,Me haces el favor: ¿Cuál es el plazo habitual de la actualización del RUT en Manizales?,CONSULTA_INFORMATIVA,synthetic:handwritten-templates-v1,true,not_applicable,,not_human_reviewed,CONSULTA_INFORMATIVA:03,la actualización del RUT,Manizales
syn-2018,"Hola, ¿Hay una sede que atienda consultas sobre la renovación de la licencia de conducción en Ibagué?",DERIVACION_ENTIDAD,synthetic:handwritten-templates-v1,true,not_applicable,,not_human_reviewed,DERIVACION_ENTIDAD:07,la renovación de la licencia de conducción,Ibagué
syn-1993,"Buenas, ¿me colaboras? Oriéntame hacial canal oficial de atención de la encuesta del Sisbén en Bucaramanga.",DERIVACION_ENTIDAD,synthetic:handwritten-templates-v1,true,not_applicable,,not_human_reviewed,DERIVACION_ENTIDAD:06,la encuesta del Sisbén,Bucaramanga
syn-1819,"Buenos días, No me deja ingresar a la plataforma de la actualización del RUT en Manizales.",REPORTE_PROBLEMA,synthetic:handwritten-templates-v1,true,not_applicable,,not_human_reviewed,REPORTE_PROBLEMA:18,la actualización del RUT,Manizales
syn-1001,Quiero consultar el avance del duplicado de la cédula que radiqué en Bogotá.,VERIFICACION_ESTADO,synthetic:handwritten-templates-v1,true,not_applicable,,not_human_reviewed,VERIFICACION_ESTADO:03,el duplicado de la cédula,Bogotá
syn-0910,"Una preguntica: Por favor, guíame para solicitar el pasaporte ordinario en Cali.",SOLICITUD_TRAMITE,synthetic:handwritten-templates-v1,true,not_applicable,,not_human_reviewed,SOLICITUD_TRAMITE:19,el pasaporte ordinario,Cali
syn-1455,"Disculpa, El sistema del duplicado de la cédula en Barranquilla se queda bloqueado.",REPORTE_PROBLEMA,synthetic:handwritten-templates-v1,true,not_applicable,,not_human_reviewed,REPORTE_PROBLEMA:03,el duplicado de la cédula,Barranquilla
syn-1651,"Buenas, El formulario de la inscripción del RUT en Barranquilla rechaza datos que son correctos.",REPORTE_PROBLEMA,synthetic:handwritten-templates-v1,true,not_applicable,,not_human_reviewed,REPORTE_PROBLEMA:11,la inscripción del RUT,Barranquilla
syn-1008,"Buenas tardes, ¿Cómo hago seguimiento a mi solicitud existente de la renovación de la licencia de conducción en Ibagué?",VERIFICACION_ESTADO,synthetic:handwritten-templates-v1,true,not_applicable,,not_human_reviewed,VERIFICACION_ESTADO:04,la renovación de la licencia de conducción,Ibagué
syn-1403,¿Hay novedades de mi trámite de la renovación de la licencia de conducción radicado en Ibagué?,VERIFICACION_ESTADO,synthetic:handwritten-templates-v1,true,not_applicable,,not_human_reviewed,VERIFICACION_ESTADO:20,la renovación de la licencia de conducción,Ibagué
syn-1991,Me haces el favor: Oriéntame hacial canal oficial de atención de la encuesta del Sisbén en Cúcuta.,DERIVACION_ENTIDAD,synthetic:handwritten-templates-v1,true,not_applicable,,not_human_reviewed,DERIVACION_ENTIDAD:06,la encuesta del Sisbén,Cúcuta
syn-2208,"Buenas, ¿Qué organismo puede atender mi consulta de la actualización del RUT en Cartagena?",DERIVACION_ENTIDAD,synthetic:handwritten-templates-v1,true,not_applicable,,not_human_reviewed,DERIVACION_ENTIDAD:15,la actualización del RUT,Cartagena
syn-1338,¿Cómo veo el resultado de mi solicitud registrada del pasaporte ordinario en Cali?,VERIFICACION_ESTADO,synthetic:handwritten-templates-v1,true,not_applicable,,not_human_reviewed,VERIFICACION_ESTADO:18,el pasaporte ordinario,Cali
syn-1036,Tengo un radicado de la cédula digital en Medellín y busco su estado.,VERIFICACION_ESTADO,synthetic:handwritten-templates-v1,true,not_applicable,,not_human_reviewed,VERIFICACION_ESTADO:05,la cédula digital,Medellín
syn-1151,"Buenas, Quiero saber si ya está listo el resultado de la actualización del RUT en Manizales.",VERIFICACION_ESTADO,synthetic:handwritten-templates-v1,true,not_applicable,,not_human_reviewed,VERIFICACION_ESTADO:10,la actualización del RUT,Manizales
syn-1932,"Buenos días, ¿Quién es el responsable institucional de la renovación de la licencia de conducción en Manizales?",DERIVACION_ENTIDAD,synthetic:handwritten-templates-v1,true,not_applicable,,not_human_reviewed,DERIVACION_ENTIDAD:03,la renovación de la licencia de conducción,Manizales
syn-0400,Me haces el favor: ¿Hay una guía para entender la consulta de historia laboral en Pereira?,CONSULTA_INFORMATIVA,synthetic:handwritten-templates-v1,true,not_applicable,,not_human_reviewed,CONSULTA_INFORMATIVA:18,la consulta de historia laboral,Pereira
syn-0280,"Hola, ¿Hay algún pago relacionado con la cédula digital en Cartagena?",CONSULTA_INFORMATIVA,synthetic:handwritten-templates-v1,true,not_applicable,,not_human_reviewed,CONSULTA_INFORMATIVA:12,la cédula digital,Cartagena
syn-0993,"Buenas, Quiero consultar el avance del certificado de antecedentes judiciales que radiqué en Villavicencio.",VERIFICACION_ESTADO,synthetic:handwritten-templates-v1,true,not_applicable,,not_human_reviewed,VERIFICACION_ESTADO:03,el certificado de antecedentes judiciales,Villavicencio
syn-1996,"Buenas, Oriéntame hacial canal oficial de atención de la cédula digital en Cartagena.",DERIVACION_ENTIDAD,synthetic:handwritten-templates-v1,true,not_applicable,,not_human_reviewed,DERIVACION_ENTIDAD:06,la cédula digital,Cartagena
syn-0736,"Hola, Voy a diligenciar la solicitud del certificado de antecedentes disciplinarios en Pasto.",SOLICITUD_TRAMITE,synthetic:handwritten-templates-v1,true,not_applicable,,not_human_reviewed,SOLICITUD_TRAMITE:12,el certificado de antecedentes disciplinarios,Pasto
syn-1921,"Por favor, ¿Quién es el responsable institucional de la cédula digital en Cartagena?",DERIVACION_ENTIDAD,synthetic:handwritten-templates-v1,true,not_applicable,,not_human_reviewed,DERIVACION_ENTIDAD:03,la cédula digital,Cartagena
syn-1269,Una preguntica: ¿Mi solicitud anterior de la actualización del RUT en Manizales continúa pendiente?,VERIFICACION_ESTADO,synthetic:handwritten-templates-v1,true,not_applicable,,not_human_reviewed,VERIFICACION_ESTADO:15,la actualización del RUT,Manizales
syn-2283,"Buenas, ¿me colaboras? ¿Existe una línea de atención oficial para la presentación de PQRS en Cali?",DERIVACION_ENTIDAD,synthetic:handwritten-templates-v1,true,not_applicable,,not_human_reviewed,DERIVACION_ENTIDAD:18,la presentación de PQRS,Cali
syn-2323,"Buenos días, ¿A quién le corresponde orientarme sobre la inscripción del RUT en Pereira?",DERIVACION_ENTIDAD,synthetic:handwritten-templates-v1,true,not_applicable,,not_human_reviewed,DERIVACION_ENTIDAD:20,la inscripción del RUT,Pereira
syn-1860,"Buenas, ¿me colaboras? Hay un problema: el portal de la cédula digital en Medellín no termina de procesar.",REPORTE_PROBLEMA,synthetic:handwritten-templates-v1,true,not_applicable,,not_human_reviewed,REPORTE_PROBLEMA:20,la cédula digital,Medellín
syn-0288,"Disculpa, Me explicas en palabras sencillas en qué consiste la cédula digital en Cartagena.",CONSULTA_INFORMATIVA,synthetic:handwritten-templates-v1,true,not_applicable,,not_human_reviewed,CONSULTA_INFORMATIVA:13,la cédula digital,Cartagena
syn-2151,"Buenas, ¿Cuál es el canal institucional para pedir orientación sobre la renovación de la licencia de conducción en Manizales?",DERIVACION_ENTIDAD,synthetic:handwritten-templates-v1,true,not_applicable,,not_human_reviewed,DERIVACION_ENTIDAD:12,la renovación de la licencia de conducción,Manizales
syn-1748,"Buenas, ¿me colaboras? Se cayó el portal cuando estaba con la presentación de PQRS en Cali.",REPORTE_PROBLEMA,synthetic:handwritten-templates-v1,true,not_applicable,,not_human_reviewed,REPORTE_PROBLEMA:15,la presentación de PQRS,Cali
syn-0342,"Disculpa, ¿Qué datos pidel formulario del duplicado de la cédula en Barranquilla?",CONSULTA_INFORMATIVA,synthetic:handwritten-templates-v1,true,not_applicable,,not_human_reviewed,CONSULTA_INFORMATIVA:15,el duplicado de la cédula,Barranquilla
syn-1856,"Buenas tardes, Hay un problema: el portal de la inscripción del RUT en Pereira no termina de procesar.",REPORTE_PROBLEMA,synthetic:handwritten-templates-v1,true,not_applicable,,not_human_reviewed,REPORTE_PROBLEMA:20,la inscripción del RUT,Pereira
syn-0355,"Me haces el favor: Vivo en Bucaramanga, ¿dónde leo los requisitos oficiales del pasaporte ordinario?",CONSULTA_INFORMATIVA,synthetic:handwritten-templates-v1,true,not_applicable,,not_human_reviewed,CONSULTA_INFORMATIVA:16,el pasaporte ordinario,Bucaramanga
syn-1785,"Buenas, Aparece un cobro repetido durante la renovación de la licencia de conducción en Manizales.",REPORTE_PROBLEMA,synthetic:handwritten-templates-v1,true,not_applicable,,not_human_reviewed,REPORTE_PROBLEMA:17,la renovación de la licencia de conducción,Manizales
syn-1543,"Disculpa, No puedo adjuntar los documentos de la actualización del RUT en Manizales; aparece un fallo.",REPORTE_PROBLEMA,synthetic:handwritten-templates-v1,true,not_applicable,,not_human_reviewed,REPORTE_PROBLEMA:06,la actualización del RUT,Manizales
syn-1101,"Buenas, ¿me colaboras? Presenté el duplicado de la cédula en Barranquilla, ¿sigue en revisión?",VERIFICACION_ESTADO,synthetic:handwritten-templates-v1,true,not_applicable,,not_human_reviewed,VERIFICACION_ESTADO:07,el duplicado de la cédula,Barranquilla
syn-1302,"Buenas, ¿me colaboras? Ya envié los documentos de la corrección del registro civil en Medellín; busco la respuesta.",VERIFICACION_ESTADO,synthetic:handwritten-templates-v1,true,not_applicable,,not_human_reviewed,VERIFICACION_ESTADO:16,la corrección del registro civil,Medellín
syn-0997,"Disculpa, Quiero consultar el avance de la consulta de historia laboral que radiqué en Pereira.",VERIFICACION_ESTADO,synthetic:handwritten-templates-v1,true,not_applicable,,not_human_reviewed,VERIFICACION_ESTADO:03,la consulta de historia laboral,Pereira
syn-1966,"Buenos días, ¿Con qué institución hablo sobre la presentación de PQRS en Cali?",DERIVACION_ENTIDAD,synthetic:handwritten-templates-v1,true,not_applicable,,not_human_reviewed,DERIVACION_ENTIDAD:05,la presentación de PQRS,Cali
syn-1721,"Buenos días, La pantalla de la renovación de la licencia de conducción en Ibagué queda en blanco.",REPORTE_PROBLEMA,synthetic:handwritten-templates-v1,true,not_applicable,,not_human_reviewed,REPORTE_PROBLEMA:14,la renovación de la licencia de conducción,Ibagué
syn-0786,"Disculpa, Quiero pasar de la información a la solicitud de la actualización del RUT en Cartagena.",SOLICITUD_TRAMITE,synthetic:handwritten-templates-v1,true,not_applicable,,not_human_reviewed,SOLICITUD_TRAMITE:14,la actualización del RUT,Cartagena
syn-1178,Me haces el favor: Hace unos días presenté el certificado de afiliación a salud en Villavicencio; ¿en qué etapa va?,VERIFICACION_ESTADO,synthetic:handwritten-templates-v1,true,not_applicable,,not_human_reviewed,VERIFICACION_ESTADO:11,el certificado de afiliación a salud,Villavicencio
syn-2240,"Hola, Quiero la dirección de la sede competente paral certificado de antecedentes judiciales en Villavicencio.",DERIVACION_ENTIDAD,synthetic:handwritten-templates-v1,true,not_applicable,,not_human_reviewed,DERIVACION_ENTIDAD:16,el certificado de antecedentes judiciales,Villavicencio
syn-1222,"Disculpa, Me dieron un comprobante de la corrección del registro civil en Medellín; quiero revisar la gestión.",VERIFICACION_ESTADO,synthetic:handwritten-templates-v1,true,not_applicable,,not_human_reviewed,VERIFICACION_ESTADO:13,la corrección del registro civil,Medellín
syn-1709,"Buenas tardes, El código de verificación de la consulta de historia laboral en Pasto no llega.",REPORTE_PROBLEMA,synthetic:handwritten-templates-v1,true,not_applicable,,not_human_reviewed,REPORTE_PROBLEMA:13,la consulta de historia laboral,Pasto
syn-1568,Me haces el favor: El enlace de la cédula digital para Medellín está roto.,REPORTE_PROBLEMA,synthetic:handwritten-templates-v1,true,not_applicable,,not_human_reviewed,REPORTE_PROBLEMA:08,la cédula digital,Medellín
syn-1047,"Hola, Tengo un radicado de la inscripción del RUT en Barranquilla y busco su estado.",VERIFICACION_ESTADO,synthetic:handwritten-templates-v1,true,not_applicable,,not_human_reviewed,VERIFICACION_ESTADO:05,la inscripción del RUT,Barranquilla
syn-0290,Una preguntica: Me explicas en palabras sencillas en qué consiste la encuesta del Sisbén en Bucaramanga.,CONSULTA_INFORMATIVA,synthetic:handwritten-templates-v1,true,not_applicable,,not_human_reviewed,CONSULTA_INFORMATIVA:13,la encuesta del Sisbén,Bucaramanga
syn-1421,"Disculpa, La página de la presentación de PQRS no carga cuando entro desde Cali.",REPORTE_PROBLEMA,synthetic:handwritten-templates-v1,true,not_applicable,,not_human_reviewed,REPORTE_PROBLEMA:01,la presentación de PQRS,Cali
syn-2022,"Buenas tardes, ¿Hay una sede que atienda consultas sobre la actualización del RUT en Manizales?",DERIVACION_ENTIDAD,synthetic:handwritten-templates-v1,true,not_applicable,,not_human_reviewed,DERIVACION_ENTIDAD:07,la actualización del RUT,Manizales
syn-0375,"Me haces el favor: Vivo en Medellín, ¿dónde leo los requisitos oficiales de la corrección del registro civil?",CONSULTA_INFORMATIVA,synthetic:handwritten-templates-v1,true,not_applicable,,not_human_reviewed,CONSULTA_INFORMATIVA:16,la corrección del registro civil,Medellín
syn-0240,"Por favor, Busco información general sobre la renovación de la licencia de conducción en Manizales.",CONSULTA_INFORMATIVA,synthetic:handwritten-templates-v1,true,not_applicable,,not_human_reviewed,CONSULTA_INFORMATIVA:11,la renovación de la licencia de conducción,Manizales
syn-0626,"Por favor, Me interesa realizar el duplicado de la cédula en Barranquilla ahora.",SOLICITUD_TRAMITE,synthetic:handwritten-templates-v1,true,not_applicable,,not_human_reviewed,SOLICITUD_TRAMITE:07,el duplicado de la cédula,Barranquilla
syn-0489,Quiero iniciar el duplicado de la cédula en Barranquilla.,SOLICITUD_TRAMITE,synthetic:handwritten-templates-v1,true,not_applicable,,not_human_reviewed,SOLICITUD_TRAMITE:01,el duplicado de la cédula,Barranquilla
syn-0242,"Buenas tardes, Busco información general sobre la actualización del RUT en Manizales.",CONSULTA_INFORMATIVA,synthetic:handwritten-templates-v1,true,not_applicable,,not_human_reviewed,CONSULTA_INFORMATIVA:11,la actualización del RUT,Manizales
syn-1570,"Buenas, ¿me colaboras? El enlace del certificado de afiliación a salud para Villavicencio está roto.",REPORTE_PROBLEMA,synthetic:handwritten-templates-v1,true,not_applicable,,not_human_reviewed,REPORTE_PROBLEMA:08,el certificado de afiliación a salud,Villavicencio
syn-0275,"Disculpa, ¿Hay algún pago relacionado con el certificado de antecedentes judiciales en Cúcuta?",CONSULTA_INFORMATIVA,synthetic:handwritten-templates-v1,true,not_applicable,,not_human_reviewed,CONSULTA_INFORMATIVA:12,el certificado de antecedentes judiciales,Cúcuta
syn-1377,"Disculpa, Tengo una gestión abierta de la cédula digital en Cartagena y quiero ver su avance.",VERIFICACION_ESTADO,synthetic:handwritten-templates-v1,true,not_applicable,,not_human_reviewed,VERIFICACION_ESTADO:19,la cédula digital,Cartagena
syn-1836,Una preguntica: La cita del certificado de antecedentes judiciales en Cúcuta desapareció del sistema.,REPORTE_PROBLEMA,synthetic:handwritten-templates-v1,true,not_applicable,,not_human_reviewed,REPORTE_PROBLEMA:19,el certificado de antecedentes judiciales,Cúcuta
syn-2299,"Por favor, Busco atención presencial de la institución que lleva la actualización del RUT en Manizales.",DERIVACION_ENTIDAD,synthetic:handwritten-templates-v1,true,not_applicable,,not_human_reviewed,DERIVACION_ENTIDAD:19,la actualización del RUT,Manizales
syn-1259,"Hola, ¿Han actualizado el estado de mi petición de la renovación de la licencia de conducción en Ibagué?",VERIFICACION_ESTADO,synthetic:handwritten-templates-v1,true,not_applicable,,not_human_reviewed,VERIFICACION_ESTADO:14,la renovación de la licencia de conducción,Ibagué
syn-0610,Me haces el favor: Me interesa realizar el certificado de antecedentes fiscales en Ibagué ahora.,SOLICITUD_TRAMITE,synthetic:handwritten-templates-v1,true,not_applicable,,not_human_reviewed,SOLICITUD_TRAMITE:07,el certificado de antecedentes fiscales,Ibagué
syn-1446,"Buenas, ¿me colaboras? Me sale un error al llenar el formulario de la inscripción del RUT en Pereira.",REPORTE_PROBLEMA,synthetic:handwritten-templates-v1,true,not_applicable,,not_human_reviewed,REPORTE_PROBLEMA:02,la inscripción del RUT,Pereira
syn-1380,"Buenas, ¿me colaboras? Tengo una gestión abierta de la cédula digital en Medellín y quiero ver su avance.",VERIFICACION_ESTADO,synthetic:handwritten-templates-v1,true,not_applicable,,not_human_reviewed,VERIFICACION_ESTADO:19,la cédula digital,Medellín
syn-0354,"Disculpa, Vivo en Villavicencio, ¿dónde leo los requisitos oficiales del certificado de antecedentes judiciales?",CONSULTA_INFORMATIVA,synthetic:handwritten-templates-v1,true,not_applicable,,not_human_reviewed,CONSULTA_INFORMATIVA:16,el certificado de antecedentes judiciales,Villavicencio
syn-1265,"Buenos días, ¿Mi solicitud anterior de la consulta de historia laboral en Pasto continúa pendiente?",VERIFICACION_ESTADO,synthetic:handwritten-templates-v1,true,not_applicable,,not_human_reviewed,VERIFICACION_ESTADO:15,la consulta de historia laboral,Pasto
syn-1577,"Disculpa, El enlace de la encuesta del Sisbén para Cúcuta está roto.",REPORTE_PROBLEMA,synthetic:handwritten-templates-v1,true,not_applicable,,not_human_reviewed,REPORTE_PROBLEMA:08,la encuesta del Sisbén,Cúcuta
syn-0721,"Buenas, ¿me colaboras? Es mi primera vez haciendo la renovación de la licencia de conducción en Manizales; quiero empezarlo.",SOLICITUD_TRAMITE,synthetic:handwritten-templates-v1,true,not_applicable,,not_human_reviewed,SOLICITUD_TRAMITE:11,la renovación de la licencia de conducción,Manizales
syn-0713,"Hola, Es mi primera vez haciendo el certificado de afiliación a salud en Villavicencio; quiero empezarlo.",SOLICITUD_TRAMITE,synthetic:handwritten-templates-v1,true,not_applicable,,not_human_reviewed,SOLICITUD_TRAMITE:11,el certificado de afiliación a salud,Villavicencio
syn-1576,"Buenas tardes, El enlace de la presentación de PQRS para Cali está roto.",REPORTE_PROBLEMA,synthetic:handwritten-templates-v1,true,not_applicable,,not_human_reviewed,REPORTE_PROBLEMA:08,la presentación de PQRS,Cali
syn-1953,"Por favor, Quiero contactar a la entidad encargada del duplicado de la cédula en Barranquilla.",DERIVACION_ENTIDAD,synthetic:handwritten-templates-v1,true,not_applicable,,not_human_reviewed,DERIVACION_ENTIDAD:04,el duplicado de la cédula,Barranquilla
syn-2089,"Buenas tardes, Quiero hablar con un funcionario responsable de la encuesta del Sisbén en Bucaramanga.",DERIVACION_ENTIDAD,synthetic:handwritten-templates-v1,true,not_applicable,,not_human_reviewed,DERIVACION_ENTIDAD:10,la encuesta del Sisbén,Bucaramanga
syn-1252,"Buenos días, ¿Han actualizado el estado de mi petición de la inscripción del RUT en Pereira?",VERIFICACION_ESTADO,synthetic:handwritten-templates-v1,true,not_applicable,,not_human_reviewed,VERIFICACION_ESTADO:14,la inscripción del RUT,Pereira
syn-0796,"Buenos días, Tengo los documentos listos y voy a empezar el certificado de antecedentes disciplinarios en Pasto.",SOLICITUD_TRAMITE,synthetic:handwritten-templates-v1,true,not_applicable,,not_human_reviewed,SOLICITUD_TRAMITE:15,el certificado de antecedentes disciplinarios,Pasto
syn-1847,"Buenas, ¿me colaboras? La cita del duplicado de la cédula en Barranquilla desapareció del sistema.",REPORTE_PROBLEMA,synthetic:handwritten-templates-v1,true,not_applicable,,not_human_reviewed,REPORTE_PROBLEMA:19,el duplicado de la cédula,Barranquilla
syn-0642,"Disculpa, Indícame cómo radicar una nueva solicitud del certificado de afiliación a salud en Villavicencio.",SOLICITUD_TRAMITE,synthetic:handwritten-templates-v1,true,not_applicable,,not_human_reviewed,SOLICITUD_TRAMITE:08,el certificado de afiliación a salud,Villavicencio
syn-1309,"Disculpa, Ya envié los documentos de la consulta de historia laboral en Pereira; busco la respuesta.",VERIFICACION_ESTADO,synthetic:handwritten-templates-v1,true,not_applicable,,not_human_reviewed,VERIFICACION_ESTADO:16,la consulta de historia laboral,Pereira
syn-1081,"Buenas, ¿me colaboras? Presenté la presentación de PQRS en Cali, ¿sigue en revisión?",VERIFICACION_ESTADO,synthetic:handwritten-templates-v1,true,not_applicable,,not_human_reviewed,VERIFICACION_ESTADO:07,la presentación de PQRS,Cali
syn-2191,Una preguntica: ¿Me remites a la entidad que maneja la cédula digital en Cartagena?,DERIVACION_ENTIDAD,synthetic:handwritten-templates-v1,true,not_applicable,,not_human_reviewed,DERIVACION_ENTIDAD:14,la cédula digital,Cartagena
syn-1374,"Por favor, Tengo una gestión abierta del pasaporte ordinario en Cali y quiero ver su avance.",VERIFICACION_ESTADO,synthetic:handwritten-templates-v1,true,not_applicable,,not_human_reviewed,VERIFICACION_ESTADO:19,el pasaporte ordinario,Cali
syn-0538,"Por favor, Necesito hacer el certificado de antecedentes disciplinarios en Pasto, ¿cómo empiezo?",SOLICITUD_TRAMITE,synthetic:handwritten-templates-v1,true,not_applicable,,not_human_reviewed,SOLICITUD_TRAMITE:03,el certificado de antecedentes disciplinarios,Pasto
syn-1755,"Disculpa, Se cayó el portal cuando estaba con la cédula digital en Medellín.",REPORTE_PROBLEMA,synthetic:handwritten-templates-v1,true,not_applicable,,not_human_reviewed,REPORTE_PROBLEMA:15,la cédula digital,Medellín
syn-1802,Me haces el favor: No me deja ingresar a la plataforma del certificado de antecedentes judiciales en Villavicencio.,REPORTE_PROBLEMA,synthetic:handwritten-templates-v1,true,not_applicable,,not_human_reviewed,REPORTE_PROBLEMA:18,el certificado de antecedentes judiciales,Villavicencio
syn-2104,Quiero hablar con un funcionario responsable de la encuesta del Sisbén en Cúcuta.,DERIVACION_ENTIDAD,synthetic:handwritten-templates-v1,true,not_applicable,,not_human_reviewed,DERIVACION_ENTIDAD:10,la encuesta del Sisbén,Cúcuta
syn-1762,"Hola, El comprobante de la inscripción del RUT en Barranquilla no se puede descargar.",REPORTE_PROBLEMA,synthetic:handwritten-templates-v1,true,not_applicable,,not_human_reviewed,REPORTE_PROBLEMA:16,la inscripción del RUT,Barranquilla
syn-0750,"Buenas, Necesito el enlace para iniciar la encuesta del Sisbén desde Cúcuta.",SOLICITUD_TRAMITE,synthetic:handwritten-templates-v1,true,not_applicable,,not_human_reviewed,SOLICITUD_TRAMITE:13,la encuesta del Sisbén,Cúcuta
syn-0383,"Por favor, ¿Cuáles son las etapas del duplicado de la cédula para alguien de Bogotá?",CONSULTA_INFORMATIVA,synthetic:handwritten-templates-v1,true,not_applicable,,not_human_reviewed,CONSULTA_INFORMATIVA:17,el duplicado de la cédula,Bogotá
syn-2257,"Disculpa, ¿Cómo contacto al área de atención ciudadana de la encuesta del Sisbén en Bucaramanga?",DERIVACION_ENTIDAD,synthetic:handwritten-templates-v1,true,not_applicable,,not_human_reviewed,DERIVACION_ENTIDAD:17,la encuesta del Sisbén,Bucaramanga
syn-0209,Me haces el favor: ¿Qué edad mínima se exige para la consulta de historia laboral en Pereira?,CONSULTA_INFORMATIVA,synthetic:handwritten-templates-v1,true,not_applicable,,not_human_reviewed,CONSULTA_INFORMATIVA:09,la consulta de historia laboral,Pereira
syn-1183,"Buenas, Hace unos días presenté la renovación de la licencia de conducción en Manizales; ¿en qué etapa va?",VERIFICACION_ESTADO,synthetic:handwritten-templates-v1,true,not_applicable,,not_human_reviewed,VERIFICACION_ESTADO:11,la renovación de la licencia de conducción,Manizales
syn-0129,"Buenos días, ¿Hace falta una cita paral duplicado de la cédula en Barranquilla?",CONSULTA_INFORMATIVA,synthetic:handwritten-templates-v1,true,not_applicable,,not_human_reviewed,CONSULTA_INFORMATIVA:06,el duplicado de la cédula,Barranquilla
syn-1442,"Buenas tardes, Me sale un error al llenar el formulario del certificado de antecedentes disciplinarios en Pasto.",REPORTE_PROBLEMA,synthetic:handwritten-templates-v1,true,not_applicable,,not_human_reviewed,REPORTE_PROBLEMA:02,el certificado de antecedentes disciplinarios,Pasto
syn-1951,"Hola, Quiero contactar a la entidad encargada de la cédula digital en Cartagena.",DERIVACION_ENTIDAD,synthetic:handwritten-templates-v1,true,not_applicable,,not_human_reviewed,DERIVACION_ENTIDAD:04,la cédula digital,Cartagena
syn-0571,"Buenas, Quisiera presentar una solicitud de la consulta de historia laboral en Pasto.",SOLICITUD_TRAMITE,synthetic:handwritten-templates-v1,true,not_applicable,,not_human_reviewed,SOLICITUD_TRAMITE:05,la consulta de historia laboral,Pasto
syn-0422,"Buenas, ¿me colaboras? ¿Hay una guía para entender el duplicado de la cédula en Barranquilla?",CONSULTA_INFORMATIVA,synthetic:handwritten-templates-v1,true,not_applicable,,not_human_reviewed,CONSULTA_INFORMATIVA:18,el duplicado de la cédula,Barranquilla
syn-0440,"Buenas tardes, ¿Debo presentar originales o copias paral certificado de antecedentes judiciales en Villavicencio?",CONSULTA_INFORMATIVA,synthetic:handwritten-templates-v1,true,not_applicable,,not_human_reviewed,CONSULTA_INFORMATIVA:19,el certificado de antecedentes judiciales,Villavicencio
syn-1444,Me haces el favor: Me sale un error al llenar el formulario de la consulta de historia laboral en Pasto.,REPORTE_PROBLEMA,synthetic:handwritten-templates-v1,true,not_applicable,,not_human_reviewed,REPORTE_PROBLEMA:02,la consulta de historia laboral,Pasto
syn-0010,"Buenas, ¿me colaboras? ¿Qué documentos piden para la inscripción del RUT en Barranquilla?",CONSULTA_INFORMATIVA,synthetic:handwritten-templates-v1,true,not_applicable,,not_human_reviewed,CONSULTA_INFORMATIVA:01,la inscripción del RUT,Barranquilla
syn-1937,"Buenas, ¿me colaboras? ¿Quién es el responsable institucional del certificado de antecedentes fiscales en Ibagué?",DERIVACION_ENTIDAD,synthetic:handwritten-templates-v1,true,not_applicable,,not_human_reviewed,DERIVACION_ENTIDAD:03,el certificado de antecedentes fiscales,Ibagué
syn-0880,"Hola, Ya decidí hacer la inscripción del RUT en Barranquilla; orienta mi solicitud.",SOLICITUD_TRAMITE,synthetic:handwritten-templates-v1,true,not_applicable,,not_human_reviewed,SOLICITUD_TRAMITE:18,la inscripción del RUT,Barranquilla
syn-2331,"Buenas, ¿A quién le corresponde orientarme sobre la presentación de PQRS en Cali?",DERIVACION_ENTIDAD,synthetic:handwritten-templates-v1,true,not_applicable,,not_human_reviewed,DERIVACION_ENTIDAD:20,la presentación de PQRS,Cali
syn-0921,"Disculpa, Estoy listo para tramitar la cédula digital en Medellín, ¿cuál es el paso inicial?",SOLICITUD_TRAMITE,synthetic:handwritten-templates-v1,true,not_applicable,,not_human_reviewed,SOLICITUD_TRAMITE:20,la cédula digital,Medellín
syn-0405,"Buenas, ¿Hay una guía para entender el pasaporte ordinario en Bucaramanga?",CONSULTA_INFORMATIVA,synthetic:handwritten-templates-v1,true,not_applicable,,not_human_reviewed,CONSULTA_INFORMATIVA:18,el pasaporte ordinario,Bucaramanga
syn-1912,"Disculpa, ¿A cuál oficina debo dirigirme por la consulta de historia laboral en Pereira?",DERIVACION_ENTIDAD,synthetic:handwritten-templates-v1,true,not_applicable,,not_human_reviewed,DERIVACION_ENTIDAD:02,la consulta de historia laboral,Pereira
syn-1511,Me haces el favor: El botón para continuar con la encuesta del Sisbén en Bucaramanga no funciona.,REPORTE_PROBLEMA,synthetic:handwritten-templates-v1,true,not_applicable,,not_human_reviewed,REPORTE_PROBLEMA:05,la encuesta del Sisbén,Bucaramanga
syn-0060,"Por favor, ¿Cuál es el plazo habitual del certificado de antecedentes fiscales en Ibagué?",CONSULTA_INFORMATIVA,synthetic:handwritten-templates-v1,true,not_applicable,,not_human_reviewed,CONSULTA_INFORMATIVA:03,el certificado de antecedentes fiscales,Ibagué
syn-1797,"Buenos días, Aparece un cobro repetido durante la consulta de historia laboral en Pereira.",REPORTE_PROBLEMA,synthetic:handwritten-templates-v1,true,not_applicable,,not_human_reviewed,REPORTE_PROBLEMA:17,la consulta de historia laboral,Pereira
syn-0886,Me haces el favor: Ya decidí hacer el pasaporte ordinario en Bucaramanga; orienta mi solicitud.,SOLICITUD_TRAMITE,synthetic:handwritten-templates-v1,true,not_applicable,,not_human_reviewed,SOLICITUD_TRAMITE:18,el pasaporte ordinario,Bucaramanga
syn-1695,"Hola, El código de verificación del registro civil de nacimiento en Bogotá no llega.",REPORTE_PROBLEMA,synthetic:handwritten-templates-v1,true,not_applicable,,not_human_reviewed,REPORTE_PROBLEMA:13,el registro civil de nacimiento,Bogotá
syn-2102,Una preguntica: Quiero hablar con un funcionario responsable del pasaporte ordinario en Bucaramanga.,DERIVACION_ENTIDAD,synthetic:handwritten-templates-v1,true,not_applicable,,not_human_reviewed,DERIVACION_ENTIDAD:10,el pasaporte ordinario,Bucaramanga
syn-0382,"Buenas, ¿Cuáles son las etapas de la corrección del registro civil para alguien de Medellín?",CONSULTA_INFORMATIVA,synthetic:handwritten-templates-v1,true,not_applicable,,not_human_reviewed,CONSULTA_INFORMATIVA:17,la corrección del registro civil,Medellín
syn-0378,Una preguntica: ¿Cuáles son las etapas del certificado de antecedentes judiciales para alguien de Cúcuta?,CONSULTA_INFORMATIVA,synthetic:handwritten-templates-v1,true,not_applicable,,not_human_reviewed,CONSULTA_INFORMATIVA:17,el certificado de antecedentes judiciales,Cúcuta
syn-1290,Me haces el favor: Ya envié los documentos de la renovación de la licencia de conducción en Ibagué; busco la respuesta.,VERIFICACION_ESTADO,synthetic:handwritten-templates-v1,true,not_applicable,,not_human_reviewed,VERIFICACION_ESTADO:16,la renovación de la licencia de conducción,Ibagué
syn-0830,"Disculpa, Quiero abrir una gestión nueva de la actualización del RUT en Manizales.",SOLICITUD_TRAMITE,synthetic:handwritten-templates-v1,true,not_applicable,,not_human_reviewed,SOLICITUD_TRAMITE:16,la actualización del RUT,Manizales
syn-0475,"Disculpa, Quiero iniciar la renovación de la licencia de conducción en Ibagué.",SOLICITUD_TRAMITE,synthetic:handwritten-templates-v1,true,not_applicable,,not_human_reviewed,SOLICITUD_TRAMITE:01,la renovación de la licencia de conducción,Ibagué
syn-0947,¿En qué estado está mi solicitud de la inscripción del RUT presentada en Pereira?,VERIFICACION_ESTADO,synthetic:handwritten-templates-v1,true,not_applicable,,not_human_reviewed,VERIFICACION_ESTADO:01,la inscripción del RUT,Pereira
syn-0874,"Buenas tardes, Ya decidí hacer el certificado de antecedentes judiciales en Cúcuta; orienta mi solicitud.",SOLICITUD_TRAMITE,synthetic:handwritten-templates-v1,true,not_applicable,,not_human_reviewed,SOLICITUD_TRAMITE:18,el certificado de antecedentes judiciales,Cúcuta
syn-1147,¿Puedo revisar el progreso del certificado de antecedentes judiciales que entregué en Villavicencio?,VERIFICACION_ESTADO,synthetic:handwritten-templates-v1,true,not_applicable,,not_human_reviewed,VERIFICACION_ESTADO:09,el certificado de antecedentes judiciales,Villavicencio
syn-0678,Quiero agendar el inicio del certificado de antecedentes judiciales en Villavicencio.,SOLICITUD_TRAMITE,synthetic:handwritten-templates-v1,true,not_applicable,,not_human_reviewed,SOLICITUD_TRAMITE:09,el certificado de antecedentes judiciales,Villavicencio
syn-0328,"Buenos días, ¿Las condiciones del certificado de afiliación a salud son las mismas para todos en Villavicencio?",CONSULTA_INFORMATIVA,synthetic:handwritten-templates-v1,true,not_applicable,,not_human_reviewed,CONSULTA_INFORMATIVA:14,el certificado de afiliación a salud,Villavicencio
syn-1131,"Buenos días, ¿Puedo revisar el progreso de la renovación de la licencia de conducción que entregué en Ibagué?",VERIFICACION_ESTADO,synthetic:handwritten-templates-v1,true,not_applicable,,not_human_reviewed,VERIFICACION_ESTADO:09,la renovación de la licencia de conducción,Ibagué
syn-0358,"Vivo en Pasto, ¿dónde leo los requisitos oficiales del certificado de antecedentes disciplinarios?",CONSULTA_INFORMATIVA,synthetic:handwritten-templates-v1,true,not_applicable,,not_human_reviewed,CONSULTA_INFORMATIVA:16,el certificado de antecedentes disciplinarios,Pasto
syn-1057,Una preguntica: ¿Ya respondieron mi petición de la encuesta del Sisbén en Cúcuta?,VERIFICACION_ESTADO,synthetic:handwritten-templates-v1,true,not_applicable,,not_human_reviewed,VERIFICACION_ESTADO:06,la encuesta del Sisbén,Cúcuta
syn-0500,Una preguntica: Ayúdame a tramitar el pasaporte ordinario desde Bucaramanga.,SOLICITUD_TRAMITE,synthetic:handwritten-templates-v1,true,not_applicable,,not_human_reviewed,SOLICITUD_TRAMITE:02,el pasaporte ordinario,Bucaramanga
syn-1517,"Por favor, El botón para continuar con la cédula digital en Cartagena no funciona.",REPORTE_PROBLEMA,synthetic:handwritten-templates-v1,true,not_applicable,,not_human_reviewed,REPORTE_PROBLEMA:05,la cédula digital,Cartagena
syn-0337,"Hola, ¿Qué datos pidel formulario del certificado de antecedentes judiciales en Villavicencio?",CONSULTA_INFORMATIVA,synthetic:handwritten-templates-v1,true,not_applicable,,not_human_reviewed,CONSULTA_INFORMATIVA:15,el certificado de antecedentes judiciales,Villavicencio
syn-1936,Una preguntica: ¿Quién es el responsable institucional de la renovación de la licencia de conducción en Ibagué?,DERIVACION_ENTIDAD,synthetic:handwritten-templates-v1,true,not_applicable,,not_human_reviewed,DERIVACION_ENTIDAD:03,la renovación de la licencia de conducción,Ibagué
syn-1698,"Buenos días, El código de verificación de la inscripción del RUT en Pereira no llega.",REPORTE_PROBLEMA,synthetic:handwritten-templates-v1,true,not_applicable,,not_human_reviewed,REPORTE_PROBLEMA:13,la inscripción del RUT,Pereira
syn-1328,"Buenas, Necesito consultar si finalizaron la corrección del registro civil que inicié en Medellín.",VERIFICACION_ESTADO,synthetic:handwritten-templates-v1,true,not_applicable,,not_human_reviewed,VERIFICACION_ESTADO:17,la corrección del registro civil,Medellín
syn-1644,"Buenas tardes, El formulario de la corrección del registro civil en Medellín rechaza datos que son correctos.",REPORTE_PROBLEMA,synthetic:handwritten-templates-v1,true,not_applicable,,not_human_reviewed,REPORTE_PROBLEMA:11,la corrección del registro civil,Medellín
syn-2312,"Disculpa, Busco atención presencial de la institución que lleval certificado de antecedentes judiciales en Cúcuta.",DERIVACION_ENTIDAD,synthetic:handwritten-templates-v1,true,not_applicable,,not_human_reviewed,DERIVACION_ENTIDAD:19,el certificado de antecedentes judiciales,Cúcuta
syn-0236,"Hola, ¿Qué comprobantes debo llevar para la cédula digital en Cartagena?",CONSULTA_INFORMATIVA,synthetic:handwritten-templates-v1,true,not_applicable,,not_human_reviewed,CONSULTA_INFORMATIVA:10,la cédula digital,Cartagena
syn-1456,Me haces el favor: El sistema de la renovación de la licencia de conducción en Ibagué se queda bloqueado.,REPORTE_PROBLEMA,synthetic:handwritten-templates-v1,true,not_applicable,,not_human_reviewed,REPORTE_PROBLEMA:03,la renovación de la licencia de conducción,Ibagué
syn-0092,"Buenas, Explícame los requisitos del pasaporte ordinario en Cali.",CONSULTA_INFORMATIVA,synthetic:handwritten-templates-v1,true,not_applicable,,not_human_reviewed,CONSULTA_INFORMATIVA:04,el pasaporte ordinario,Cali
syn-2014,Me haces el favor: ¿Hay una sede que atienda consultas sobre el pasaporte ordinario en Bucaramanga?,DERIVACION_ENTIDAD,synthetic:handwritten-templates-v1,true,not_applicable,,not_human_reviewed,DERIVACION_ENTIDAD:07,el pasaporte ordinario,Bucaramanga
syn-2194,"Hola, ¿Me remites a la entidad que maneja la presentación de PQRS en Cali?",DERIVACION_ENTIDAD,synthetic:handwritten-templates-v1,true,not_applicable,,not_human_reviewed,DERIVACION_ENTIDAD:14,la presentación de PQRS,Cali
syn-1771,El comprobante del duplicado de la cédula en Barranquilla no se puede descargar.,REPORTE_PROBLEMA,synthetic:handwritten-templates-v1,true,not_applicable,,not_human_reviewed,REPORTE_PROBLEMA:16,el duplicado de la cédula,Barranquilla
syn-0927,"Buenas, Estoy listo para tramitar la actualización del RUT en Cartagena, ¿cuál es el paso inicial?",SOLICITUD_TRAMITE,synthetic:handwritten-templates-v1,true,not_applicable,,not_human_reviewed,SOLICITUD_TRAMITE:20,la actualización del RUT,Cartagena
syn-1427,"Buenas, La página del certificado de antecedentes judiciales no carga cuando entro desde Villavicencio.",REPORTE_PROBLEMA,synthetic:handwritten-templates-v1,true,not_applicable,,not_human_reviewed,REPORTE_PROBLEMA:01,el certificado de antecedentes judiciales,Villavicencio
syn-1479,Una preguntica: Intenté pagar la encuesta del Sisbén en Cúcuta y el portal rechazó la operación.,REPORTE_PROBLEMA,synthetic:handwritten-templates-v1,true,not_applicable,,not_human_reviewed,REPORTE_PROBLEMA:04,la encuesta del Sisbén,Cúcuta
syn-1741,"Buenas, Se cayó el portal cuando estaba con el pasaporte ordinario en Bucaramanga.",REPORTE_PROBLEMA,synthetic:handwritten-templates-v1,true,not_applicable,,not_human_reviewed,REPORTE_PROBLEMA:15,el pasaporte ordinario,Bucaramanga
syn-2192,"Buenas, ¿me colaboras? ¿Me remites a la entidad que maneja la renovación de la licencia de conducción en Manizales?",DERIVACION_ENTIDAD,synthetic:handwritten-templates-v1,true,not_applicable,,not_human_reviewed,DERIVACION_ENTIDAD:14,la renovación de la licencia de conducción,Manizales
syn-0976,"Me haces el favor: Ya hice la encuesta del Sisbén en Cúcuta, ¿cómo va la gestión?",VERIFICACION_ESTADO,synthetic:handwritten-templates-v1,true,not_applicable,,not_human_reviewed,VERIFICACION_ESTADO:02,la encuesta del Sisbén,Cúcuta
syn-1646,Me haces el favor: El formulario del certificado de afiliación a salud en Villavicencio rechaza datos que son correctos.,REPORTE_PROBLEMA,synthetic:handwritten-templates-v1,true,not_applicable,,not_human_reviewed,REPORTE_PROBLEMA:11,el certificado de afiliación a salud,Villavicencio
syn-0990,"Buenas, ¿me colaboras? Quiero consultar el avance de la corrección del registro civil que radiqué en Medellín.",VERIFICACION_ESTADO,synthetic:handwritten-templates-v1,true,not_applicable,,not_human_reviewed,VERIFICACION_ESTADO:03,la corrección del registro civil,Medellín
syn-1831,"Por favor, La cita del certificado de antecedentes fiscales en Ibagué desapareció del sistema.",REPORTE_PROBLEMA,synthetic:handwritten-templates-v1,true,not_applicable,,not_human_reviewed,REPORTE_PROBLEMA:19,el certificado de antecedentes fiscales,Ibagué
syn-0424,"Buenas, ¿me colaboras? ¿Debo presentar originales o copias para la cédula digital en Medellín?",CONSULTA_INFORMATIVA,synthetic:handwritten-templates-v1,true,not_applicable,,not_human_reviewed,CONSULTA_INFORMATIVA:19,la cédula digital,Medellín
syn-1845,Me haces el favor: La cita del pasaporte ordinario en Cali desapareció del sistema.,REPORTE_PROBLEMA,synthetic:handwritten-templates-v1,true,not_applicable,,not_human_reviewed,REPORTE_PROBLEMA:19,el pasaporte ordinario,Cali
syn-0933,"Una preguntica: Estoy listo para tramitar el certificado de antecedentes disciplinarios en Pasto, ¿cuál es el paso inicial?",SOLICITUD_TRAMITE,synthetic:handwritten-templates-v1,true,not_applicable,,not_human_reviewed,SOLICITUD_TRAMITE:20,el certificado de antecedentes disciplinarios,Pasto
syn-0703,"Hola, Es mi primera vez haciendo la presentación de PQRS en Cali; quiero empezarlo.",SOLICITUD_TRAMITE,synthetic:handwritten-templates-v1,true,not_applicable,,not_human_reviewed,SOLICITUD_TRAMITE:11,la presentación de PQRS,Cali
syn-0639,"Por favor, Indícame cómo radicar una nueva solicitud del pasaporte ordinario en Cali.",SOLICITUD_TRAMITE,synthetic:handwritten-templates-v1,true,not_applicable,,not_human_reviewed,SOLICITUD_TRAMITE:08,el pasaporte ordinario,Cali
syn-0714,"Buenas, Es mi primera vez haciendo el certificado de antecedentes disciplinarios en Pasto; quiero empezarlo.",SOLICITUD_TRAMITE,synthetic:handwritten-templates-v1,true,not_applicable,,not_human_reviewed,SOLICITUD_TRAMITE:11,el certificado de antecedentes disciplinarios,Pasto
syn-0291,"Buenas, ¿me colaboras? Me explicas en palabras sencillas en qué consiste la renovación de la licencia de conducción en Ibagué.",CONSULTA_INFORMATIVA,synthetic:handwritten-templates-v1,true,not_applicable,,not_human_reviewed,CONSULTA_INFORMATIVA:13,la renovación de la licencia de conducción,Ibagué
syn-1496,"Buenas tardes, Intenté pagar el certificado de afiliación a salud en Villavicencio y el portal rechazó la operación.",REPORTE_PROBLEMA,synthetic:handwritten-templates-v1,true,not_applicable,,not_human_reviewed,REPORTE_PROBLEMA:04,el certificado de afiliación a salud,Villavicencio
syn-0238,"Hola, Busco información general sobre el certificado de antecedentes fiscales en Ibagué.",CONSULTA_INFORMATIVA,synthetic:handwritten-templates-v1,true,not_applicable,,not_human_reviewed,CONSULTA_INFORMATIVA:11,el certificado de antecedentes fiscales,Ibagué
syn-1891,Una preguntica: ¿Qué entidad atiende la inscripción del RUT en Pereira?,DERIVACION_ENTIDAD,synthetic:handwritten-templates-v1,true,not_applicable,,not_human_reviewed,DERIVACION_ENTIDAD:01,la inscripción del RUT,Pereira
syn-0852,"Disculpa, Busco comenzar la cédula digital por el canal oficial de Cartagena.",SOLICITUD_TRAMITE,synthetic:handwritten-templates-v1,true,not_applicable,,not_human_reviewed,SOLICITUD_TRAMITE:17,la cédula digital,Cartagena
syn-0606,"Buenas tardes, Deseo comenzar el proceso del certificado de antecedentes fiscales en Ibagué.",SOLICITUD_TRAMITE,synthetic:handwritten-templates-v1,true,not_applicable,,not_human_reviewed,SOLICITUD_TRAMITE:06,el certificado de antecedentes fiscales,Ibagué
syn-0215,¿Qué comprobantes debo llevar para la actualización del RUT en Cartagena?,CONSULTA_INFORMATIVA,synthetic:handwritten-templates-v1,true,not_applicable,,not_human_reviewed,CONSULTA_INFORMATIVA:10,la actualización del RUT,Cartagena
syn-0989,Una preguntica: Quiero consultar el avance del certificado de antecedentes judiciales que radiqué en Cúcuta.,VERIFICACION_ESTADO,synthetic:handwritten-templates-v1,true,not_applicable,,not_human_reviewed,VERIFICACION_ESTADO:03,el certificado de antecedentes judiciales,Cúcuta
syn-0051,"Buenos días, ¿Cuál es el plazo habitual de la cédula digital en Medellín?",CONSULTA_INFORMATIVA,synthetic:handwritten-templates-v1,true,not_applicable,,not_human_reviewed,CONSULTA_INFORMATIVA:03,la cédula digital,Medellín
syn-0707,"Buenas tardes, Es mi primera vez haciendo la cédula digital en Cartagena; quiero empezarlo.",SOLICITUD_TRAMITE,synthetic:handwritten-templates-v1,true,not_applicable,,not_human_reviewed,SOLICITUD_TRAMITE:11,la cédula digital,Cartagena
syn-0309,"Buenas tardes, ¿Las condiciones de la inscripción del RUT son las mismas para todos en Pereira?",CONSULTA_INFORMATIVA,synthetic:handwritten-templates-v1,true,not_applicable,,not_human_reviewed,CONSULTA_INFORMATIVA:14,la inscripción del RUT,Pereira
syn-1025,"Buenas, ¿Cómo hago seguimiento a mi solicitud existente del pasaporte ordinario en Bucaramanga?",VERIFICACION_ESTADO,synthetic:handwritten-templates-v1,true,not_applicable,,not_human_reviewed,VERIFICACION_ESTADO:04,el pasaporte ordinario,Bucaramanga
syn-1415,La página de la actualización del RUT no carga cuando entro desde Cartagena.,REPORTE_PROBLEMA,synthetic:handwritten-templates-v1,true,not_applicable,,not_human_reviewed,REPORTE_PROBLEMA:01,la actualización del RUT,Cartagena
syn-1206,"Buenas, ¿Dónde miro la respuesta a mi radicación de la encuesta del Sisbén en Bucaramanga?",VERIFICACION_ESTADO,synthetic:handwritten-templates-v1,true,not_applicable,,not_human_reviewed,VERIFICACION_ESTADO:12,la encuesta del Sisbén,Bucaramanga
syn-1392,"Buenas, ¿me colaboras? ¿Hay novedades de mi trámite de la encuesta del Sisbén radicado en Bucaramanga?",VERIFICACION_ESTADO,synthetic:handwritten-templates-v1,true,not_applicable,,not_human_reviewed,VERIFICACION_ESTADO:20,la encuesta del Sisbén,Bucaramanga
syn-1890,Me haces el favor: ¿Qué entidad atiendel certificado de antecedentes disciplinarios en Pasto?,DERIVACION_ENTIDAD,synthetic:handwritten-templates-v1,true,not_applicable,,not_human_reviewed,DERIVACION_ENTIDAD:01,el certificado de antecedentes disciplinarios,Pasto
syn-0949,"Buenas, ¿En qué estado está mi solicitud del certificado de antecedentes judiciales presentada en Villavicencio?",VERIFICACION_ESTADO,synthetic:handwritten-templates-v1,true,not_applicable,,not_human_reviewed,VERIFICACION_ESTADO:01,el certificado de antecedentes judiciales,Villavicencio
syn-0802,Tengo los documentos listos y voy a empezar la inscripción del RUT en Pereira.,SOLICITUD_TRAMITE,synthetic:handwritten-templates-v1,true,not_applicable,,not_human_reviewed,SOLICITUD_TRAMITE:15,la inscripción del RUT,Pereira
syn-0767,"Buenas, ¿me colaboras? Necesito el enlace para iniciar la corrección del registro civil desde Medellín.",SOLICITUD_TRAMITE,synthetic:handwritten-templates-v1,true,not_applicable,,not_human_reviewed,SOLICITUD_TRAMITE:13,la corrección del registro civil,Medellín
syn-2242,"Por favor, Quiero la dirección de la sede competente para la consulta de historia laboral en Pereira.",DERIVACION_ENTIDAD,synthetic:handwritten-templates-v1,true,not_applicable,,not_human_reviewed,DERIVACION_ENTIDAD:16,la consulta de historia laboral,Pereira
syn-0453,"Disculpa, Estoy averiguando cómo es la renovación de la licencia de conducción en Ibagué, todavía no voy a iniciarlo.",CONSULTA_INFORMATIVA,synthetic:handwritten-templates-v1,true,not_applicable,,not_human_reviewed,CONSULTA_INFORMATIVA:20,la renovación de la licencia de conducción,Ibagué
syn-1179,Una preguntica: Hace unos días presenté el certificado de antecedentes judiciales en Cúcuta; ¿en qué etapa va?,VERIFICACION_ESTADO,synthetic:handwritten-templates-v1,true,not_applicable,,not_human_reviewed,VERIFICACION_ESTADO:11,el certificado de antecedentes judiciales,Cúcuta
syn-1409,"Buenos días, La página de la encuesta del Sisbén no carga cuando entro desde Cúcuta.",REPORTE_PROBLEMA,synthetic:handwritten-templates-v1,true,not_applicable,,not_human_reviewed,REPORTE_PROBLEMA:01,la encuesta del Sisbén,Cúcuta
syn-1189,Una preguntica: Hace unos días presenté el duplicado de la cédula en Barranquilla; ¿en qué etapa va?,VERIFICACION_ESTADO,synthetic:handwritten-templates-v1,true,not_applicable,,not_human_reviewed,VERIFICACION_ESTADO:11,el duplicado de la cédula,Barranquilla
syn-1143,"Disculpa, ¿Puedo revisar el progreso del pasaporte ordinario que entregué en Cali?",VERIFICACION_ESTADO,synthetic:handwritten-templates-v1,true,not_applicable,,not_human_reviewed,VERIFICACION_ESTADO:09,el pasaporte ordinario,Cali
syn-1063,"Buenos días, ¿Ya respondieron mi petición del duplicado de la cédula en Barranquilla?",VERIFICACION_ESTADO,synthetic:handwritten-templates-v1,true,not_applicable,,not_human_reviewed,VERIFICACION_ESTADO:06,el duplicado de la cédula,Barranquilla
syn-1530,"Por favor, No puedo adjuntar los documentos de la inscripción del RUT en Barranquilla; aparece un fallo.",REPORTE_PROBLEMA,synthetic:handwritten-templates-v1,true,not_applicable,,not_human_reviewed,REPORTE_PROBLEMA:06,la inscripción del RUT,Barranquilla
syn-1046,Tengo un radicado del pasaporte ordinario en Cali y busco su estado.,VERIFICACION_ESTADO,synthetic:handwritten-templates-v1,true,not_applicable,,not_human_reviewed,VERIFICACION_ESTADO:05,el pasaporte ordinario,Cali
syn-0455,"Una preguntica: Estoy averiguando cómo es la encuesta del Sisbén en Cúcuta, todavía no voy a iniciarlo.",CONSULTA_INFORMATIVA,synthetic:handwritten-templates-v1,true,not_applicable,,not_human_reviewed,CONSULTA_INFORMATIVA:20,la encuesta del Sisbén,Cúcuta
syn-0530,"Buenas tardes, Necesito hacer el certificado de antecedentes fiscales en Ibagué, ¿cómo empiezo?",SOLICITUD_TRAMITE,synthetic:handwritten-templates-v1,true,not_applicable,,not_human_reviewed,SOLICITUD_TRAMITE:03,el certificado de antecedentes fiscales,Ibagué
syn-0202,¿Qué edad mínima se exige para la cédula digital en Medellín?,CONSULTA_INFORMATIVA,synthetic:handwritten-templates-v1,true,not_applicable,,not_human_reviewed,CONSULTA_INFORMATIVA:09,la cédula digital,Medellín
syn-0022,"Hola, ¿Qué documentos piden paral certificado de afiliación a salud en Villavicencio?",CONSULTA_INFORMATIVA,synthetic:handwritten-templates-v1,true,not_applicable,,not_human_reviewed,CONSULTA_INFORMATIVA:01,el certificado de afiliación a salud,Villavicencio
syn-0217,"Buenas, ¿Qué comprobantes debo llevar para la consulta de historia laboral en Pasto?",CONSULTA_INFORMATIVA,synthetic:handwritten-templates-v1,true,not_applicable,,not_human_reviewed,CONSULTA_INFORMATIVA:10,la consulta de historia laboral,Pasto
syn-1787,"Buenos días, Aparece un cobro repetido durante la encuesta del Sisbén en Bucaramanga.",REPORTE_PROBLEMA,synthetic:handwritten-templates-v1,true,not_applicable,,not_human_reviewed,REPORTE_PROBLEMA:17,la encuesta del Sisbén,Bucaramanga
syn-1631,"Buenas tardes, La plataforma muestra un error de conexión al hacer el certificado de afiliación a salud en Villavicencio.",REPORTE_PROBLEMA,synthetic:handwritten-templates-v1,true,not_applicable,,not_human_reviewed,REPORTE_PROBLEMA:10,el certificado de afiliación a salud,Villavicencio
syn-1933,"Buenas tardes, ¿Quién es el responsable institucional de la actualización del RUT en Manizales?",DERIVACION_ENTIDAD,synthetic:handwritten-templates-v1,true,not_applicable,,not_human_reviewed,DERIVACION_ENTIDAD:03,la actualización del RUT,Manizales
syn-2157,"Disculpa, Necesito comunicarme con la oficina encargada del duplicado de la cédula en Barranquilla.",DERIVACION_ENTIDAD,synthetic:handwritten-templates-v1,true,not_applicable,,not_human_reviewed,DERIVACION_ENTIDAD:13,el duplicado de la cédula,Barranquilla
syn-0819,"Buenas tardes, Quiero abrir una gestión nueva del duplicado de la cédula en Barranquilla.",SOLICITUD_TRAMITE,synthetic:handwritten-templates-v1,true,not_applicable,,not_human_reviewed,SOLICITUD_TRAMITE:16,el duplicado de la cédula,Barranquilla
syn-1325,"Buenas, ¿me colaboras? Necesito consultar si finalizaron el certificado de antecedentes judiciales que inicié en Cúcuta.",VERIFICACION_ESTADO,synthetic:handwritten-templates-v1,true,not_applicable,,not_human_reviewed,VERIFICACION_ESTADO:17,el certificado de antecedentes judiciales,Cúcuta
syn-1388,"Buenas tardes, ¿Hay novedades de mi trámite de la encuesta del Sisbén radicado en Cúcuta?",VERIFICACION_ESTADO,synthetic:handwritten-templates-v1,true,not_applicable,,not_human_reviewed,VERIFICACION_ESTADO:20,la encuesta del Sisbén,Cúcuta
syn-1322,"Disculpa, Necesito consultar si finalizaron el duplicado de la cédula que inicié en Bogotá.",VERIFICACION_ESTADO,synthetic:handwritten-templates-v1,true,not_applicable,,not_human_reviewed,VERIFICACION_ESTADO:17,el duplicado de la cédula,Bogotá
syn-1154,"Buenas tardes, Quiero saber si ya está listo el resultado de la renovación de la licencia de conducción en Manizales.",VERIFICACION_ESTADO,synthetic:handwritten-templates-v1,true,not_applicable,,not_human_reviewed,VERIFICACION_ESTADO:10,la renovación de la licencia de conducción,Manizales
syn-0091,"Hola, Explícame los requisitos del certificado de afiliación a salud en Villavicencio.",CONSULTA_INFORMATIVA,synthetic:handwritten-templates-v1,true,not_applicable,,not_human_reviewed,CONSULTA_INFORMATIVA:04,el certificado de afiliación a salud,Villavicencio
syn-1255,Me haces el favor: ¿Han actualizado el estado de mi petición de la cédula digital en Cartagena?,VERIFICACION_ESTADO,synthetic:handwritten-templates-v1,true,not_applicable,,not_human_reviewed,VERIFICACION_ESTADO:14,la cédula digital,Cartagena
syn-2322,"Por favor, ¿A quién le corresponde orientarme sobre la renovación de la licencia de conducción en Ibagué?",DERIVACION_ENTIDAD,synthetic:handwritten-templates-v1,true,not_applicable,,not_human_reviewed,DERIVACION_ENTIDAD:20,la renovación de la licencia de conducción,Ibagué
syn-0341,"Buenas tardes, ¿Qué datos pidel formulario de la encuesta del Sisbén en Cúcuta?",CONSULTA_INFORMATIVA,synthetic:handwritten-templates-v1,true,not_applicable,,not_human_reviewed,CONSULTA_INFORMATIVA:15,la encuesta del Sisbén,Cúcuta
syn-0728,"Por favor, Voy a diligenciar la solicitud del certificado de antecedentes fiscales en Ibagué.",SOLICITUD_TRAMITE,synthetic:handwritten-templates-v1,true,not_applicable,,not_human_reviewed,SOLICITUD_TRAMITE:12,el certificado de antecedentes fiscales,Ibagué
syn-1362,"Hola, Tengo una gestión abierta del certificado de antecedentes judiciales en Villavicencio y quiero ver su avance.",VERIFICACION_ESTADO,synthetic:handwritten-templates-v1,true,not_applicable,,not_human_reviewed,VERIFICACION_ESTADO:19,el certificado de antecedentes judiciales,Villavicencio
syn-1347,"Buenas, ¿me colaboras? ¿Cómo veo el resultado de mi solicitud registrada de la corrección del registro civil en Medellín?",VERIFICACION_ESTADO,synthetic:handwritten-templates-v1,true,not_applicable,,not_human_reviewed,VERIFICACION_ESTADO:18,la corrección del registro civil,Medellín
syn-0509,Me haces el favor: Ayúdame a tramitar la encuesta del Sisbén desde Bucaramanga.,SOLICITUD_TRAMITE,synthetic:handwritten-templates-v1,true,not_applicable,,not_human_reviewed,SOLICITUD_TRAMITE:02,la encuesta del Sisbén,Bucaramanga
syn-1913,Me haces el favor: ¿A cuál oficina debo dirigirme por el duplicado de la cédula en Barranquilla?,DERIVACION_ENTIDAD,synthetic:handwritten-templates-v1,true,not_applicable,,not_human_reviewed,DERIVACION_ENTIDAD:02,el duplicado de la cédula,Barranquilla
syn-0224,"Buenas, ¿me colaboras? ¿Qué comprobantes debo llevar para la presentación de PQRS en Cali?",CONSULTA_INFORMATIVA,synthetic:handwritten-templates-v1,true,not_applicable,,not_human_reviewed,CONSULTA_INFORMATIVA:10,la presentación de PQRS,Cali
syn-0175,"Disculpa, Antes de empezar, quiero conocer los pasos del certificado de antecedentes fiscales en Ibagué.",CONSULTA_INFORMATIVA,synthetic:handwritten-templates-v1,true,not_applicable,,not_human_reviewed,CONSULTA_INFORMATIVA:08,el certificado de antecedentes fiscales,Ibagué
syn-2180,Me haces el favor: ¿Me remites a la entidad que maneja la inscripción del RUT en Barranquilla?,DERIVACION_ENTIDAD,synthetic:handwritten-templates-v1,true,not_applicable,,not_human_reviewed,DERIVACION_ENTIDAD:14,la inscripción del RUT,Barranquilla
syn-1805,No me deja ingresar a la plataforma del pasaporte ordinario en Cali.,REPORTE_PROBLEMA,synthetic:handwritten-templates-v1,true,not_applicable,,not_human_reviewed,REPORTE_PROBLEMA:18,el pasaporte ordinario,Cali
syn-2134,"Buenas tardes, ¿Cuál es el canal institucional para pedir orientación sobre el registro civil de nacimiento en Bogotá?",DERIVACION_ENTIDAD,synthetic:handwritten-templates-v1,true,not_applicable,,not_human_reviewed,DERIVACION_ENTIDAD:12,el registro civil de nacimiento,Bogotá
syn-1664,"Por favor, Quiero reportar una falla en el servicio de la actualización del RUT en Manizales.",REPORTE_PROBLEMA,synthetic:handwritten-templates-v1,true,not_applicable,,not_human_reviewed,REPORTE_PROBLEMA:12,la actualización del RUT,Manizales
syn-1437,Me sale un error al llenar el formulario de la encuesta del Sisbén en Bucaramanga.,REPORTE_PROBLEMA,synthetic:handwritten-templates-v1,true,not_applicable,,not_human_reviewed,REPORTE_PROBLEMA:02,la encuesta del Sisbén,Bucaramanga
syn-0737,"Buenas, Voy a diligenciar la solicitud del pasaporte ordinario en Bucaramanga.",SOLICITUD_TRAMITE,synthetic:handwritten-templates-v1,true,not_applicable,,not_human_reviewed,SOLICITUD_TRAMITE:12,el pasaporte ordinario,Bucaramanga
syn-1620,"Buenos días, La plataforma muestra un error de conexión al hacer el certificado de antecedentes disciplinarios en Pasto.",REPORTE_PROBLEMA,synthetic:handwritten-templates-v1,true,not_applicable,,not_human_reviewed,REPORTE_PROBLEMA:10,el certificado de antecedentes disciplinarios,Pasto
syn-0076,"Disculpa, Explícame los requisitos de la encuesta del Sisbén en Cúcuta.",CONSULTA_INFORMATIVA,synthetic:handwritten-templates-v1,true,not_applicable,,not_human_reviewed,CONSULTA_INFORMATIVA:04,la encuesta del Sisbén,Cúcuta
syn-1114,"Buenas, ¿me colaboras? Busco saber si aprobaron mi solicitud de la corrección del registro civil en Medellín.",VERIFICACION_ESTADO,synthetic:handwritten-templates-v1,true,not_applicable,,not_human_reviewed,VERIFICACION_ESTADO:08,la corrección del registro civil,Medellín
syn-0857,"Hola, Busco comenzar la actualización del RUT por el canal oficial de Manizales.",SOLICITUD_TRAMITE,synthetic:handwritten-templates-v1,true,not_applicable,,not_human_reviewed,SOLICITUD_TRAMITE:17,la actualización del RUT,Manizales
syn-1417,"Buenas, La página de la renovación de la licencia de conducción no carga cuando entro desde Ibagué.",REPORTE_PROBLEMA,synthetic:handwritten-templates-v1,true,not_applicable,,not_human_reviewed,REPORTE_PROBLEMA:01,la renovación de la licencia de conducción,Ibagué
syn-1038,"Buenas, Tengo un radicado del certificado de antecedentes judiciales en Villavicencio y busco su estado.",VERIFICACION_ESTADO,synthetic:handwritten-templates-v1,true,not_applicable,,not_human_reviewed,VERIFICACION_ESTADO:05,el certificado de antecedentes judiciales,Villavicencio
syn-1095,"Por favor, Presenté la renovación de la licencia de conducción en Ibagué, ¿sigue en revisión?",VERIFICACION_ESTADO,synthetic:handwritten-templates-v1,true,not_applicable,,not_human_reviewed,VERIFICACION_ESTADO:07,la renovación de la licencia de conducción,Ibagué
syn-0821,Me haces el favor: Quiero abrir una gestión nueva del pasaporte ordinario en Cali.,SOLICITUD_TRAMITE,synthetic:handwritten-templates-v1,true,not_applicable,,not_human_reviewed,SOLICITUD_TRAMITE:16,el pasaporte ordinario,Cali
syn-1193,"Buenas, Hace unos días presenté la consulta de historia laboral en Pasto; ¿en qué etapa va?",VERIFICACION_ESTADO,synthetic:handwritten-templates-v1,true,not_applicable,,not_human_reviewed,VERIFICACION_ESTADO:11,la consulta de historia laboral,Pasto
syn-1775,"Buenos días, El comprobante de la presentación de PQRS en Cali no se puede descargar.",REPORTE_PROBLEMA,synthetic:handwritten-templates-v1,true,not_applicable,,not_human_reviewed,REPORTE_PROBLEMA:16,la presentación de PQRS,Cali
syn-1977,"Buenas tardes, ¿Con qué institución hablo sobre la cédula digital en Cartagena?",DERIVACION_ENTIDAD,synthetic:handwritten-templates-v1,true,not_applicable,,not_human_reviewed,DERIVACION_ENTIDAD:05,la cédula digital,Cartagena
syn-2260,"Buenas, ¿me colaboras? ¿Cómo contacto al área de atención ciudadana de la actualización del RUT en Cartagena?",DERIVACION_ENTIDAD,synthetic:handwritten-templates-v1,true,not_applicable,,not_human_reviewed,DERIVACION_ENTIDAD:17,la actualización del RUT,Cartagena
syn-0152,"Buenas tardes, ¿Qué diferencia hay entre la atención presencial y virtual paral pasaporte ordinario en Cali?",CONSULTA_INFORMATIVA,synthetic:handwritten-templates-v1,true,not_applicable,,not_human_reviewed,CONSULTA_INFORMATIVA:07,el pasaporte ordinario,Cali
syn-2074,"Buenas, ¿A qué dependencia le corresponde la corrección del registro civil en Medellín?",DERIVACION_ENTIDAD,synthetic:handwritten-templates-v1,true,not_applicable,,not_human_reviewed,DERIVACION_ENTIDAD:09,la corrección del registro civil,Medellín
syn-1617,"Hola, La plataforma muestra un error de conexión al hacer la inscripción del RUT en Barranquilla.",REPORTE_PROBLEMA,synthetic:handwritten-templates-v1,true,not_applicable,,not_human_reviewed,REPORTE_PROBLEMA:10,la inscripción del RUT,Barranquilla
syn-0867,Una preguntica: Ya decidí hacer la cédula digital en Medellín; orienta mi solicitud.,SOLICITUD_TRAMITE,synthetic:handwritten-templates-v1,true,not_applicable,,not_human_reviewed,SOLICITUD_TRAMITE:18,la cédula digital,Medellín
syn-1465,"Disculpa, El sistema de la inscripción del RUT en Pereira se queda bloqueado.",REPORTE_PROBLEMA,synthetic:handwritten-templates-v1,true,not_applicable,,not_human_reviewed,REPORTE_PROBLEMA:03,la inscripción del RUT,Pereira
syn-1876,"Por favor, ¿Qué entidad atiende la corrección del registro civil en Medellín?",DERIVACION_ENTIDAD,synthetic:handwritten-templates-v1,true,not_applicable,,not_human_reviewed,DERIVACION_ENTIDAD:01,la corrección del registro civil,Medellín
syn-1349,"Hola, ¿Cómo veo el resultado de mi solicitud registrada de la encuesta del Sisbén en Bucaramanga?",VERIFICACION_ESTADO,synthetic:handwritten-templates-v1,true,not_applicable,,not_human_reviewed,VERIFICACION_ESTADO:18,la encuesta del Sisbén,Bucaramanga
syn-0518,"Por favor, Necesito hacer la renovación de la licencia de conducción en Manizales, ¿cómo empiezo?",SOLICITUD_TRAMITE,synthetic:handwritten-templates-v1,true,not_applicable,,not_human_reviewed,SOLICITUD_TRAMITE:03,la renovación de la licencia de conducción,Manizales
syn-0496,"Buenos días, Ayúdame a tramitar la inscripción del RUT desde Pereira.",SOLICITUD_TRAMITE,synthetic:handwritten-templates-v1,true,not_applicable,,not_human_reviewed,SOLICITUD_TRAMITE:02,la inscripción del RUT,Pereira
syn-0621,Una preguntica: Me interesa realizar la cédula digital en Cartagena ahora.,SOLICITUD_TRAMITE,synthetic:handwritten-templates-v1,true,not_applicable,,not_human_reviewed,SOLICITUD_TRAMITE:07,la cédula digital,Cartagena
syn-1298,"Buenas tardes, Ya envié los documentos de la inscripción del RUT en Pereira; busco la respuesta.",VERIFICACION_ESTADO,synthetic:handwritten-templates-v1,true,not_applicable,,not_human_reviewed,VERIFICACION_ESTADO:16,la inscripción del RUT,Pereira
syn-0286,"Buenos días, Me explicas en palabras sencillas en qué consiste la inscripción del RUT en Pereira.",CONSULTA_INFORMATIVA,synthetic:handwritten-templates-v1,true,not_applicable,,not_human_reviewed,CONSULTA_INFORMATIVA:13,la inscripción del RUT,Pereira
syn-1023,¿Cómo hago seguimiento a mi solicitud existente del certificado de afiliación a salud en Villavicencio?,VERIFICACION_ESTADO,synthetic:handwritten-templates-v1,true,not_applicable,,not_human_reviewed,VERIFICACION_ESTADO:04,el certificado de afiliación a salud,Villavicencio
syn-1379,Una preguntica: Tengo una gestión abierta del certificado de afiliación a salud en Villavicencio y quiero ver su avance.,VERIFICACION_ESTADO,synthetic:handwritten-templates-v1,true,not_applicable,,not_human_reviewed,VERIFICACION_ESTADO:19,el certificado de afiliación a salud,Villavicencio
syn-2118,"Hola, ¿Dónde me atiende una persona por la actualización del RUT en Manizales?",DERIVACION_ENTIDAD,synthetic:handwritten-templates-v1,true,not_applicable,,not_human_reviewed,DERIVACION_ENTIDAD:11,la actualización del RUT,Manizales
syn-2025,Una preguntica: ¿Hay una sede que atienda consultas sobre el registro civil de nacimiento en Bogotá?,DERIVACION_ENTIDAD,synthetic:handwritten-templates-v1,true,not_applicable,,not_human_reviewed,DERIVACION_ENTIDAD:07,el registro civil de nacimiento,Bogotá
syn-1630,"Buenos días, La plataforma muestra un error de conexión al hacer la consulta de historia laboral en Pereira.",REPORTE_PROBLEMA,synthetic:handwritten-templates-v1,true,not_applicable,,not_human_reviewed,REPORTE_PROBLEMA:10,la consulta de historia laboral,Pereira
syn-1678,Me haces el favor: Quiero reportar una falla en el servicio de la consulta de historia laboral en Pereira.,REPORTE_PROBLEMA,synthetic:handwritten-templates-v1,true,not_applicable,,not_human_reviewed,REPORTE_PROBLEMA:12,la consulta de historia laboral,Pereira
syn-0142,Me haces el favor: ¿Hace falta una cita para la consulta de historia laboral en Pereira?,CONSULTA_INFORMATIVA,synthetic:handwritten-templates-v1,true,not_applicable,,not_human_reviewed,CONSULTA_INFORMATIVA:06,la consulta de historia laboral,Pereira
syn-1419,"Buenos días, La página del certificado de antecedentes fiscales no carga cuando entro desde Ibagué.",REPORTE_PROBLEMA,synthetic:handwritten-templates-v1,true,not_applicable,,not_human_reviewed,REPORTE_PROBLEMA:01,el certificado de antecedentes fiscales,Ibagué
syn-1703,"Buenas, ¿me colaboras? El código de verificación de la encuesta del Sisbén en Cúcuta no llega.",REPORTE_PROBLEMA,synthetic:handwritten-templates-v1,true,not_applicable,,not_human_reviewed,REPORTE_PROBLEMA:13,la encuesta del Sisbén,Cúcuta
syn-1770,"Buenas, ¿me colaboras? El comprobante de la encuesta del Sisbén en Cúcuta no se puede descargar.",REPORTE_PROBLEMA,synthetic:handwritten-templates-v1,true,not_applicable,,not_human_reviewed,REPORTE_PROBLEMA:16,la encuesta del Sisbén,Cúcuta
syn-1634,Una preguntica: La plataforma muestra un error de conexión al hacer el duplicado de la cédula en Bogotá.,REPORTE_PROBLEMA,synthetic:handwritten-templates-v1,true,not_applicable,,not_human_reviewed,REPORTE_PROBLEMA:10,el duplicado de la cédula,Bogotá
syn-2296,Busco atención presencial de la institución que lleva la encuesta del Sisbén en Bucaramanga.,DERIVACION_ENTIDAD,synthetic:handwritten-templates-v1,true,not_applicable,,not_human_reviewed,DERIVACION_ENTIDAD:19,la encuesta del Sisbén,Bucaramanga
syn-0430,"Buenas tardes, ¿Debo presentar originales o copias paral certificado de antecedentes disciplinarios en Pasto?",CONSULTA_INFORMATIVA,synthetic:handwritten-templates-v1,true,not_applicable,,not_human_reviewed,CONSULTA_INFORMATIVA:19,el certificado de antecedentes disciplinarios,Pasto
syn-1451,"Buenas, El sistema del certificado de antecedentes judiciales en Cúcuta se queda bloqueado.",REPORTE_PROBLEMA,synthetic:handwritten-templates-v1,true,not_applicable,,not_human_reviewed,REPORTE_PROBLEMA:03,el certificado de antecedentes judiciales,Cúcuta
syn-0946,"Buenas, ¿me colaboras? ¿En qué estado está mi solicitud de la corrección del registro civil presentada en Medellín?",VERIFICACION_ESTADO,synthetic:handwritten-templates-v1,true,not_applicable,,not_human_reviewed,VERIFICACION_ESTADO:01,la corrección del registro civil,Medellín
syn-1490,"Buenas, ¿me colaboras? Intenté pagar el certificado de antecedentes fiscales en Ibagué y el portal rechazó la operación.",REPORTE_PROBLEMA,synthetic:handwritten-templates-v1,true,not_applicable,,not_human_reviewed,REPORTE_PROBLEMA:04,el certificado de antecedentes fiscales,Ibagué
syn-0056,"Buenas, ¿me colaboras? ¿Cuál es el plazo habitual de la inscripción del RUT en Barranquilla?",CONSULTA_INFORMATIVA,synthetic:handwritten-templates-v1,true,not_applicable,,not_human_reviewed,CONSULTA_INFORMATIVA:03,la inscripción del RUT,Barranquilla
syn-1127,¿Puedo revisar el progreso de la encuesta del Sisbén que entregué en Cúcuta?,VERIFICACION_ESTADO,synthetic:handwritten-templates-v1,true,not_applicable,,not_human_reviewed,VERIFICACION_ESTADO:09,la encuesta del Sisbén,Cúcuta
syn-1573,"Buenas, El enlace de la actualización del RUT para Manizales está roto.",REPORTE_PROBLEMA,synthetic:handwritten-templates-v1,true,not_applicable,,not_human_reviewed,REPORTE_PROBLEMA:08,la actualización del RUT,Manizales
syn-1397,"Buenos días, ¿Hay novedades de mi trámite del certificado de antecedentes disciplinarios radicado en Pasto?",VERIFICACION_ESTADO,synthetic:handwritten-templates-v1,true,not_applicable,,not_human_reviewed,VERIFICACION_ESTADO:20,el certificado de antecedentes disciplinarios,Pasto
syn-0369,"Hola, Vivo en Medellín, ¿dónde leo los requisitos oficiales de la cédula digital?",CONSULTA_INFORMATIVA,synthetic:handwritten-templates-v1,true,not_applicable,,not_human_reviewed,CONSULTA_INFORMATIVA:16,la cédula digital,Medellín
syn-1118,"Por favor, Busco saber si aprobaron mi solicitud del certificado de afiliación a salud en Villavicencio.",VERIFICACION_ESTADO,synthetic:handwritten-templates-v1,true,not_applicable,,not_human_reviewed,VERIFICACION_ESTADO:08,el certificado de afiliación a salud,Villavicencio
syn-1213,"Buenas, ¿me colaboras? ¿Dónde miro la respuesta a mi radicación de la consulta de historia laboral en Pereira?",VERIFICACION_ESTADO,synthetic:handwritten-templates-v1,true,not_applicable,,not_human_reviewed,VERIFICACION_ESTADO:12,la consulta de historia laboral,Pereira
syn-0410,Me haces el favor: ¿Hay una guía para entender el pasaporte ordinario en Cali?,CONSULTA_INFORMATIVA,synthetic:handwritten-templates-v1,true,not_applicable,,not_human_reviewed,CONSULTA_INFORMATIVA:18,el pasaporte ordinario,Cali
syn-1942,"Buenos días, ¿Quién es el responsable institucional de la encuesta del Sisbén en Bucaramanga?",DERIVACION_ENTIDAD,synthetic:handwritten-templates-v1,true,not_applicable,,not_human_reviewed,DERIVACION_ENTIDAD:03,la encuesta del Sisbén,Bucaramanga
syn-0234,"Buenas, ¿me colaboras? ¿Qué comprobantes debo llevar para la renovación de la licencia de conducción en Ibagué?",CONSULTA_INFORMATIVA,synthetic:handwritten-templates-v1,true,not_applicable,,not_human_reviewed,CONSULTA_INFORMATIVA:10,la renovación de la licencia de conducción,Ibagué
syn-0748,"Por favor, Voy a diligenciar la solicitud de la inscripción del RUT en Pereira.",SOLICITUD_TRAMITE,synthetic:handwritten-templates-v1,true,not_applicable,,not_human_reviewed,SOLICITUD_TRAMITE:12,la inscripción del RUT,Pereira
syn-0805,"Por favor, Tengo los documentos listos y voy a empezar el certificado de antecedentes fiscales en Ibagué.",SOLICITUD_TRAMITE,synthetic:handwritten-templates-v1,true,not_applicable,,not_human_reviewed,SOLICITUD_TRAMITE:15,el certificado de antecedentes fiscales,Ibagué
syn-2220,"Buenos días, ¿Qué organismo puede atender mi consulta de la cédula digital en Cartagena?",DERIVACION_ENTIDAD,synthetic:handwritten-templates-v1,true,not_applicable,,not_human_reviewed,DERIVACION_ENTIDAD:15,la cédula digital,Cartagena
syn-2160,"Buenas, ¿me colaboras? Necesito comunicarme con la oficina encargada de la consulta de historia laboral en Pasto.",DERIVACION_ENTIDAD,synthetic:handwritten-templates-v1,true,not_applicable,,not_human_reviewed,DERIVACION_ENTIDAD:13,la consulta de historia laboral,Pasto
syn-2021,"Buenos días, ¿Hay una sede que atienda consultas sobre la encuesta del Sisbén en Bucaramanga?",DERIVACION_ENTIDAD,synthetic:handwritten-templates-v1,true,not_applicable,,not_human_reviewed,DERIVACION_ENTIDAD:07,la encuesta del Sisbén,Bucaramanga
syn-2130,"Hola, ¿Cuál es el canal institucional para pedir orientación sobre el certificado de afiliación a salud en Villavicencio?",DERIVACION_ENTIDAD,synthetic:handwritten-templates-v1,true,not_applicable,,not_human_reviewed,DERIVACION_ENTIDAD:12,el certificado de afiliación a salud,Villavicencio
syn-0668,Quiero agendar el inicio del registro civil de nacimiento en Bogotá.,SOLICITUD_TRAMITE,synthetic:handwritten-templates-v1,true,not_applicable,,not_human_reviewed,SOLICITUD_TRAMITE:09,el registro civil de nacimiento,Bogotá
syn-0497,"Buenas tardes, Ayúdame a tramitar la actualización del RUT desde Manizales.",SOLICITUD_TRAMITE,synthetic:handwritten-templates-v1,true,not_applicable,,not_human_reviewed,SOLICITUD_TRAMITE:02,la actualización del RUT,Manizales
syn-1602,Una preguntica: El portal del duplicado de la cédula en Barranquilla se cierra sin guardar.,REPORTE_PROBLEMA,synthetic:handwritten-templates-v1,true,not_applicable,,not_human_reviewed,REPORTE_PROBLEMA:09,el duplicado de la cédula,Barranquilla
syn-1180,"Buenas, ¿me colaboras? Hace unos días presenté la encuesta del Sisbén en Cúcuta; ¿en qué etapa va?",VERIFICACION_ESTADO,synthetic:handwritten-templates-v1,true,not_applicable,,not_human_reviewed,VERIFICACION_ESTADO:11,la encuesta del Sisbén,Cúcuta
syn-1006,"Por favor, ¿Cómo hago seguimiento a mi solicitud existente del duplicado de la cédula en Bogotá?",VERIFICACION_ESTADO,synthetic:handwritten-templates-v1,true,not_applicable,,not_human_reviewed,VERIFICACION_ESTADO:04,el duplicado de la cédula,Bogotá
syn-1297,"Buenos días, Ya envié los documentos de la cédula digital en Cartagena; busco la respuesta.",VERIFICACION_ESTADO,synthetic:handwritten-templates-v1,true,not_applicable,,not_human_reviewed,VERIFICACION_ESTADO:16,la cédula digital,Cartagena
syn-1777,"Disculpa, El comprobante del pasaporte ordinario en Cali no se puede descargar.",REPORTE_PROBLEMA,synthetic:handwritten-templates-v1,true,not_applicable,,not_human_reviewed,REPORTE_PROBLEMA:16,el pasaporte ordinario,Cali
syn-2298,"Buenas, Busco atención presencial de la institución que lleval duplicado de la cédula en Barranquilla.",DERIVACION_ENTIDAD,synthetic:handwritten-templates-v1,true,not_applicable,,not_human_reviewed,DERIVACION_ENTIDAD:19,el duplicado de la cédula,Barranquilla
syn-0597,"Disculpa, Deseo comenzar el proceso del pasaporte ordinario en Bucaramanga.",SOLICITUD_TRAMITE,synthetic:handwritten-templates-v1,true,not_applicable,,not_human_reviewed,SOLICITUD_TRAMITE:06,el pasaporte ordinario,Bucaramanga
syn-0654,Una preguntica: Indícame cómo radicar una nueva solicitud de la actualización del RUT en Cartagena.,SOLICITUD_TRAMITE,synthetic:handwritten-templates-v1,true,not_applicable,,not_human_reviewed,SOLICITUD_TRAMITE:08,la actualización del RUT,Cartagena
syn-1947,Me haces el favor: Quiero contactar a la entidad encargada de la encuesta del Sisbén en Cúcuta.,DERIVACION_ENTIDAD,synthetic:handwritten-templates-v1,true,not_applicable,,not_human_reviewed,DERIVACION_ENTIDAD:04,la encuesta del Sisbén,Cúcuta
syn-0364,"Disculpa, Vivo en Cúcuta, ¿dónde leo los requisitos oficiales de la encuesta del Sisbén?",CONSULTA_INFORMATIVA,synthetic:handwritten-templates-v1,true,not_applicable,,not_human_reviewed,CONSULTA_INFORMATIVA:16,la encuesta del Sisbén,Cúcuta
syn-0644,Una preguntica: Indícame cómo radicar una nueva solicitud de la cédula digital en Cartagena.,SOLICITUD_TRAMITE,synthetic:handwritten-templates-v1,true,not_applicable,,not_human_reviewed,SOLICITUD_TRAMITE:08,la cédula digital,Cartagena
syn-0982,"Por favor, Ya hice la encuesta del Sisbén en Bucaramanga, ¿cómo va la gestión?",VERIFICACION_ESTADO,synthetic:handwritten-templates-v1,true,not_applicable,,not_human_reviewed,VERIFICACION_ESTADO:02,la encuesta del Sisbén,Bucaramanga
syn-0412,"Buenas, ¿me colaboras? ¿Hay una guía para entender la presentación de PQRS en Cali?",CONSULTA_INFORMATIVA,synthetic:handwritten-templates-v1,true,not_applicable,,not_human_reviewed,CONSULTA_INFORMATIVA:18,la presentación de PQRS,Cali
syn-1424,"Buenas, ¿me colaboras? La página del registro civil de nacimiento no carga cuando entro desde Bogotá.",REPORTE_PROBLEMA,synthetic:handwritten-templates-v1,true,not_applicable,,not_human_reviewed,REPORTE_PROBLEMA:01,el registro civil de nacimiento,Bogotá
syn-1236,Me dieron un comprobante de la consulta de historia laboral en Pasto; quiero revisar la gestión.,VERIFICACION_ESTADO,synthetic:handwritten-templates-v1,true,not_applicable,,not_human_reviewed,VERIFICACION_ESTADO:13,la consulta de historia laboral,Pasto
syn-0657,"Buenas, ¿me colaboras? Quiero agendar el inicio de la consulta de historia laboral en Pasto.",SOLICITUD_TRAMITE,synthetic:handwritten-templates-v1,true,not_applicable,,not_human_reviewed,SOLICITUD_TRAMITE:09,la consulta de historia laboral,Pasto
syn-0616,"Por favor, Me interesa realizar el duplicado de la cédula en Bogotá ahora.",SOLICITUD_TRAMITE,synthetic:handwritten-templates-v1,true,not_applicable,,not_human_reviewed,SOLICITUD_TRAMITE:07,el duplicado de la cédula,Bogotá
syn-2183,¿Me remites a la entidad que maneja la renovación de la licencia de conducción en Ibagué?,DERIVACION_ENTIDAD,synthetic:handwritten-templates-v1,true,not_applicable,,not_human_reviewed,DERIVACION_ENTIDAD:14,la renovación de la licencia de conducción,Ibagué
syn-1218,"Buenas, Me dieron un comprobante de la encuesta del Sisbén en Cúcuta; quiero revisar la gestión.",VERIFICACION_ESTADO,synthetic:handwritten-templates-v1,true,not_applicable,,not_human_reviewed,VERIFICACION_ESTADO:13,la encuesta del Sisbén,Cúcuta
syn-1334,Una preguntica: Necesito consultar si finalizaron la consulta de historia laboral que inicié en Pereira.,VERIFICACION_ESTADO,synthetic:handwritten-templates-v1,true,not_applicable,,not_human_reviewed,VERIFICACION_ESTADO:17,la consulta de historia laboral,Pereira
syn-1761,El comprobante de la corrección del registro civil en Medellín no se puede descargar.,REPORTE_PROBLEMA,synthetic:handwritten-templates-v1,true,not_applicable,,not_human_reviewed,REPORTE_PROBLEMA:16,la corrección del registro civil,Medellín
syn-1687,"Por favor, El código de verificación del pasaporte ordinario en Bucaramanga no llega.",REPORTE_PROBLEMA,synthetic:handwritten-templates-v1,true,not_applicable,,not_human_reviewed,REPORTE_PROBLEMA:13,el pasaporte ordinario,Bucaramanga
syn-1671,Quiero reportar una falla en el servicio de la corrección del registro civil en Medellín.,REPORTE_PROBLEMA,synthetic:handwritten-templates-v1,true,not_applicable,,not_human_reviewed,REPORTE_PROBLEMA:12,la corrección del registro civil,Medellín
syn-2043,"Buenos días, Busco el contacto de la autoridad competente paral certificado de antecedentes disciplinarios en Pasto.",DERIVACION_ENTIDAD,synthetic:handwritten-templates-v1,true,not_applicable,,not_human_reviewed,DERIVACION_ENTIDAD:08,el certificado de antecedentes disciplinarios,Pasto
syn-0686,"Disculpa, ¿Me ayudas a arrancar con la cédula digital en Medellín?",SOLICITUD_TRAMITE,synthetic:handwritten-templates-v1,true,not_applicable,,not_human_reviewed,SOLICITUD_TRAMITE:10,la cédula digital,Medellín
syn-0902,"Por favor, guíame para solicitar el certificado de antecedentes judiciales en Cúcuta.",SOLICITUD_TRAMITE,synthetic:handwritten-templates-v1,true,not_applicable,,not_human_reviewed,SOLICITUD_TRAMITE:19,el certificado de antecedentes judiciales,Cúcuta
syn-0675,Me haces el favor: Quiero agendar el inicio de la corrección del registro civil en Medellín.,SOLICITUD_TRAMITE,synthetic:handwritten-templates-v1,true,not_applicable,,not_human_reviewed,SOLICITUD_TRAMITE:09,la corrección del registro civil,Medellín
syn-1766,"Buenas tardes, El comprobante de la cédula digital en Medellín no se puede descargar.",REPORTE_PROBLEMA,synthetic:handwritten-templates-v1,true,not_applicable,,not_human_reviewed,REPORTE_PROBLEMA:16,la cédula digital,Medellín
syn-1647,Una preguntica: El formulario del duplicado de la cédula en Bogotá rechaza datos que son correctos.,REPORTE_PROBLEMA,synthetic:handwritten-templates-v1,true,not_applicable,,not_human_reviewed,REPORTE_PROBLEMA:11,el duplicado de la cédula,Bogotá
syn-1880,Me haces el favor: ¿Qué entidad atiendel registro civil de nacimiento en Bogotá?,DERIVACION_ENTIDAD,synthetic:handwritten-templates-v1,true,not_applicable,,not_human_reviewed,DERIVACION_ENTIDAD:01,el registro civil de nacimiento,Bogotá
syn-1271,¿Mi solicitud anterior de la cédula digital en Medellín continúa pendiente?,VERIFICACION_ESTADO,synthetic:handwritten-templates-v1,true,not_applicable,,not_human_reviewed,VERIFICACION_ESTADO:15,la cédula digital,Medellín
syn-1724,Me haces el favor: La pantalla de la actualización del RUT en Manizales queda en blanco.,REPORTE_PROBLEMA,synthetic:handwritten-templates-v1,true,not_applicable,,not_human_reviewed,REPORTE_PROBLEMA:14,la actualización del RUT,Manizales
syn-0681,"Hola, ¿Me ayudas a arrancar con la encuesta del Sisbén en Cúcuta?",SOLICITUD_TRAMITE,synthetic:handwritten-templates-v1,true,not_applicable,,not_human_reviewed,SOLICITUD_TRAMITE:10,la encuesta del Sisbén,Cúcuta
syn-0811,"Buenas, ¿me colaboras? Tengo los documentos listos y voy a empezar el duplicado de la cédula en Barranquilla.",SOLICITUD_TRAMITE,synthetic:handwritten-templates-v1,true,not_applicable,,not_human_reviewed,SOLICITUD_TRAMITE:15,el duplicado de la cédula,Barranquilla
syn-0014,"Por favor, ¿Qué documentos piden para la actualización del RUT en Manizales?",CONSULTA_INFORMATIVA,synthetic:handwritten-templates-v1,true,not_applicable,,not_human_reviewed,CONSULTA_INFORMATIVA:01,la actualización del RUT,Manizales
syn-0624,"Hola, Me interesa realizar el pasaporte ordinario en Cali ahora.",SOLICITUD_TRAMITE,synthetic:handwritten-templates-v1,true,not_applicable,,not_human_reviewed,SOLICITUD_TRAMITE:07,el pasaporte ordinario,Cali
syn-0278,"Buenas, ¿me colaboras? ¿Hay algún pago relacionado con el certificado de antecedentes disciplinarios en Pasto?",CONSULTA_INFORMATIVA,synthetic:handwritten-templates-v1,true,not_applicable,,not_human_reviewed,CONSULTA_INFORMATIVA:12,el certificado de antecedentes disciplinarios,Pasto
syn-2038,"Buenas, ¿me colaboras? Busco el contacto de la autoridad competente para la inscripción del RUT en Pereira.",DERIVACION_ENTIDAD,synthetic:handwritten-templates-v1,true,not_applicable,,not_human_reviewed,DERIVACION_ENTIDAD:08,la inscripción del RUT,Pereira
syn-0938,"Hola, ¿En qué estado está mi solicitud de la cédula digital presentada en Medellín?",VERIFICACION_ESTADO,synthetic:handwritten-templates-v1,true,not_applicable,,not_human_reviewed,VERIFICACION_ESTADO:01,la cédula digital,Medellín
syn-0401,Una preguntica: ¿Hay una guía para entender la consulta de historia laboral en Pasto?,CONSULTA_INFORMATIVA,synthetic:handwritten-templates-v1,true,not_applicable,,not_human_reviewed,CONSULTA_INFORMATIVA:18,la consulta de historia laboral,Pasto
syn-2253,"Buenas, ¿Cómo contacto al área de atención ciudadana de la renovación de la licencia de conducción en Ibagué?",DERIVACION_ENTIDAD,synthetic:handwritten-templates-v1,true,not_applicable,,not_human_reviewed,DERIVACION_ENTIDAD:17,la renovación de la licencia de conducción,Ibagué
syn-1217,"Por favor, ¿Dónde miro la respuesta a mi radicación de la cédula digital en Cartagena?",VERIFICACION_ESTADO,synthetic:handwritten-templates-v1,true,not_applicable,,not_human_reviewed,VERIFICACION_ESTADO:12,la cédula digital,Cartagena
syn-1016,"Por favor, ¿Cómo hago seguimiento a mi solicitud existente de la cédula digital en Cartagena?",VERIFICACION_ESTADO,synthetic:handwritten-templates-v1,true,not_applicable,,not_human_reviewed,VERIFICACION_ESTADO:04,la cédula digital,Cartagena
syn-1281,¿Mi solicitud anterior de la corrección del registro civil en Medellín continúa pendiente?,VERIFICACION_ESTADO,synthetic:handwritten-templates-v1,true,not_applicable,,not_human_reviewed,VERIFICACION_ESTADO:15,la corrección del registro civil,Medellín
syn-1477,"Disculpa, Intenté pagar la consulta de historia laboral en Pereira y el portal rechazó la operación.",REPORTE_PROBLEMA,synthetic:handwritten-templates-v1,true,not_applicable,,not_human_reviewed,REPORTE_PROBLEMA:04,la consulta de historia laboral,Pereira
syn-0506,"Buenos días, Ayúdame a tramitar el pasaporte ordinario desde Cali.",SOLICITUD_TRAMITE,synthetic:handwritten-templates-v1,true,not_applicable,,not_human_reviewed,SOLICITUD_TRAMITE:02,el pasaporte ordinario,Cali
syn-0516,"Buenos días, Ayúdame a tramitar la consulta de historia laboral desde Pasto.",SOLICITUD_TRAMITE,synthetic:handwritten-templates-v1,true,not_applicable,,not_human_reviewed,SOLICITUD_TRAMITE:02,la consulta de historia laboral,Pasto
syn-0740,"Buenas tardes, Voy a diligenciar la solicitud del certificado de antecedentes judiciales en Villavicencio.",SOLICITUD_TRAMITE,synthetic:handwritten-templates-v1,true,not_applicable,,not_human_reviewed,SOLICITUD_TRAMITE:12,el certificado de antecedentes judiciales,Villavicencio
syn-1945,"Buenas tardes, Quiero contactar a la entidad encargada del pasaporte ordinario en Cali.",DERIVACION_ENTIDAD,synthetic:handwritten-templates-v1,true,not_applicable,,not_human_reviewed,DERIVACION_ENTIDAD:04,el pasaporte ordinario,Cali
syn-1603,"Buenas, ¿me colaboras? El portal del certificado de antecedentes disciplinarios en Pasto se cierra sin guardar.",REPORTE_PROBLEMA,synthetic:handwritten-templates-v1,true,not_applicable,,not_human_reviewed,REPORTE_PROBLEMA:09,el certificado de antecedentes disciplinarios,Pasto
syn-0992,"Hola, Quiero consultar el avance de la renovación de la licencia de conducción que radiqué en Manizales.",VERIFICACION_ESTADO,synthetic:handwritten-templates-v1,true,not_applicable,,not_human_reviewed,VERIFICACION_ESTADO:03,la renovación de la licencia de conducción,Manizales
syn-2272,Una preguntica: ¿Existe una línea de atención oficial para la renovación de la licencia de conducción en Ibagué?,DERIVACION_ENTIDAD,synthetic:handwritten-templates-v1,true,not_applicable,,not_human_reviewed,DERIVACION_ENTIDAD:18,la renovación de la licencia de conducción,Ibagué
syn-0863,Me haces el favor: Busco comenzar el duplicado de la cédula por el canal oficial de Barranquilla.,SOLICITUD_TRAMITE,synthetic:handwritten-templates-v1,true,not_applicable,,not_human_reviewed,SOLICITUD_TRAMITE:17,el duplicado de la cédula,Barranquilla
syn-0566,Me haces el favor: Quisiera presentar una solicitud del certificado de antecedentes disciplinarios en Pasto.,SOLICITUD_TRAMITE,synthetic:handwritten-templates-v1,true,not_applicable,,not_human_reviewed,SOLICITUD_TRAMITE:05,el certificado de antecedentes disciplinarios,Pasto
syn-0891,"Buenas, ¿me colaboras? Por favor, guíame para solicitar el certificado de antecedentes disciplinarios en Pasto.",SOLICITUD_TRAMITE,synthetic:handwritten-templates-v1,true,not_applicable,,not_human_reviewed,SOLICITUD_TRAMITE:19,el certificado de antecedentes disciplinarios,Pasto
syn-0343,Me haces el favor: ¿Qué datos pidel formulario de la actualización del RUT en Manizales?,CONSULTA_INFORMATIVA,synthetic:handwritten-templates-v1,true,not_applicable,,not_human_reviewed,CONSULTA_INFORMATIVA:15,la actualización del RUT,Manizales
syn-2238,"Buenas, ¿me colaboras? Quiero la dirección de la sede competente paral duplicado de la cédula en Barranquilla.",DERIVACION_ENTIDAD,synthetic:handwritten-templates-v1,true,not_applicable,,not_human_reviewed,DERIVACION_ENTIDAD:16,el duplicado de la cédula,Barranquilla
syn-2131,"Buenas, ¿Cuál es el canal institucional para pedir orientación sobre el pasaporte ordinario en Bucaramanga?",DERIVACION_ENTIDAD,synthetic:handwritten-templates-v1,true,not_applicable,,not_human_reviewed,DERIVACION_ENTIDAD:12,el pasaporte ordinario,Bucaramanga
syn-1010,Me haces el favor: ¿Cómo hago seguimiento a mi solicitud existente de la encuesta del Sisbén en Cúcuta?,VERIFICACION_ESTADO,synthetic:handwritten-templates-v1,true,not_applicable,,not_human_reviewed,VERIFICACION_ESTADO:04,la encuesta del Sisbén,Cúcuta
syn-2146,Me haces el favor: ¿Cuál es el canal institucional para pedir orientación sobre la renovación de la licencia de conducción en Ibagué?,DERIVACION_ENTIDAD,synthetic:handwritten-templates-v1,true,not_applicable,,not_human_reviewed,DERIVACION_ENTIDAD:12,la renovación de la licencia de conducción,Ibagué
syn-0617,"Buenos días, Me interesa realizar la encuesta del Sisbén en Cúcuta ahora.",SOLICITUD_TRAMITE,synthetic:handwritten-templates-v1,true,not_applicable,,not_human_reviewed,SOLICITUD_TRAMITE:07,la encuesta del Sisbén,Cúcuta
syn-0551,"Buenos días, Voy a gestionar la renovación de la licencia de conducción en Manizales y busco el primer paso.",SOLICITUD_TRAMITE,synthetic:handwritten-templates-v1,true,not_applicable,,not_human_reviewed,SOLICITUD_TRAMITE:04,la renovación de la licencia de conducción,Manizales
syn-0285,"Por favor, Me explicas en palabras sencillas en qué consiste el certificado de antecedentes judiciales en Villavicencio.",CONSULTA_INFORMATIVA,synthetic:handwritten-templates-v1,true,not_applicable,,not_human_reviewed,CONSULTA_INFORMATIVA:13,el certificado de antecedentes judiciales,Villavicencio
syn-2282,Una preguntica: ¿Existe una línea de atención oficial para la actualización del RUT en Manizales?,DERIVACION_ENTIDAD,synthetic:handwritten-templates-v1,true,not_applicable,,not_human_reviewed,DERIVACION_ENTIDAD:18,la actualización del RUT,Manizales
syn-0780,Quiero pasar de la información a la solicitud de la actualización del RUT en Manizales.,SOLICITUD_TRAMITE,synthetic:handwritten-templates-v1,true,not_applicable,,not_human_reviewed,SOLICITUD_TRAMITE:14,la actualización del RUT,Manizales
syn-1404,"Hola, ¿Hay novedades de mi trámite del duplicado de la cédula radicado en Barranquilla?",VERIFICACION_ESTADO,synthetic:handwritten-templates-v1,true,not_applicable,,not_human_reviewed,VERIFICACION_ESTADO:20,el duplicado de la cédula,Barranquilla
syn-0348,"Buenas, ¿Qué datos pidel formulario del certificado de antecedentes disciplinarios en Pasto?",CONSULTA_INFORMATIVA,synthetic:handwritten-templates-v1,true,not_applicable,,not_human_reviewed,CONSULTA_INFORMATIVA:15,el certificado de antecedentes disciplinarios,Pasto
syn-1068,"Buenas, ¿me colaboras? ¿Ya respondieron mi petición del duplicado de la cédula en Bogotá?",VERIFICACION_ESTADO,synthetic:handwritten-templates-v1,true,not_applicable,,not_human_reviewed,VERIFICACION_ESTADO:06,el duplicado de la cédula,Bogotá
syn-1172,"Hola, Hace unos días presenté el certificado de antecedentes disciplinarios en Pasto; ¿en qué etapa va?",VERIFICACION_ESTADO,synthetic:handwritten-templates-v1,true,not_applicable,,not_human_reviewed,VERIFICACION_ESTADO:11,el certificado de antecedentes disciplinarios,Pasto
syn-0498,"Disculpa, Ayúdame a tramitar el certificado de antecedentes fiscales desde Ibagué.",SOLICITUD_TRAMITE,synthetic:handwritten-templates-v1,true,not_applicable,,not_human_reviewed,SOLICITUD_TRAMITE:02,el certificado de antecedentes fiscales,Ibagué
syn-1146,"Buenas, ¿me colaboras? ¿Puedo revisar el progreso del duplicado de la cédula que entregué en Barranquilla?",VERIFICACION_ESTADO,synthetic:handwritten-templates-v1,true,not_applicable,,not_human_reviewed,VERIFICACION_ESTADO:09,el duplicado de la cédula,Barranquilla
syn-1485,"Buenos días, Intenté pagar la consulta de historia laboral en Pasto y el portal rechazó la operación.",REPORTE_PROBLEMA,synthetic:handwritten-templates-v1,true,not_applicable,,not_human_reviewed,REPORTE_PROBLEMA:04,la consulta de historia laboral,Pasto
syn-0174,"Buenas tardes, Antes de empezar, quiero conocer los pasos de la cédula digital en Cartagena.",CONSULTA_INFORMATIVA,synthetic:handwritten-templates-v1,true,not_applicable,,not_human_reviewed,CONSULTA_INFORMATIVA:08,la cédula digital,Cartagena
syn-1596,"Buenas, El portal de la encuesta del Sisbén en Bucaramanga se cierra sin guardar.",REPORTE_PROBLEMA,synthetic:handwritten-templates-v1,true,not_applicable,,not_human_reviewed,REPORTE_PROBLEMA:09,la encuesta del Sisbén,Bucaramanga
syn-0795,"Buenas tardes, Quiero pasar de la información a la solicitud de la inscripción del RUT en Pereira.",SOLICITUD_TRAMITE,synthetic:handwritten-templates-v1,true,not_applicable,,not_human_reviewed,SOLICITUD_TRAMITE:14,la inscripción del RUT,Pereira
syn-0848,"Buenas, Busco comenzar la cédula digital por el canal oficial de Medellín.",SOLICITUD_TRAMITE,synthetic:handwritten-templates-v1,true,not_applicable,,not_human_reviewed,SOLICITUD_TRAMITE:17,la cédula digital,Medellín
syn-2095,"Hola, Quiero hablar con un funcionario responsable de la inscripción del RUT en Pereira.",DERIVACION_ENTIDAD,synthetic:handwritten-templates-v1,true,not_applicable,,not_human_reviewed,DERIVACION_ENTIDAD:10,la inscripción del RUT,Pereira
syn-0026,"Buenas, ¿Cuánto cuestal certificado de antecedentes judiciales en Cúcuta?",CONSULTA_INFORMATIVA,synthetic:handwritten-templates-v1,true,not_applicable,,not_human_reviewed,CONSULTA_INFORMATIVA:02,el certificado de antecedentes judiciales,Cúcuta
syn-0789,"Buenas, ¿me colaboras? Quiero pasar de la información a la solicitud del pasaporte ordinario en Bucaramanga.",SOLICITUD_TRAMITE,synthetic:handwritten-templates-v1,true,not_applicable,,not_human_reviewed,SOLICITUD_TRAMITE:14,el pasaporte ordinario,Bucaramanga
syn-1769,Una preguntica: El comprobante del certificado de antecedentes judiciales en Villavicencio no se puede descargar.,REPORTE_PROBLEMA,synthetic:handwritten-templates-v1,true,not_applicable,,not_human_reviewed,REPORTE_PROBLEMA:16,el certificado de antecedentes judiciales,Villavicencio
syn-0665,Me haces el favor: Quiero agendar el inicio del certificado de antecedentes disciplinarios en Pasto.,SOLICITUD_TRAMITE,synthetic:handwritten-templates-v1,true,not_applicable,,not_human_reviewed,SOLICITUD_TRAMITE:09,el certificado de antecedentes disciplinarios,Pasto
syn-1988,"Disculpa, ¿Con qué institución hablo sobre el certificado de antecedentes fiscales en Ibagué?",DERIVACION_ENTIDAD,synthetic:handwritten-templates-v1,true,not_applicable,,not_human_reviewed,DERIVACION_ENTIDAD:05,el certificado de antecedentes fiscales,Ibagué
syn-1225,"Buenas, ¿me colaboras? Me dieron un comprobante de la cédula digital en Medellín; quiero revisar la gestión.",VERIFICACION_ESTADO,synthetic:handwritten-templates-v1,true,not_applicable,,not_human_reviewed,VERIFICACION_ESTADO:13,la cédula digital,Medellín
syn-2214,Una preguntica: ¿Qué organismo puede atender mi consulta del certificado de antecedentes disciplinarios en Pasto?,DERIVACION_ENTIDAD,synthetic:handwritten-templates-v1,true,not_applicable,,not_human_reviewed,DERIVACION_ENTIDAD:15,el certificado de antecedentes disciplinarios,Pasto
syn-0191,"Buenas, ¿me colaboras? ¿Qué edad mínima se exige para la presentación de PQRS en Cali?",CONSULTA_INFORMATIVA,synthetic:handwritten-templates-v1,true,not_applicable,,not_human_reviewed,CONSULTA_INFORMATIVA:09,la presentación de PQRS,Cali
syn-1136,"Buenas, ¿me colaboras? ¿Puedo revisar el progreso de la cédula digital que entregué en Medellín?",VERIFICACION_ESTADO,synthetic:handwritten-templates-v1,true,not_applicable,,not_human_reviewed,VERIFICACION_ESTADO:09,la cédula digital,Medellín
syn-0725,"Por favor, Es mi primera vez haciendo el duplicado de la cédula en Bogotá; quiero empezarlo.",SOLICITUD_TRAMITE,synthetic:handwritten-templates-v1,true,not_applicable,,not_human_reviewed,SOLICITUD_TRAMITE:11,el duplicado de la cédula,Bogotá
syn-0184,"Buenas tardes, Antes de empezar, quiero conocer los pasos de la encuesta del Sisbén en Bucaramanga.",CONSULTA_INFORMATIVA,synthetic:handwritten-templates-v1,true,not_applicable,,not_human_reviewed,CONSULTA_INFORMATIVA:08,la encuesta del Sisbén,Bucaramanga
syn-0054,Me haces el favor: ¿Cuál es el plazo habitual del certificado de antecedentes judiciales en Villavicencio?,CONSULTA_INFORMATIVA,synthetic:handwritten-templates-v1,true,not_applicable,,not_human_reviewed,CONSULTA_INFORMATIVA:03,el certificado de antecedentes judiciales,Villavicencio
syn-2135,"Disculpa, ¿Cuál es el canal institucional para pedir orientación sobre la cédula digital en Cartagena?",DERIVACION_ENTIDAD,synthetic:handwritten-templates-v1,true,not_applicable,,not_human_reviewed,DERIVACION_ENTIDAD:12,la cédula digital,Cartagena
syn-0836,"Buenas, Quiero abrir una gestión nueva de la presentación de PQRS en Cali.",SOLICITUD_TRAMITE,synthetic:handwritten-templates-v1,true,not_applicable,,not_human_reviewed,SOLICITUD_TRAMITE:16,la presentación de PQRS,Cali
syn-1050,"Buenos días, Tengo un radicado de la inscripción del RUT en Pereira y busco su estado.",VERIFICACION_ESTADO,synthetic:handwritten-templates-v1,true,not_applicable,,not_human_reviewed,VERIFICACION_ESTADO:05,la inscripción del RUT,Pereira
syn-1137,¿Puedo revisar el progreso de la inscripción del RUT que entregué en Barranquilla?,VERIFICACION_ESTADO,synthetic:handwritten-templates-v1,true,not_applicable,,not_human_reviewed,VERIFICACION_ESTADO:09,la inscripción del RUT,Barranquilla
syn-1141,"Buenos días, ¿Puedo revisar el progreso de la actualización del RUT que entregué en Cartagena?",VERIFICACION_ESTADO,synthetic:handwritten-templates-v1,true,not_applicable,,not_human_reviewed,VERIFICACION_ESTADO:09,la actualización del RUT,Cartagena
syn-0920,"Buenas tardes, Estoy listo para tramitar el certificado de antecedentes judiciales en Cúcuta, ¿cuál es el paso inicial?",SOLICITUD_TRAMITE,synthetic:handwritten-templates-v1,true,not_applicable,,not_human_reviewed,SOLICITUD_TRAMITE:20,el certificado de antecedentes judiciales,Cúcuta
syn-0883,"Buenos días, Ya decidí hacer la actualización del RUT en Cartagena; orienta mi solicitud.",SOLICITUD_TRAMITE,synthetic:handwritten-templates-v1,true,not_applicable,,not_human_reviewed,SOLICITUD_TRAMITE:18,la actualización del RUT,Cartagena
syn-0384,"Buenos días, ¿Cuáles son las etapas de la inscripción del RUT para alguien de Barranquilla?",CONSULTA_INFORMATIVA,synthetic:handwritten-templates-v1,true,not_applicable,,not_human_reviewed,CONSULTA_INFORMATIVA:17,la inscripción del RUT,Barranquilla
syn-0179,"Antes de empezar, quiero conocer los pasos de la consulta de historia laboral en Pasto.",CONSULTA_INFORMATIVA,synthetic:handwritten-templates-v1,true,not_applicable,,not_human_reviewed,CONSULTA_INFORMATIVA:08,la consulta de historia laboral,Pasto
syn-0272,"Por favor, ¿Hay algún pago relacionado con la renovación de la licencia de conducción en Manizales?",CONSULTA_INFORMATIVA,synthetic:handwritten-templates-v1,true,not_applicable,,not_human_reviewed,CONSULTA_INFORMATIVA:12,la renovación de la licencia de conducción,Manizales
syn-0210,Una preguntica: ¿Qué edad mínima se exige paral duplicado de la cédula en Barranquilla?,CONSULTA_INFORMATIVA,synthetic:handwritten-templates-v1,true,not_applicable,,not_human_reviewed,CONSULTA_INFORMATIVA:09,el duplicado de la cédula,Barranquilla
syn-0553,"Disculpa, Voy a gestionar el registro civil de nacimiento en Bogotá y busco el primer paso.",SOLICITUD_TRAMITE,synthetic:handwritten-templates-v1,true,not_applicable,,not_human_reviewed,SOLICITUD_TRAMITE:04,el registro civil de nacimiento,Bogotá
syn-2113,"Disculpa, ¿Dónde me atiende una persona por el duplicado de la cédula en Barranquilla?",DERIVACION_ENTIDAD,synthetic:handwritten-templates-v1,true,not_applicable,,not_human_reviewed,DERIVACION_ENTIDAD:11,el duplicado de la cédula,Barranquilla
syn-2235,"Disculpa, Quiero la dirección de la sede competente para la inscripción del RUT en Barranquilla.",DERIVACION_ENTIDAD,synthetic:handwritten-templates-v1,true,not_applicable,,not_human_reviewed,DERIVACION_ENTIDAD:16,la inscripción del RUT,Barranquilla
syn-0911,"Buenas, ¿me colaboras? Por favor, guíame para solicitar la corrección del registro civil en Medellín.",SOLICITUD_TRAMITE,synthetic:handwritten-templates-v1,true,not_applicable,,not_human_reviewed,SOLICITUD_TRAMITE:19,la corrección del registro civil,Medellín
syn-0632,"Buenas, ¿me colaboras? Me interesa realizar el pasaporte ordinario en Bucaramanga ahora.",SOLICITUD_TRAMITE,synthetic:handwritten-templates-v1,true,not_applicable,,not_human_reviewed,SOLICITUD_TRAMITE:07,el pasaporte ordinario,Bucaramanga
syn-0011,¿Qué documentos piden paral certificado de antecedentes judiciales en Cúcuta?,CONSULTA_INFORMATIVA,synthetic:handwritten-templates-v1,true,not_applicable,,not_human_reviewed,CONSULTA_INFORMATIVA:01,el certificado de antecedentes judiciales,Cúcuta
syn-2097,"Por favor, Quiero hablar con un funcionario responsable del certificado de afiliación a salud en Villavicencio.",DERIVACION_ENTIDAD,synthetic:handwritten-templates-v1,true,not_applicable,,not_human_reviewed,DERIVACION_ENTIDAD:10,el certificado de afiliación a salud,Villavicencio
syn-0219,"Buenos días, ¿Qué comprobantes debo llevar para la renovación de la licencia de conducción en Manizales?",CONSULTA_INFORMATIVA,synthetic:handwritten-templates-v1,true,not_applicable,,not_human_reviewed,CONSULTA_INFORMATIVA:10,la renovación de la licencia de conducción,Manizales
syn-0739,"Buenos días, Voy a diligenciar la solicitud de la cédula digital en Cartagena.",SOLICITUD_TRAMITE,synthetic:handwritten-templates-v1,true,not_applicable,,not_human_reviewed,SOLICITUD_TRAMITE:12,la cédula digital,Cartagena
syn-0649,"Por favor, Indícame cómo radicar una nueva solicitud de la actualización del RUT en Manizales.",SOLICITUD_TRAMITE,synthetic:handwritten-templates-v1,true,not_applicable,,not_human_reviewed,SOLICITUD_TRAMITE:08,la actualización del RUT,Manizales
syn-0798,"Disculpa, Tengo los documentos listos y voy a empezar el pasaporte ordinario en Bucaramanga.",SOLICITUD_TRAMITE,synthetic:handwritten-templates-v1,true,not_applicable,,not_human_reviewed,SOLICITUD_TRAMITE:15,el pasaporte ordinario,Bucaramanga
syn-1930,"Buenas, ¿Quién es el responsable institucional de la actualización del RUT en Cartagena?",DERIVACION_ENTIDAD,synthetic:handwritten-templates-v1,true,not_applicable,,not_human_reviewed,DERIVACION_ENTIDAD:03,la actualización del RUT,Cartagena
syn-2106,"Buenas, Quiero hablar con un funcionario responsable del duplicado de la cédula en Barranquilla.",DERIVACION_ENTIDAD,synthetic:handwritten-templates-v1,true,not_applicable,,not_human_reviewed,DERIVACION_ENTIDAD:10,el duplicado de la cédula,Barranquilla
syn-1906,¿A cuál oficina debo dirigirme por el certificado de antecedentes judiciales en Villavicencio?,DERIVACION_ENTIDAD,synthetic:handwritten-templates-v1,true,not_applicable,,not_human_reviewed,DERIVACION_ENTIDAD:02,el certificado de antecedentes judiciales,Villavicencio
syn-1606,"Buenas, El portal del certificado de antecedentes judiciales en Villavicencio se cierra sin guardar.",REPORTE_PROBLEMA,synthetic:handwritten-templates-v1,true,not_applicable,,not_human_reviewed,REPORTE_PROBLEMA:09,el certificado de antecedentes judiciales,Villavicencio
syn-1458,"Buenas, ¿me colaboras? El sistema del certificado de antecedentes judiciales en Villavicencio se queda bloqueado.",REPORTE_PROBLEMA,synthetic:handwritten-templates-v1,true,not_applicable,,not_human_reviewed,REPORTE_PROBLEMA:03,el certificado de antecedentes judiciales,Villavicencio
syn-1892,"Buenas, ¿me colaboras? ¿Qué entidad atiende la consulta de historia laboral en Pereira?",DERIVACION_ENTIDAD,synthetic:handwritten-templates-v1,true,not_applicable,,not_human_reviewed,DERIVACION_ENTIDAD:01,la consulta de historia laboral,Pereira
syn-0316,"Buenas, ¿Las condiciones de la inscripción del RUT son las mismas para todos en Barranquilla?",CONSULTA_INFORMATIVA,synthetic:handwritten-templates-v1,true,not_applicable,,not_human_reviewed,CONSULTA_INFORMATIVA:14,la inscripción del RUT,Barranquilla
syn-0549,"Buenas, Voy a gestionar el duplicado de la cédula en Barranquilla y busco el primer paso.",SOLICITUD_TRAMITE,synthetic:handwritten-templates-v1,true,not_applicable,,not_human_reviewed,SOLICITUD_TRAMITE:04,el duplicado de la cédula,Barranquilla
syn-0169,"Antes de empezar, quiero conocer los pasos del pasaporte ordinario en Cali.",CONSULTA_INFORMATIVA,synthetic:handwritten-templates-v1,true,not_applicable,,not_human_reviewed,CONSULTA_INFORMATIVA:08,el pasaporte ordinario,Cali
syn-0151,"Buenos días, ¿Qué diferencia hay entre la atención presencial y virtual para la consulta de historia laboral en Pereira?",CONSULTA_INFORMATIVA,synthetic:handwritten-templates-v1,true,not_applicable,,not_human_reviewed,CONSULTA_INFORMATIVA:07,la consulta de historia laboral,Pereira
syn-1461,"Buenas, El sistema de la cédula digital en Cartagena se queda bloqueado.",REPORTE_PROBLEMA,synthetic:handwritten-templates-v1,true,not_applicable,,not_human_reviewed,REPORTE_PROBLEMA:03,la cédula digital,Cartagena
syn-0505,"Por favor, Ayúdame a tramitar la renovación de la licencia de conducción desde Manizales.",SOLICITUD_TRAMITE,synthetic:handwritten-templates-v1,true,not_applicable,,not_human_reviewed,SOLICITUD_TRAMITE:02,la renovación de la licencia de conducción,Manizales
syn-1635,"Buenas, ¿me colaboras? La plataforma muestra un error de conexión al hacer la renovación de la licencia de conducción en Manizales.",REPORTE_PROBLEMA,synthetic:handwritten-templates-v1,true,not_applicable,,not_human_reviewed,REPORTE_PROBLEMA:10,la renovación de la licencia de conducción,Manizales
syn-0605,"Buenos días, Deseo comenzar el proceso del pasaporte ordinario en Cali.",SOLICITUD_TRAMITE,synthetic:handwritten-templates-v1,true,not_applicable,,not_human_reviewed,SOLICITUD_TRAMITE:06,el pasaporte ordinario,Cali
syn-1267,"Disculpa, ¿Mi solicitud anterior de la encuesta del Sisbén en Cúcuta continúa pendiente?",VERIFICACION_ESTADO,synthetic:handwritten-templates-v1,true,not_applicable,,not_human_reviewed,VERIFICACION_ESTADO:15,la encuesta del Sisbén,Cúcuta
syn-1582,"Hola, El enlace de la renovación de la licencia de conducción para Manizales está roto.",REPORTE_PROBLEMA,synthetic:handwritten-templates-v1,true,not_applicable,,not_human_reviewed,REPORTE_PROBLEMA:08,la renovación de la licencia de conducción,Manizales
syn-0176,"Me haces el favor: Antes de empezar, quiero conocer los pasos de la renovación de la licencia de conducción en Ibagué.",CONSULTA_INFORMATIVA,synthetic:handwritten-templates-v1,true,not_applicable,,not_human_reviewed,CONSULTA_INFORMATIVA:08,la renovación de la licencia de conducción,Ibagué
syn-2122,"Buenas tardes, ¿Dónde me atiende una persona por la encuesta del Sisbén en Bucaramanga?",DERIVACION_ENTIDAD,synthetic:handwritten-templates-v1,true,not_applicable,,not_human_reviewed,DERIVACION_ENTIDAD:11,la encuesta del Sisbén,Bucaramanga
syn-1354,"Disculpa, ¿Cómo veo el resultado de mi solicitud registrada del certificado de afiliación a salud en Villavicencio?",VERIFICACION_ESTADO,synthetic:handwritten-templates-v1,true,not_applicable,,not_human_reviewed,VERIFICACION_ESTADO:18,el certificado de afiliación a salud,Villavicencio
syn-1200,"Disculpa, ¿Dónde miro la respuesta a mi radicación de la presentación de PQRS en Cali?",VERIFICACION_ESTADO,synthetic:handwritten-templates-v1,true,not_applicable,,not_human_reviewed,VERIFICACION_ESTADO:12,la presentación de PQRS,Cali
syn-1393,¿Hay novedades de mi trámite de la cédula digital radicado en Cartagena?,VERIFICACION_ESTADO,synthetic:handwritten-templates-v1,true,not_applicable,,not_human_reviewed,VERIFICACION_ESTADO:20,la cédula digital,Cartagena
syn-0381,"Hola, ¿Cuáles son las etapas del pasaporte ordinario para alguien de Bucaramanga?",CONSULTA_INFORMATIVA,synthetic:handwritten-templates-v1,true,not_applicable,,not_human_reviewed,CONSULTA_INFORMATIVA:17,el pasaporte ordinario,Bucaramanga
syn-0885,"Disculpa, Ya decidí hacer la encuesta del Sisbén en Bucaramanga; orienta mi solicitud.",SOLICITUD_TRAMITE,synthetic:handwritten-templates-v1,true,not_applicable,,not_human_reviewed,SOLICITUD_TRAMITE:18,la encuesta del Sisbén,Bucaramanga
syn-0769,"Hola, Necesito el enlace para iniciar la consulta de historia laboral desde Pasto.",SOLICITUD_TRAMITE,synthetic:handwritten-templates-v1,true,not_applicable,,not_human_reviewed,SOLICITUD_TRAMITE:13,la consulta de historia laboral,Pasto
syn-1133,"Disculpa, ¿Puedo revisar el progreso del registro civil de nacimiento que entregué en Bogotá?",VERIFICACION_ESTADO,synthetic:handwritten-templates-v1,true,not_applicable,,not_human_reviewed,VERIFICACION_ESTADO:09,el registro civil de nacimiento,Bogotá
syn-0729,"Buenos días, Voy a diligenciar la solicitud de la encuesta del Sisbén en Bucaramanga.",SOLICITUD_TRAMITE,synthetic:handwritten-templates-v1,true,not_applicable,,not_human_reviewed,SOLICITUD_TRAMITE:12,la encuesta del Sisbén,Bucaramanga
syn-0468,"Hola, Estoy averiguando cómo es el duplicado de la cédula en Barranquilla, todavía no voy a iniciarlo.",CONSULTA_INFORMATIVA,synthetic:handwritten-templates-v1,true,not_applicable,,not_human_reviewed,CONSULTA_INFORMATIVA:20,el duplicado de la cédula,Barranquilla
syn-1005,"Buenos días, Quiero consultar el avance de la consulta de historia laboral que radiqué en Pasto.",VERIFICACION_ESTADO,synthetic:handwritten-templates-v1,true,not_applicable,,not_human_reviewed,VERIFICACION_ESTADO:03,la consulta de historia laboral,Pasto
syn-0923,"Una preguntica: Estoy listo para tramitar la renovación de la licencia de conducción en Ibagué, ¿cuál es el paso inicial?",SOLICITUD_TRAMITE,synthetic:handwritten-templates-v1,true,not_applicable,,not_human_reviewed,SOLICITUD_TRAMITE:20,la renovación de la licencia de conducción,Ibagué
syn-1605,"Hola, El portal de la actualización del RUT en Manizales se cierra sin guardar.",REPORTE_PROBLEMA,synthetic:handwritten-templates-v1,true,not_applicable,,not_human_reviewed,REPORTE_PROBLEMA:09,la actualización del RUT,Manizales
syn-0560,"Por favor, Voy a gestionar el certificado de antecedentes disciplinarios en Pasto y busco el primer paso.",SOLICITUD_TRAMITE,synthetic:handwritten-templates-v1,true,not_applicable,,not_human_reviewed,SOLICITUD_TRAMITE:04,el certificado de antecedentes disciplinarios,Pasto
syn-1299,"Disculpa, Ya envié los documentos del registro civil de nacimiento en Bogotá; busco la respuesta.",VERIFICACION_ESTADO,synthetic:handwritten-templates-v1,true,not_applicable,,not_human_reviewed,VERIFICACION_ESTADO:16,el registro civil de nacimiento,Bogotá
syn-0061,"Buenos días, ¿Cuál es el plazo habitual de la encuesta del Sisbén en Bucaramanga?",CONSULTA_INFORMATIVA,synthetic:handwritten-templates-v1,true,not_applicable,,not_human_reviewed,CONSULTA_INFORMATIVA:03,la encuesta del Sisbén,Bucaramanga
syn-0669,"Hola, Quiero agendar el inicio de la cédula digital en Medellín.",SOLICITUD_TRAMITE,synthetic:handwritten-templates-v1,true,not_applicable,,not_human_reviewed,SOLICITUD_TRAMITE:09,la cédula digital,Medellín
syn-1585,"Buenos días, El enlace de la actualización del RUT para Cartagena está roto.",REPORTE_PROBLEMA,synthetic:handwritten-templates-v1,true,not_applicable,,not_human_reviewed,REPORTE_PROBLEMA:08,la actualización del RUT,Cartagena
syn-2024,Me haces el favor: ¿Hay una sede que atienda consultas sobre la inscripción del RUT en Pereira?,DERIVACION_ENTIDAD,synthetic:handwritten-templates-v1,true,not_applicable,,not_human_reviewed,DERIVACION_ENTIDAD:07,la inscripción del RUT,Pereira
syn-1220,"Buenos días, Me dieron un comprobante del certificado de antecedentes disciplinarios en Pasto; quiero revisar la gestión.",VERIFICACION_ESTADO,synthetic:handwritten-templates-v1,true,not_applicable,,not_human_reviewed,VERIFICACION_ESTADO:13,el certificado de antecedentes disciplinarios,Pasto
syn-1258,¿Han actualizado el estado de mi petición del duplicado de la cédula en Bogotá?,VERIFICACION_ESTADO,synthetic:handwritten-templates-v1,true,not_applicable,,not_human_reviewed,VERIFICACION_ESTADO:14,el duplicado de la cédula,Bogotá
syn-1575,"Buenos días, El enlace del registro civil de nacimiento para Bogotá está roto.",REPORTE_PROBLEMA,synthetic:handwritten-templates-v1,true,not_applicable,,not_human_reviewed,REPORTE_PROBLEMA:08,el registro civil de nacimiento,Bogotá
syn-1240,"Buenos días, Me dieron un comprobante del duplicado de la cédula en Bogotá; quiero revisar la gestión.",VERIFICACION_ESTADO,synthetic:handwritten-templates-v1,true,not_applicable,,not_human_reviewed,VERIFICACION_ESTADO:13,el duplicado de la cédula,Bogotá
syn-0698,Una preguntica: ¿Me ayudas a arrancar con la renovación de la licencia de conducción en Ibagué?,SOLICITUD_TRAMITE,synthetic:handwritten-templates-v1,true,not_applicable,,not_human_reviewed,SOLICITUD_TRAMITE:10,la renovación de la licencia de conducción,Ibagué
syn-0156,"Buenas, ¿me colaboras? ¿Qué diferencia hay entre la atención presencial y virtual para la renovación de la licencia de conducción en Ibagué?",CONSULTA_INFORMATIVA,synthetic:handwritten-templates-v1,true,not_applicable,,not_human_reviewed,CONSULTA_INFORMATIVA:07,la renovación de la licencia de conducción,Ibagué
syn-2200,"Buenos días, ¿Qué organismo puede atender mi consulta de la inscripción del RUT en Pereira?",DERIVACION_ENTIDAD,synthetic:handwritten-templates-v1,true,not_applicable,,not_human_reviewed,DERIVACION_ENTIDAD:15,la inscripción del RUT,Pereira
syn-0476,Me haces el favor: Quiero iniciar la corrección del registro civil en Medellín.,SOLICITUD_TRAMITE,synthetic:handwritten-templates-v1,true,not_applicable,,not_human_reviewed,SOLICITUD_TRAMITE:01,la corrección del registro civil,Medellín
syn-2061,"Buenas, ¿me colaboras? ¿A qué dependencia le correspondel certificado de antecedentes fiscales en Ibagué?",DERIVACION_ENTIDAD,synthetic:handwritten-templates-v1,true,not_applicable,,not_human_reviewed,DERIVACION_ENTIDAD:09,el certificado de antecedentes fiscales,Ibagué
syn-0201,"Buenas, ¿me colaboras? ¿Qué edad mínima se exige paral certificado de antecedentes judiciales en Villavicencio?",CONSULTA_INFORMATIVA,synthetic:handwritten-templates-v1,true,not_applicable,,not_human_reviewed,CONSULTA_INFORMATIVA:09,el certificado de antecedentes judiciales,Villavicencio
syn-0110,Me haces el favor: ¿Se puede hacer la inscripción del RUT por internet desde Barranquilla?,CONSULTA_INFORMATIVA,synthetic:handwritten-templates-v1,true,not_applicable,,not_human_reviewed,CONSULTA_INFORMATIVA:05,la inscripción del RUT,Barranquilla
syn-0709,Me haces el favor: Es mi primera vez haciendo el duplicado de la cédula en Barranquilla; quiero empezarlo.,SOLICITUD_TRAMITE,synthetic:handwritten-templates-v1,true,not_applicable,,not_human_reviewed,SOLICITUD_TRAMITE:11,el duplicado de la cédula,Barranquilla
syn-1527,No puedo adjuntar los documentos de la encuesta del Sisbén en Bucaramanga; aparece un fallo.,REPORTE_PROBLEMA,synthetic:handwritten-templates-v1,true,not_applicable,,not_human_reviewed,REPORTE_PROBLEMA:06,la encuesta del Sisbén,Bucaramanga
syn-1026,"Por favor, ¿Cómo hago seguimiento a mi solicitud existente de la consulta de historia laboral en Pasto?",VERIFICACION_ESTADO,synthetic:handwritten-templates-v1,true,not_applicable,,not_human_reviewed,VERIFICACION_ESTADO:04,la consulta de historia laboral,Pasto
syn-0161,"Buenos días, ¿Qué diferencia hay entre la atención presencial y virtual paral pasaporte ordinario en Bucaramanga?",CONSULTA_INFORMATIVA,synthetic:handwritten-templates-v1,true,not_applicable,,not_human_reviewed,CONSULTA_INFORMATIVA:07,el pasaporte ordinario,Bucaramanga
syn-1484,"Por favor, Intenté pagar la renovación de la licencia de conducción en Ibagué y el portal rechazó la operación.",REPORTE_PROBLEMA,synthetic:handwritten-templates-v1,true,not_applicable,,not_human_reviewed,REPORTE_PROBLEMA:04,la renovación de la licencia de conducción,Ibagué
syn-2276,"Buenas, ¿Existe una línea de atención oficial para la inscripción del RUT en Pereira?",DERIVACION_ENTIDAD,synthetic:handwritten-templates-v1,true,not_applicable,,not_human_reviewed,DERIVACION_ENTIDAD:18,la inscripción del RUT,Pereira
syn-1619,"Por favor, La plataforma muestra un error de conexión al hacer el registro civil de nacimiento en Bogotá.",REPORTE_PROBLEMA,synthetic:handwritten-templates-v1,true,not_applicable,,not_human_reviewed,REPORTE_PROBLEMA:10,el registro civil de nacimiento,Bogotá
syn-0287,"Buenas tardes, Me explicas en palabras sencillas en qué consiste el duplicado de la cédula en Barranquilla.",CONSULTA_INFORMATIVA,synthetic:handwritten-templates-v1,true,not_applicable,,not_human_reviewed,CONSULTA_INFORMATIVA:13,el duplicado de la cédula,Barranquilla
syn-1515,"Hola, El botón para continuar con el certificado de afiliación a salud en Villavicencio no funciona.",REPORTE_PROBLEMA,synthetic:handwritten-templates-v1,true,not_applicable,,not_human_reviewed,REPORTE_PROBLEMA:05,el certificado de afiliación a salud,Villavicencio
syn-1548,"Buenas, ¿me colaboras? Se borró la información mientras hacíal certificado de antecedentes judiciales en Villavicencio.",REPORTE_PROBLEMA,synthetic:handwritten-templates-v1,true,not_applicable,,not_human_reviewed,REPORTE_PROBLEMA:07,el certificado de antecedentes judiciales,Villavicencio
syn-0787,Me haces el favor: Quiero pasar de la información a la solicitud de la renovación de la licencia de conducción en Ibagué.,SOLICITUD_TRAMITE,synthetic:handwritten-templates-v1,true,not_applicable,,not_human_reviewed,SOLICITUD_TRAMITE:14,la renovación de la licencia de conducción,Ibagué
syn-0680,¿Me ayudas a arrancar con la inscripción del RUT en Pereira?,SOLICITUD_TRAMITE,synthetic:handwritten-templates-v1,true,not_applicable,,not_human_reviewed,SOLICITUD_TRAMITE:10,la inscripción del RUT,Pereira
syn-1108,"Por favor, Busco saber si aprobaron mi solicitud de la actualización del RUT en Cartagena.",VERIFICACION_ESTADO,synthetic:handwritten-templates-v1,true,not_applicable,,not_human_reviewed,VERIFICACION_ESTADO:08,la actualización del RUT,Cartagena
syn-1837,"Buenas, ¿me colaboras? La cita de la renovación de la licencia de conducción en Manizales desapareció del sistema.",REPORTE_PROBLEMA,synthetic:handwritten-templates-v1,true,not_applicable,,not_human_reviewed,REPORTE_PROBLEMA:19,la renovación de la licencia de conducción,Manizales
syn-1387,"Buenos días, ¿Hay novedades de mi trámite de la inscripción del RUT radicado en Pereira?",VERIFICACION_ESTADO,synthetic:handwritten-templates-v1,true,not_applicable,,not_human_reviewed,VERIFICACION_ESTADO:20,la inscripción del RUT,Pereira
syn-0797,"Buenas tardes, Tengo los documentos listos y voy a empezar el duplicado de la cédula en Bogotá.",SOLICITUD_TRAMITE,synthetic:handwritten-templates-v1,true,not_applicable,,not_human_reviewed,SOLICITUD_TRAMITE:15,el duplicado de la cédula,Bogotá
syn-1740,"Hola, Se cayó el portal cuando estaba con la inscripción del RUT en Barranquilla.",REPORTE_PROBLEMA,synthetic:handwritten-templates-v1,true,not_applicable,,not_human_reviewed,REPORTE_PROBLEMA:15,la inscripción del RUT,Barranquilla
syn-1710,"Por favor, La pantalla del certificado de afiliación a salud en Villavicencio queda en blanco.",REPORTE_PROBLEMA,synthetic:handwritten-templates-v1,true,not_applicable,,not_human_reviewed,REPORTE_PROBLEMA:14,el certificado de afiliación a salud,Villavicencio
syn-1973,"Hola, ¿Con qué institución hablo sobre el registro civil de nacimiento en Bogotá?",DERIVACION_ENTIDAD,synthetic:handwritten-templates-v1,true,not_applicable,,not_human_reviewed,DERIVACION_ENTIDAD:05,el registro civil de nacimiento,Bogotá
syn-0493,"Hola, Ayúdame a tramitar el certificado de antecedentes disciplinarios desde Pasto.",SOLICITUD_TRAMITE,synthetic:handwritten-templates-v1,true,not_applicable,,not_human_reviewed,SOLICITUD_TRAMITE:02,el certificado de antecedentes disciplinarios,Pasto
syn-2120,"Por favor, ¿Dónde me atiende una persona por el pasaporte ordinario en Cali?",DERIVACION_ENTIDAD,synthetic:handwritten-templates-v1,true,not_applicable,,not_human_reviewed,DERIVACION_ENTIDAD:11,el pasaporte ordinario,Cali
syn-0333,Me haces el favor: ¿Qué datos pidel formulario de la cédula digital en Cartagena?,CONSULTA_INFORMATIVA,synthetic:handwritten-templates-v1,true,not_applicable,,not_human_reviewed,CONSULTA_INFORMATIVA:15,la cédula digital,Cartagena
syn-0613,Me interesa realizar la encuesta del Sisbén en Bucaramanga ahora.,SOLICITUD_TRAMITE,synthetic:handwritten-templates-v1,true,not_applicable,,not_human_reviewed,SOLICITUD_TRAMITE:07,la encuesta del Sisbén,Bucaramanga
syn-0158,"Hola, ¿Qué diferencia hay entre la atención presencial y virtual paral duplicado de la cédula en Bogotá?",CONSULTA_INFORMATIVA,synthetic:handwritten-templates-v1,true,not_applicable,,not_human_reviewed,CONSULTA_INFORMATIVA:07,el duplicado de la cédula,Bogotá
syn-1958,Una preguntica: Quiero contactar a la entidad encargada del certificado de antecedentes judiciales en Villavicencio.,DERIVACION_ENTIDAD,synthetic:handwritten-templates-v1,true,not_applicable,,not_human_reviewed,DERIVACION_ENTIDAD:04,el certificado de antecedentes judiciales,Villavicencio
syn-0816,"Buenos días, Tengo los documentos listos y voy a empezar la presentación de PQRS en Cali.",SOLICITUD_TRAMITE,synthetic:handwritten-templates-v1,true,not_applicable,,not_human_reviewed,SOLICITUD_TRAMITE:15,la presentación de PQRS,Cali
syn-1682,"Hola, Quiero reportar una falla en el servicio de la inscripción del RUT en Barranquilla.",REPORTE_PROBLEMA,synthetic:handwritten-templates-v1,true,not_applicable,,not_human_reviewed,REPORTE_PROBLEMA:12,la inscripción del RUT,Barranquilla
syn-1460,"Hola, El sistema del registro civil de nacimiento en Bogotá se queda bloqueado.",REPORTE_PROBLEMA,synthetic:handwritten-templates-v1,true,not_applicable,,not_human_reviewed,REPORTE_PROBLEMA:03,el registro civil de nacimiento,Bogotá
syn-1681,Quiero reportar una falla en el servicio de la cédula digital en Medellín.,REPORTE_PROBLEMA,synthetic:handwritten-templates-v1,true,not_applicable,,not_human_reviewed,REPORTE_PROBLEMA:12,la cédula digital,Medellín
syn-1541,"Buenos días, No puedo adjuntar los documentos de la consulta de historia laboral en Pereira; aparece un fallo.",REPORTE_PROBLEMA,synthetic:handwritten-templates-v1,true,not_applicable,,not_human_reviewed,REPORTE_PROBLEMA:06,la consulta de historia laboral,Pereira
syn-0296,"Buenos días, Me explicas en palabras sencillas en qué consiste el certificado de antecedentes disciplinarios en Pasto.",CONSULTA_INFORMATIVA,synthetic:handwritten-templates-v1,true,not_applicable,,not_human_reviewed,CONSULTA_INFORMATIVA:13,el certificado de antecedentes disciplinarios,Pasto
syn-1203,"Buenas, ¿me colaboras? ¿Dónde miro la respuesta a mi radicación del certificado de antecedentes judiciales en Villavicencio?",VERIFICACION_ESTADO,synthetic:handwritten-templates-v1,true,not_applicable,,not_human_reviewed,VERIFICACION_ESTADO:12,el certificado de antecedentes judiciales,Villavicencio
syn-0425,¿Debo presentar originales o copias paral duplicado de la cédula en Barranquilla?,CONSULTA_INFORMATIVA,synthetic:handwritten-templates-v1,true,not_applicable,,not_human_reviewed,CONSULTA_INFORMATIVA:19,el duplicado de la cédula,Barranquilla
syn-0033,"Buenas, ¿me colaboras? ¿Cuánto cuesta la inscripción del RUT en Pereira?",CONSULTA_INFORMATIVA,synthetic:handwritten-templates-v1,true,not_applicable,,not_human_reviewed,CONSULTA_INFORMATIVA:02,la inscripción del RUT,Pereira
syn-0645,"Buenas, ¿me colaboras? Indícame cómo radicar una nueva solicitud de la encuesta del Sisbén en Bucaramanga.",SOLICITUD_TRAMITE,synthetic:handwritten-templates-v1,true,not_applicable,,not_human_reviewed,SOLICITUD_TRAMITE:08,la encuesta del Sisbén,Bucaramanga
syn-1742,"Por favor, Se cayó el portal cuando estaba con la renovación de la licencia de conducción en Ibagué.",REPORTE_PROBLEMA,synthetic:handwritten-templates-v1,true,not_applicable,,not_human_reviewed,REPORTE_PROBLEMA:15,la renovación de la licencia de conducción,Ibagué
syn-1903,Me haces el favor: ¿A cuál oficina debo dirigirme por el certificado de afiliación a salud en Villavicencio?,DERIVACION_ENTIDAD,synthetic:handwritten-templates-v1,true,not_applicable,,not_human_reviewed,DERIVACION_ENTIDAD:02,el certificado de afiliación a salud,Villavicencio
syn-2039,Busco el contacto de la autoridad competente para la corrección del registro civil en Medellín.,DERIVACION_ENTIDAD,synthetic:handwritten-templates-v1,true,not_applicable,,not_human_reviewed,DERIVACION_ENTIDAD:08,la corrección del registro civil,Medellín
syn-0068,"Hola, ¿Cuál es el plazo habitual del duplicado de la cédula en Bogotá?",CONSULTA_INFORMATIVA,synthetic:handwritten-templates-v1,true,not_applicable,,not_human_reviewed,CONSULTA_INFORMATIVA:03,el duplicado de la cédula,Bogotá
syn-1348,¿Cómo veo el resultado de mi solicitud registrada del certificado de antecedentes judiciales en Cúcuta?,VERIFICACION_ESTADO,synthetic:handwritten-templates-v1,true,not_applicable,,not_human_reviewed,VERIFICACION_ESTADO:18,el certificado de antecedentes judiciales,Cúcuta
syn-1155,"Disculpa, Quiero saber si ya está listo el resultado del certificado de afiliación a salud en Villavicencio.",VERIFICACION_ESTADO,synthetic:handwritten-templates-v1,true,not_applicable,,not_human_reviewed,VERIFICACION_ESTADO:10,el certificado de afiliación a salud,Villavicencio
syn-1113,Una preguntica: Busco saber si aprobaron mi solicitud de la cédula digital en Cartagena.,VERIFICACION_ESTADO,synthetic:handwritten-templates-v1,true,not_applicable,,not_human_reviewed,VERIFICACION_ESTADO:08,la cédula digital,Cartagena
syn-1842,"Buenos días, La cita de la encuesta del Sisbén en Bucaramanga desapareció del sistema.",REPORTE_PROBLEMA,synthetic:handwritten-templates-v1,true,not_applicable,,not_human_reviewed,REPORTE_PROBLEMA:19,la encuesta del Sisbén,Bucaramanga
syn-0575,"Disculpa, Quisiera presentar una solicitud de la consulta de historia laboral en Pereira.",SOLICITUD_TRAMITE,synthetic:handwritten-templates-v1,true,not_applicable,,not_human_reviewed,SOLICITUD_TRAMITE:05,la consulta de historia laboral,Pereira
syn-1896,"Por favor, ¿Qué entidad atiende la actualización del RUT en Cartagena?",DERIVACION_ENTIDAD,synthetic:handwritten-templates-v1,true,not_applicable,,not_human_reviewed,DERIVACION_ENTIDAD:01,la actualización del RUT,Cartagena
syn-1402,"Buenas, ¿me colaboras? ¿Hay novedades de mi trámite de la actualización del RUT radicado en Manizales?",VERIFICACION_ESTADO,synthetic:handwritten-templates-v1,true,not_applicable,,not_human_reviewed,VERIFICACION_ESTADO:20,la actualización del RUT,Manizales
syn-0153,"Disculpa, ¿Qué diferencia hay entre la atención presencial y virtual para la encuesta del Sisbén en Cúcuta?",CONSULTA_INFORMATIVA,synthetic:handwritten-templates-v1,true,not_applicable,,not_human_reviewed,CONSULTA_INFORMATIVA:07,la encuesta del Sisbén,Cúcuta
syn-1893,¿Qué entidad atiende la encuesta del Sisbén en Bucaramanga?,DERIVACION_ENTIDAD,synthetic:handwritten-templates-v1,true,not_applicable,,not_human_reviewed,DERIVACION_ENTIDAD:01,la encuesta del Sisbén,Bucaramanga
syn-0096,"Disculpa, Explícame los requisitos del certificado de antecedentes judiciales en Villavicencio.",CONSULTA_INFORMATIVA,synthetic:handwritten-templates-v1,true,not_applicable,,not_human_reviewed,CONSULTA_INFORMATIVA:04,el certificado de antecedentes judiciales,Villavicencio
syn-0556,"Buenas, ¿me colaboras? Voy a gestionar el certificado de antecedentes judiciales en Villavicencio y busco el primer paso.",SOLICITUD_TRAMITE,synthetic:handwritten-templates-v1,true,not_applicable,,not_human_reviewed,SOLICITUD_TRAMITE:04,el certificado de antecedentes judiciales,Villavicencio
syn-0974,"Buenas tardes, Ya hice la actualización del RUT en Manizales, ¿cómo va la gestión?",VERIFICACION_ESTADO,synthetic:handwritten-templates-v1,true,not_applicable,,not_human_reviewed,VERIFICACION_ESTADO:02,la actualización del RUT,Manizales
syn-1161,"Buenas, Quiero saber si ya está listo el resultado de la presentación de PQRS en Cali.",VERIFICACION_ESTADO,synthetic:handwritten-templates-v1,true,not_applicable,,not_human_reviewed,VERIFICACION_ESTADO:10,la presentación de PQRS,Cali
syn-1818,"Por favor, No me deja ingresar a la plataforma del registro civil de nacimiento en Bogotá.",REPORTE_PROBLEMA,synthetic:handwritten-templates-v1,true,not_applicable,,not_human_reviewed,REPORTE_PROBLEMA:18,el registro civil de nacimiento,Bogotá
syn-2206,¿Qué organismo puede atender mi consulta del certificado de antecedentes fiscales en Ibagué?,DERIVACION_ENTIDAD,synthetic:handwritten-templates-v1,true,not_applicable,,not_human_reviewed,DERIVACION_ENTIDAD:15,el certificado de antecedentes fiscales,Ibagué
syn-1778,Me haces el favor: El comprobante de la encuesta del Sisbén en Bucaramanga no se puede descargar.,REPORTE_PROBLEMA,synthetic:handwritten-templates-v1,true,not_applicable,,not_human_reviewed,REPORTE_PROBLEMA:16,la encuesta del Sisbén,Bucaramanga
syn-1846,Una preguntica: La cita de la presentación de PQRS en Cali desapareció del sistema.,REPORTE_PROBLEMA,synthetic:handwritten-templates-v1,true,not_applicable,,not_human_reviewed,REPORTE_PROBLEMA:19,la presentación de PQRS,Cali
syn-0433,Una preguntica: ¿Debo presentar originales o copias paral duplicado de la cédula en Bogotá?,CONSULTA_INFORMATIVA,synthetic:handwritten-templates-v1,true,not_applicable,,not_human_reviewed,CONSULTA_INFORMATIVA:19,el duplicado de la cédula,Bogotá
syn-0471,"Buenas, Quiero iniciar el certificado de antecedentes judiciales en Villavicencio.",SOLICITUD_TRAMITE,synthetic:handwritten-templates-v1,true,not_applicable,,not_human_reviewed,SOLICITUD_TRAMITE:01,el certificado de antecedentes judiciales,Villavicencio
syn-0088,Una preguntica: Explícame los requisitos de la cédula digital en Cartagena.,CONSULTA_INFORMATIVA,synthetic:handwritten-templates-v1,true,not_applicable,,not_human_reviewed,CONSULTA_INFORMATIVA:04,la cédula digital,Cartagena
syn-1883,¿Qué entidad atiende la cédula digital en Cartagena?,DERIVACION_ENTIDAD,synthetic:handwritten-templates-v1,true,not_applicable,,not_human_reviewed,DERIVACION_ENTIDAD:01,la cédula digital,Cartagena
syn-1082,"Presenté la encuesta del Sisbén en Bucaramanga, ¿sigue en revisión?",VERIFICACION_ESTADO,synthetic:handwritten-templates-v1,true,not_applicable,,not_human_reviewed,VERIFICACION_ESTADO:07,la encuesta del Sisbén,Bucaramanga
syn-1833,"Buenas tardes, La cita de la cédula digital en Cartagena desapareció del sistema.",REPORTE_PROBLEMA,synthetic:handwritten-templates-v1,true,not_applicable,,not_human_reviewed,REPORTE_PROBLEMA:19,la cédula digital,Cartagena
syn-0196,"Buenos días, ¿Qué edad mínima se exige paral certificado de antecedentes fiscales en Ibagué?",CONSULTA_INFORMATIVA,synthetic:handwritten-templates-v1,true,not_applicable,,not_human_reviewed,CONSULTA_INFORMATIVA:09,el certificado de antecedentes fiscales,Ibagué
syn-2008,"Buenos días, Oriéntame hacial canal oficial de atención del registro civil de nacimiento en Bogotá.",DERIVACION_ENTIDAD,synthetic:handwritten-templates-v1,true,not_applicable,,not_human_reviewed,DERIVACION_ENTIDAD:06,el registro civil de nacimiento,Bogotá
syn-1159,Quiero saber si ya está listo el resultado del certificado de antecedentes judiciales en Villavicencio.,VERIFICACION_ESTADO,synthetic:handwritten-templates-v1,true,not_applicable,,not_human_reviewed,VERIFICACION_ESTADO:10,el certificado de antecedentes judiciales,Villavicencio
syn-0679,"Buenas, ¿me colaboras? ¿Me ayudas a arrancar con el pasaporte ordinario en Cali?",SOLICITUD_TRAMITE,synthetic:handwritten-templates-v1,true,not_applicable,,not_human_reviewed,SOLICITUD_TRAMITE:10,el pasaporte ordinario,Cali
syn-1607,"Por favor, El portal de la actualización del RUT en Cartagena se cierra sin guardar.",REPORTE_PROBLEMA,synthetic:handwritten-templates-v1,true,not_applicable,,not_human_reviewed,REPORTE_PROBLEMA:09,la actualización del RUT,Cartagena
syn-1321,"Buenas tardes, Necesito consultar si finalizaron el certificado de antecedentes disciplinarios que inicié en Pasto.",VERIFICACION_ESTADO,synthetic:handwritten-templates-v1,true,not_applicable,,not_human_reviewed,VERIFICACION_ESTADO:17,el certificado de antecedentes disciplinarios,Pasto
syn-2129,"Buenas, ¿Dónde me atiende una persona por la cédula digital en Cartagena?",DERIVACION_ENTIDAD,synthetic:handwritten-templates-v1,true,not_applicable,,not_human_reviewed,DERIVACION_ENTIDAD:11,la cédula digital,Cartagena
syn-1732,"Buenas tardes, La pantalla del certificado de antecedentes fiscales en Ibagué queda en blanco.",REPORTE_PROBLEMA,synthetic:handwritten-templates-v1,true,not_applicable,,not_human_reviewed,REPORTE_PROBLEMA:14,el certificado de antecedentes fiscales,Ibagué
syn-1024,"Hola, ¿Cómo hago seguimiento a mi solicitud existente de la cédula digital en Medellín?",VERIFICACION_ESTADO,synthetic:handwritten-templates-v1,true,not_applicable,,not_human_reviewed,VERIFICACION_ESTADO:04,la cédula digital,Medellín
syn-0170,"Hola, Antes de empezar, quiero conocer los pasos de la encuesta del Sisbén en Cúcuta.",CONSULTA_INFORMATIVA,synthetic:handwritten-templates-v1,true,not_applicable,,not_human_reviewed,CONSULTA_INFORMATIVA:08,la encuesta del Sisbén,Cúcuta
syn-0351,"Buenas tardes, ¿Qué datos pidel formulario de la inscripción del RUT en Barranquilla?",CONSULTA_INFORMATIVA,synthetic:handwritten-templates-v1,true,not_applicable,,not_human_reviewed,CONSULTA_INFORMATIVA:15,la inscripción del RUT,Barranquilla
syn-1440,"Por favor, Me sale un error al llenar el formulario de la actualización del RUT en Cartagena.",REPORTE_PROBLEMA,synthetic:handwritten-templates-v1,true,not_applicable,,not_human_reviewed,REPORTE_PROBLEMA:02,la actualización del RUT,Cartagena
syn-0020,"Buenas, ¿me colaboras? ¿Qué documentos piden para la actualización del RUT en Cartagena?",CONSULTA_INFORMATIVA,synthetic:handwritten-templates-v1,true,not_applicable,,not_human_reviewed,CONSULTA_INFORMATIVA:01,la actualización del RUT,Cartagena
syn-1305,"Buenas, Ya envié los documentos de la renovación de la licencia de conducción en Manizales; busco la respuesta.",VERIFICACION_ESTADO,synthetic:handwritten-templates-v1,true,not_applicable,,not_human_reviewed,VERIFICACION_ESTADO:16,la renovación de la licencia de conducción,Manizales
syn-0115,"Buenas, ¿Se puede hacer el registro civil de nacimiento por internet desde Bogotá?",CONSULTA_INFORMATIVA,synthetic:handwritten-templates-v1,true,not_applicable,,not_human_reviewed,CONSULTA_INFORMATIVA:05,el registro civil de nacimiento,Bogotá
syn-0975,"Disculpa, Ya hice la consulta de historia laboral en Pasto, ¿cómo va la gestión?",VERIFICACION_ESTADO,synthetic:handwritten-templates-v1,true,not_applicable,,not_human_reviewed,VERIFICACION_ESTADO:02,la consulta de historia laboral,Pasto
syn-1132,"Buenas tardes, ¿Puedo revisar el progreso de la consulta de historia laboral que entregué en Pereira?",VERIFICACION_ESTADO,synthetic:handwritten-templates-v1,true,not_applicable,,not_human_reviewed,VERIFICACION_ESTADO:09,la consulta de historia laboral,Pereira
syn-2203,Me haces el favor: ¿Qué organismo puede atender mi consulta de la consulta de historia laboral en Pereira?,DERIVACION_ENTIDAD,synthetic:handwritten-templates-v1,true,not_applicable,,not_human_reviewed,DERIVACION_ENTIDAD:15,la consulta de historia laboral,Pereira
syn-0777,Me haces el favor: Quiero pasar de la información a la solicitud de la inscripción del RUT en Barranquilla.,SOLICITUD_TRAMITE,synthetic:handwritten-templates-v1,true,not_applicable,,not_human_reviewed,SOLICITUD_TRAMITE:14,la inscripción del RUT,Barranquilla
syn-0831,Me haces el favor: Quiero abrir una gestión nueva del pasaporte ordinario en Bucaramanga.,SOLICITUD_TRAMITE,synthetic:handwritten-templates-v1,true,not_applicable,,not_human_reviewed,SOLICITUD_TRAMITE:16,el pasaporte ordinario,Bucaramanga
syn-0192,¿Qué edad mínima se exige para la inscripción del RUT en Barranquilla?,CONSULTA_INFORMATIVA,synthetic:handwritten-templates-v1,true,not_applicable,,not_human_reviewed,CONSULTA_INFORMATIVA:09,la inscripción del RUT,Barranquilla
syn-2055,"Disculpa, Busco el contacto de la autoridad competente paral certificado de antecedentes judiciales en Cúcuta.",DERIVACION_ENTIDAD,synthetic:handwritten-templates-v1,true,not_applicable,,not_human_reviewed,DERIVACION_ENTIDAD:08,el certificado de antecedentes judiciales,Cúcuta
syn-2086,"Buenas, Quiero hablar con un funcionario responsable de la actualización del RUT en Manizales.",DERIVACION_ENTIDAD,synthetic:handwritten-templates-v1,true,not_applicable,,not_human_reviewed,DERIVACION_ENTIDAD:10,la actualización del RUT,Manizales
syn-1331,"Buenas tardes, Necesito consultar si finalizaron la encuesta del Sisbén que inicié en Bucaramanga.",VERIFICACION_ESTADO,synthetic:handwritten-templates-v1,true,not_applicable,,not_human_reviewed,VERIFICACION_ESTADO:17,la encuesta del Sisbén,Bucaramanga
syn-1758,Me haces el favor: El comprobante del pasaporte ordinario en Bucaramanga no se puede descargar.,REPORTE_PROBLEMA,synthetic:handwritten-templates-v1,true,not_applicable,,not_human_reviewed,REPORTE_PROBLEMA:16,el pasaporte ordinario,Bucaramanga
syn-1339,"Hola, ¿Cómo veo el resultado de mi solicitud registrada de la encuesta del Sisbén en Cúcuta?",VERIFICACION_ESTADO,synthetic:handwritten-templates-v1,true,not_applicable,,not_human_reviewed,VERIFICACION_ESTADO:18,la encuesta del Sisbén,Cúcuta
syn-0166,"Me haces el favor: Antes de empezar, quiero conocer los pasos de la cédula digital en Medellín.",CONSULTA_INFORMATIVA,synthetic:handwritten-templates-v1,true,not_applicable,,not_human_reviewed,CONSULTA_INFORMATIVA:08,la cédula digital,Medellín
syn-1737,Una preguntica: Se cayó el portal cuando estaba con el certificado de antecedentes judiciales en Villavicencio.,REPORTE_PROBLEMA,synthetic:handwritten-templates-v1,true,not_applicable,,not_human_reviewed,REPORTE_PROBLEMA:15,el certificado de antecedentes judiciales,Villavicencio
syn-2098,"Buenos días, Quiero hablar con un funcionario responsable de la renovación de la licencia de conducción en Ibagué.",DERIVACION_ENTIDAD,synthetic:handwritten-templates-v1,true,not_applicable,,not_human_reviewed,DERIVACION_ENTIDAD:10,la renovación de la licencia de conducción,Ibagué
syn-1401,Una preguntica: ¿Hay novedades de mi trámite de la renovación de la licencia de conducción radicado en Manizales?,VERIFICACION_ESTADO,synthetic:handwritten-templates-v1,true,not_applicable,,not_human_reviewed,VERIFICACION_ESTADO:20,la renovación de la licencia de conducción,Manizales
syn-0615,"Buenas, Me interesa realizar la actualización del RUT en Cartagena ahora.",SOLICITUD_TRAMITE,synthetic:handwritten-templates-v1,true,not_applicable,,not_human_reviewed,SOLICITUD_TRAMITE:07,la actualización del RUT,Cartagena
syn-2287,"Por favor, ¿Existe una línea de atención oficial para la consulta de historia laboral en Pereira?",DERIVACION_ENTIDAD,synthetic:handwritten-templates-v1,true,not_applicable,,not_human_reviewed,DERIVACION_ENTIDAD:18,la consulta de historia laboral,Pereira
syn-1428,"Hola, Me sale un error al llenar el formulario del certificado de antecedentes judiciales en Villavicencio.",REPORTE_PROBLEMA,synthetic:handwritten-templates-v1,true,not_applicable,,not_human_reviewed,REPORTE_PROBLEMA:02,el certificado de antecedentes judiciales,Villavicencio
syn-0499,Me haces el favor: Ayúdame a tramitar la presentación de PQRS desde Cali.,SOLICITUD_TRAMITE,synthetic:handwritten-templates-v1,true,not_applicable,,not_human_reviewed,SOLICITUD_TRAMITE:02,la presentación de PQRS,Cali
syn-1158,"Buenas, ¿me colaboras? Quiero saber si ya está listo el resultado de la inscripción del RUT en Barranquilla.",VERIFICACION_ESTADO,synthetic:handwritten-templates-v1,true,not_applicable,,not_human_reviewed,VERIFICACION_ESTADO:10,la inscripción del RUT,Barranquilla
syn-2226,Me haces el favor: Quiero la dirección de la sede competente paral certificado de antecedentes fiscales en Ibagué.,DERIVACION_ENTIDAD,synthetic:handwritten-templates-v1,true,not_applicable,,not_human_reviewed,DERIVACION_ENTIDAD:16,el certificado de antecedentes fiscales,Ibagué
syn-0832,Una preguntica: Quiero abrir una gestión nueva de la renovación de la licencia de conducción en Ibagué.,SOLICITUD_TRAMITE,synthetic:handwritten-templates-v1,true,not_applicable,,not_human_reviewed,SOLICITUD_TRAMITE:16,la renovación de la licencia de conducción,Ibagué
syn-1965,"Buenas tardes, Quiero contactar a la entidad encargada del certificado de antecedentes fiscales en Ibagué.",DERIVACION_ENTIDAD,synthetic:handwritten-templates-v1,true,not_applicable,,not_human_reviewed,DERIVACION_ENTIDAD:04,el certificado de antecedentes fiscales,Ibagué
syn-0765,Me haces el favor: Necesito el enlace para iniciar la cédula digital desde Cartagena.,SOLICITUD_TRAMITE,synthetic:handwritten-templates-v1,true,not_applicable,,not_human_reviewed,SOLICITUD_TRAMITE:13,la cédula digital,Cartagena
syn-2269,Una preguntica: ¿Cómo contacto al área de atención ciudadana de la consulta de historia laboral en Pasto?,DERIVACION_ENTIDAD,synthetic:handwritten-templates-v1,true,not_applicable,,not_human_reviewed,DERIVACION_ENTIDAD:17,la consulta de historia laboral,Pasto
syn-0813,"Hola, Tengo los documentos listos y voy a empezar la inscripción del RUT en Barranquilla.",SOLICITUD_TRAMITE,synthetic:handwritten-templates-v1,true,not_applicable,,not_human_reviewed,SOLICITUD_TRAMITE:15,la inscripción del RUT,Barranquilla
syn-1629,"Por favor, La plataforma muestra un error de conexión al hacer la cédula digital en Cartagena.",REPORTE_PROBLEMA,synthetic:handwritten-templates-v1,true,not_applicable,,not_human_reviewed,REPORTE_PROBLEMA:10,la cédula digital,Cartagena
syn-2295,"Buenas, ¿me colaboras? Busco atención presencial de la institución que lleval pasaporte ordinario en Bucaramanga.",DERIVACION_ENTIDAD,synthetic:handwritten-templates-v1,true,not_applicable,,not_human_reviewed,DERIVACION_ENTIDAD:19,el pasaporte ordinario,Bucaramanga
syn-0726,"Hola, Voy a diligenciar la solicitud del duplicado de la cédula en Bogotá.",SOLICITUD_TRAMITE,synthetic:handwritten-templates-v1,true,not_applicable,,not_human_reviewed,SOLICITUD_TRAMITE:12,el duplicado de la cédula,Bogotá
syn-1670,"Buenas, ¿me colaboras? Quiero reportar una falla en el servicio de la cédula digital en Cartagena.",REPORTE_PROBLEMA,synthetic:handwritten-templates-v1,true,not_applicable,,not_human_reviewed,REPORTE_PROBLEMA:12,la cédula digital,Cartagena
syn-0517,"Buenas, Necesito hacer la cédula digital en Medellín, ¿cómo empiezo?",SOLICITUD_TRAMITE,synthetic:handwritten-templates-v1,true,not_applicable,,not_human_reviewed,SOLICITUD_TRAMITE:03,la cédula digital,Medellín
syn-1079,"Me haces el favor: Presenté la encuesta del Sisbén en Cúcuta, ¿sigue en revisión?",VERIFICACION_ESTADO,synthetic:handwritten-templates-v1,true,not_applicable,,not_human_reviewed,VERIFICACION_ESTADO:07,la encuesta del Sisbén,Cúcuta
syn-1270,"Buenas, ¿me colaboras? ¿Mi solicitud anterior del duplicado de la cédula en Bogotá continúa pendiente?",VERIFICACION_ESTADO,synthetic:handwritten-templates-v1,true,not_applicable,,not_human_reviewed,VERIFICACION_ESTADO:15,el duplicado de la cédula,Bogotá
syn-0394,"Buenos días, ¿Cuáles son las etapas de la actualización del RUT para alguien de Manizales?",CONSULTA_INFORMATIVA,synthetic:handwritten-templates-v1,true,not_applicable,,not_human_reviewed,CONSULTA_INFORMATIVA:17,la actualización del RUT,Manizales
syn-0494,"Buenas, Ayúdame a tramitar la consulta de historia laboral desde Pereira.",SOLICITUD_TRAMITE,synthetic:handwritten-templates-v1,true,not_applicable,,not_human_reviewed,SOLICITUD_TRAMITE:02,la consulta de historia laboral,Pereira
syn-2070,Una preguntica: ¿A qué dependencia le corresponde la encuesta del Sisbén en Bucaramanga?,DERIVACION_ENTIDAD,synthetic:handwritten-templates-v1,true,not_applicable,,not_human_reviewed,DERIVACION_ENTIDAD:09,la encuesta del Sisbén,Bucaramanga
syn-1074,"Buenas tardes, ¿Ya respondieron mi petición de la presentación de PQRS en Cali?",VERIFICACION_ESTADO,synthetic:handwritten-templates-v1,true,not_applicable,,not_human_reviewed,VERIFICACION_ESTADO:06,la presentación de PQRS,Cali
syn-0198,"Disculpa, ¿Qué edad mínima se exige para la actualización del RUT en Manizales?",CONSULTA_INFORMATIVA,synthetic:handwritten-templates-v1,true,not_applicable,,not_human_reviewed,CONSULTA_INFORMATIVA:09,la actualización del RUT,Manizales
syn-1881,Una preguntica: ¿Qué entidad atiende la renovación de la licencia de conducción en Ibagué?,DERIVACION_ENTIDAD,synthetic:handwritten-templates-v1,true,not_applicable,,not_human_reviewed,DERIVACION_ENTIDAD:01,la renovación de la licencia de conducción,Ibagué
syn-0220,"Buenas tardes, ¿Qué comprobantes debo llevar para la actualización del RUT en Manizales?",CONSULTA_INFORMATIVA,synthetic:handwritten-templates-v1,true,not_applicable,,not_human_reviewed,CONSULTA_INFORMATIVA:10,la actualización del RUT,Manizales
syn-0368,"Vivo en Bogotá, ¿dónde leo los requisitos oficiales del duplicado de la cédula?",CONSULTA_INFORMATIVA,synthetic:handwritten-templates-v1,true,not_applicable,,not_human_reviewed,CONSULTA_INFORMATIVA:16,el duplicado de la cédula,Bogotá
syn-2292,Una preguntica: ¿Existe una línea de atención oficial para la cédula digital en Cartagena?,DERIVACION_ENTIDAD,synthetic:handwritten-templates-v1,true,not_applicable,,not_human_reviewed,DERIVACION_ENTIDAD:18,la cédula digital,Cartagena
syn-1925,Me haces el favor: ¿Quién es el responsable institucional del certificado de antecedentes judiciales en Cúcuta?,DERIVACION_ENTIDAD,synthetic:handwritten-templates-v1,true,not_applicable,,not_human_reviewed,DERIVACION_ENTIDAD:03,el certificado de antecedentes judiciales,Cúcuta
syn-1652,"Por favor, El formulario de la presentación de PQRS en Cali rechaza datos que son correctos.",REPORTE_PROBLEMA,synthetic:handwritten-templates-v1,true,not_applicable,,not_human_reviewed,REPORTE_PROBLEMA:11,la presentación de PQRS,Cali
syn-0882,"Por favor, Ya decidí hacer la renovación de la licencia de conducción en Ibagué; orienta mi solicitud.",SOLICITUD_TRAMITE,synthetic:handwritten-templates-v1,true,not_applicable,,not_human_reviewed,SOLICITUD_TRAMITE:18,la renovación de la licencia de conducción,Ibagué
syn-2337,Una preguntica: ¿A quién le corresponde orientarme sobre la encuesta del Sisbén en Cúcuta?,DERIVACION_ENTIDAD,synthetic:handwritten-templates-v1,true,not_applicable,,not_human_reviewed,DERIVACION_ENTIDAD:20,la encuesta del Sisbén,Cúcuta
syn-1430,"Por favor, Me sale un error al llenar el formulario del duplicado de la cédula en Bogotá.",REPORTE_PROBLEMA,synthetic:handwritten-templates-v1,true,not_applicable,,not_human_reviewed,REPORTE_PROBLEMA:02,el duplicado de la cédula,Bogotá
syn-1666,"Buenas tardes, Quiero reportar una falla en el servicio del certificado de antecedentes judiciales en Villavicencio.",REPORTE_PROBLEMA,synthetic:handwritten-templates-v1,true,not_applicable,,not_human_reviewed,REPORTE_PROBLEMA:12,el certificado de antecedentes judiciales,Villavicencio
syn-1029,"Disculpa, ¿Cómo hago seguimiento a mi solicitud existente del pasaporte ordinario en Cali?",VERIFICACION_ESTADO,synthetic:handwritten-templates-v1,true,not_applicable,,not_human_reviewed,VERIFICACION_ESTADO:04,el pasaporte ordinario,Cali
syn-0071,"Buenos días, ¿Cuál es el plazo habitual de la presentación de PQRS en Cali?",CONSULTA_INFORMATIVA,synthetic:handwritten-templates-v1,true,not_applicable,,not_human_reviewed,CONSULTA_INFORMATIVA:03,la presentación de PQRS,Cali
syn-1175,"Buenos días, Hace unos días presenté la encuesta del Sisbén en Bucaramanga; ¿en qué etapa va?",VERIFICACION_ESTADO,synthetic:handwritten-templates-v1,true,not_applicable,,not_human_reviewed,VERIFICACION_ESTADO:11,la encuesta del Sisbén,Bucaramanga
syn-1126,"Buenas, ¿me colaboras? ¿Puedo revisar el progreso del certificado de antecedentes disciplinarios que entregué en Pasto?",VERIFICACION_ESTADO,synthetic:handwritten-templates-v1,true,not_applicable,,not_human_reviewed,VERIFICACION_ESTADO:09,el certificado de antecedentes disciplinarios,Pasto
syn-0069,"Buenas, ¿Cuál es el plazo habitual de la consulta de historia laboral en Pasto?",CONSULTA_INFORMATIVA,synthetic:handwritten-templates-v1,true,not_applicable,,not_human_reviewed,CONSULTA_INFORMATIVA:03,la consulta de historia laboral,Pasto
syn-0049,"Buenas, ¿Cuál es el plazo habitual de la renovación de la licencia de conducción en Ibagué?",CONSULTA_INFORMATIVA,synthetic:handwritten-templates-v1,true,not_applicable,,not_human_reviewed,CONSULTA_INFORMATIVA:03,la renovación de la licencia de conducción,Ibagué
syn-1685,"Buenos días, Quiero reportar una falla en el servicio del certificado de antecedentes judiciales en Cúcuta.",REPORTE_PROBLEMA,synthetic:handwritten-templates-v1,true,not_applicable,,not_human_reviewed,REPORTE_PROBLEMA:12,el certificado de antecedentes judiciales,Cúcuta
syn-2320,"Hola, ¿A quién le corresponde orientarme sobre la cédula digital en Medellín?",DERIVACION_ENTIDAD,synthetic:handwritten-templates-v1,true,not_applicable,,not_human_reviewed,DERIVACION_ENTIDAD:20,la cédula digital,Medellín
syn-2273,"Buenas, ¿me colaboras? ¿Existe una línea de atención oficial paral certificado de antecedentes judiciales en Cúcuta?",DERIVACION_ENTIDAD,synthetic:handwritten-templates-v1,true,not_applicable,,not_human_reviewed,DERIVACION_ENTIDAD:18,el certificado de antecedentes judiciales,Cúcuta
syn-1999,"Buenas tardes, Oriéntame hacial canal oficial de atención del duplicado de la cédula en Barranquilla.",DERIVACION_ENTIDAD,synthetic:handwritten-templates-v1,true,not_applicable,,not_human_reviewed,DERIVACION_ENTIDAD:06,el duplicado de la cédula,Barranquilla
syn-1980,Una preguntica: ¿Con qué institución hablo sobre la cédula digital en Medellín?,DERIVACION_ENTIDAD,synthetic:handwritten-templates-v1,true,not_applicable,,not_human_reviewed,DERIVACION_ENTIDAD:05,la cédula digital,Medellín
syn-0248,"Hola, Busco información general sobre el duplicado de la cédula en Barranquilla.",CONSULTA_INFORMATIVA,synthetic:handwritten-templates-v1,true,not_applicable,,not_human_reviewed,CONSULTA_INFORMATIVA:11,el duplicado de la cédula,Barranquilla
syn-1529,"Buenas, No puedo adjuntar los documentos de la cédula digital en Cartagena; aparece un fallo.",REPORTE_PROBLEMA,synthetic:handwritten-templates-v1,true,not_applicable,,not_human_reviewed,REPORTE_PROBLEMA:06,la cédula digital,Cartagena
syn-1868,Me haces el favor: Hay un problema: el portal del duplicado de la cédula en Bogotá no termina de procesar.,REPORTE_PROBLEMA,synthetic:handwritten-templates-v1,true,not_applicable,,not_human_reviewed,REPORTE_PROBLEMA:20,el duplicado de la cédula,Bogotá
syn-0896,"Buenos días, Por favor, guíame para solicitar la inscripción del RUT en Barranquilla.",SOLICITUD_TRAMITE,synthetic:handwritten-templates-v1,true,not_applicable,,not_human_reviewed,SOLICITUD_TRAMITE:19,la inscripción del RUT,Barranquilla
syn-0038,"Buenos días, ¿Cuánto cuesta la consulta de historia laboral en Pasto?",CONSULTA_INFORMATIVA,synthetic:handwritten-templates-v1,true,not_applicable,,not_human_reviewed,CONSULTA_INFORMATIVA:02,la consulta de historia laboral,Pasto
syn-0619,"Disculpa, Me interesa realizar la inscripción del RUT en Pereira ahora.",SOLICITUD_TRAMITE,synthetic:handwritten-templates-v1,true,not_applicable,,not_human_reviewed,SOLICITUD_TRAMITE:07,la inscripción del RUT,Pereira
syn-0279,¿Hay algún pago relacionado con el pasaporte ordinario en Cali?,CONSULTA_INFORMATIVA,synthetic:handwritten-templates-v1,true,not_applicable,,not_human_reviewed,CONSULTA_INFORMATIVA:12,el pasaporte ordinario,Cali
syn-0948,"Hola, ¿En qué estado está mi solicitud del duplicado de la cédula presentada en Bogotá?",VERIFICACION_ESTADO,synthetic:handwritten-templates-v1,true,not_applicable,,not_human_reviewed,VERIFICACION_ESTADO:01,el duplicado de la cédula,Bogotá
syn-0564,"Buenas tardes, Quisiera presentar una solicitud de la presentación de PQRS en Cali.",SOLICITUD_TRAMITE,synthetic:handwritten-templates-v1,true,not_applicable,,not_human_reviewed,SOLICITUD_TRAMITE:05,la presentación de PQRS,Cali
syn-1690,"Disculpa, El código de verificación del duplicado de la cédula en Barranquilla no llega.",REPORTE_PROBLEMA,synthetic:handwritten-templates-v1,true,not_applicable,,not_human_reviewed,REPORTE_PROBLEMA:13,el duplicado de la cédula,Barranquilla
syn-0027,"Por favor, ¿Cuánto cuesta la actualización del RUT en Cartagena?",CONSULTA_INFORMATIVA,synthetic:handwritten-templates-v1,true,not_applicable,,not_human_reviewed,CONSULTA_INFORMATIVA:02,la actualización del RUT,Cartagena
syn-0199,Me haces el favor: ¿Qué edad mínima se exige paral certificado de antecedentes disciplinarios en Pasto?,CONSULTA_INFORMATIVA,synthetic:handwritten-templates-v1,true,not_applicable,,not_human_reviewed,CONSULTA_INFORMATIVA:09,el certificado de antecedentes disciplinarios,Pasto
syn-0305,"Por favor, Me explicas en palabras sencillas en qué consiste la presentación de PQRS en Cali.",CONSULTA_INFORMATIVA,synthetic:handwritten-templates-v1,true,not_applicable,,not_human_reviewed,CONSULTA_INFORMATIVA:13,la presentación de PQRS,Cali
syn-0139,"Buenos días, ¿Hace falta una cita para la inscripción del RUT en Barranquilla?",CONSULTA_INFORMATIVA,synthetic:handwritten-templates-v1,true,not_applicable,,not_human_reviewed,CONSULTA_INFORMATIVA:06,la inscripción del RUT,Barranquilla
syn-0241,"Buenos días, Busco información general sobre la consulta de historia laboral en Pereira.",CONSULTA_INFORMATIVA,synthetic:handwritten-templates-v1,true,not_applicable,,not_human_reviewed,CONSULTA_INFORMATIVA:11,la consulta de historia laboral,Pereira
syn-2156,"Buenas tardes, Necesito comunicarme con la oficina encargada del certificado de antecedentes fiscales en Ibagué.",DERIVACION_ENTIDAD,synthetic:handwritten-templates-v1,true,not_applicable,,not_human_reviewed,DERIVACION_ENTIDAD:13,el certificado de antecedentes fiscales,Ibagué
syn-2001,Me haces el favor: Oriéntame hacial canal oficial de atención del pasaporte ordinario en Cali.,DERIVACION_ENTIDAD,synthetic:handwritten-templates-v1,true,not_applicable,,not_human_reviewed,DERIVACION_ENTIDAD:06,el pasaporte ordinario,Cali
syn-2184,"Hola, ¿Me remites a la entidad que manejal certificado de antecedentes judiciales en Villavicencio?",DERIVACION_ENTIDAD,synthetic:handwritten-templates-v1,true,not_applicable,,not_human_reviewed,DERIVACION_ENTIDAD:14,el certificado de antecedentes judiciales,Villavicencio
syn-0694,"Buenos días, ¿Me ayudas a arrancar con el duplicado de la cédula en Barranquilla?",SOLICITUD_TRAMITE,synthetic:handwritten-templates-v1,true,not_applicable,,not_human_reviewed,SOLICITUD_TRAMITE:10,el duplicado de la cédula,Barranquilla
syn-1443,"Disculpa, Me sale un error al llenar el formulario de la cédula digital en Medellín.",REPORTE_PROBLEMA,synthetic:handwritten-templates-v1,true,not_applicable,,not_human_reviewed,REPORTE_PROBLEMA:02,la cédula digital,Medellín
syn-0690,¿Me ayudas a arrancar con el certificado de antecedentes fiscales en Ibagué?,SOLICITUD_TRAMITE,synthetic:handwritten-templates-v1,true,not_applicable,,not_human_reviewed,SOLICITUD_TRAMITE:10,el certificado de antecedentes fiscales,Ibagué
syn-1888,"Buenas tardes, ¿Qué entidad atiende la encuesta del Sisbén en Cúcuta?",DERIVACION_ENTIDAD,synthetic:handwritten-templates-v1,true,not_applicable,,not_human_reviewed,DERIVACION_ENTIDAD:01,la encuesta del Sisbén,Cúcuta
syn-2010,"Disculpa, Oriéntame hacial canal oficial de atención del duplicado de la cédula en Bogotá.",DERIVACION_ENTIDAD,synthetic:handwritten-templates-v1,true,not_applicable,,not_human_reviewed,DERIVACION_ENTIDAD:06,el duplicado de la cédula,Bogotá
syn-2002,Una preguntica: Oriéntame hacial canal oficial de atención de la consulta de historia laboral en Pasto.,DERIVACION_ENTIDAD,synthetic:handwritten-templates-v1,true,not_applicable,,not_human_reviewed,DERIVACION_ENTIDAD:06,la consulta de historia laboral,Pasto
syn-1055,"Disculpa, ¿Ya respondieron mi petición de la renovación de la licencia de conducción en Ibagué?",VERIFICACION_ESTADO,synthetic:handwritten-templates-v1,true,not_applicable,,not_human_reviewed,VERIFICACION_ESTADO:06,la renovación de la licencia de conducción,Ibagué
syn-1383,¿Hay novedades de mi trámite del certificado de afiliación a salud radicado en Villavicencio?,VERIFICACION_ESTADO,synthetic:handwritten-templates-v1,true,not_applicable,,not_human_reviewed,VERIFICACION_ESTADO:20,el certificado de afiliación a salud,Villavicencio
syn-2046,Me haces el favor: Busco el contacto de la autoridad competente para la inscripción del RUT en Barranquilla.,DERIVACION_ENTIDAD,synthetic:handwritten-templates-v1,true,not_applicable,,not_human_reviewed,DERIVACION_ENTIDAD:08,la inscripción del RUT,Barranquilla
syn-1007,"Buenos días, ¿Cómo hago seguimiento a mi solicitud existente del certificado de antecedentes disciplinarios en Pasto?",VERIFICACION_ESTADO,synthetic:handwritten-templates-v1,true,not_applicable,,not_human_reviewed,VERIFICACION_ESTADO:04,el certificado de antecedentes disciplinarios,Pasto
syn-1556,Me haces el favor: Se borró la información mientras hacía la cédula digital en Medellín.,REPORTE_PROBLEMA,synthetic:handwritten-templates-v1,true,not_applicable,,not_human_reviewed,REPORTE_PROBLEMA:07,la cédula digital,Medellín
syn-0943,"Disculpa, ¿En qué estado está mi solicitud de la actualización del RUT presentada en Manizales?",VERIFICACION_ESTADO,synthetic:handwritten-templates-v1,true,not_applicable,,not_human_reviewed,VERIFICACION_ESTADO:01,la actualización del RUT,Manizales
syn-1352,"Buenos días, ¿Cómo veo el resultado de mi solicitud registrada de la inscripción del RUT en Barranquilla?",VERIFICACION_ESTADO,synthetic:handwritten-templates-v1,true,not_applicable,,not_human_reviewed,VERIFICACION_ESTADO:18,la inscripción del RUT,Barranquilla
syn-0804,"Buenas, Tengo los documentos listos y voy a empezar la encuesta del Sisbén en Cúcuta.",SOLICITUD_TRAMITE,synthetic:handwritten-templates-v1,true,not_applicable,,not_human_reviewed,SOLICITUD_TRAMITE:15,la encuesta del Sisbén,Cúcuta
syn-0625,"Buenas, Me interesa realizar la renovación de la licencia de conducción en Manizales ahora.",SOLICITUD_TRAMITE,synthetic:handwritten-templates-v1,true,not_applicable,,not_human_reviewed,SOLICITUD_TRAMITE:07,la renovación de la licencia de conducción,Manizales
syn-1210,"Disculpa, ¿Dónde miro la respuesta a mi radicación de la renovación de la licencia de conducción en Manizales?",VERIFICACION_ESTADO,synthetic:handwritten-templates-v1,true,not_applicable,,not_human_reviewed,VERIFICACION_ESTADO:12,la renovación de la licencia de conducción,Manizales
syn-1711,"Buenos días, La pantalla del pasaporte ordinario en Bucaramanga queda en blanco.",REPORTE_PROBLEMA,synthetic:handwritten-templates-v1,true,not_applicable,,not_human_reviewed,REPORTE_PROBLEMA:14,el pasaporte ordinario,Bucaramanga
syn-2319,¿A quién le corresponde orientarme sobre el certificado de antecedentes disciplinarios en Pasto?,DERIVACION_ENTIDAD,synthetic:handwritten-templates-v1,true,not_applicable,,not_human_reviewed,DERIVACION_ENTIDAD:20,el certificado de antecedentes disciplinarios,Pasto
syn-0067,¿Cuál es el plazo habitual del duplicado de la cédula en Barranquilla?,CONSULTA_INFORMATIVA,synthetic:handwritten-templates-v1,true,not_applicable,,not_human_reviewed,CONSULTA_INFORMATIVA:03,el duplicado de la cédula,Barranquilla
syn-0598,Me haces el favor: Deseo comenzar el proceso del certificado de antecedentes judiciales en Villavicencio.,SOLICITUD_TRAMITE,synthetic:handwritten-templates-v1,true,not_applicable,,not_human_reviewed,SOLICITUD_TRAMITE:06,el certificado de antecedentes judiciales,Villavicencio
syn-0907,"Buenas tardes, Por favor, guíame para solicitar el registro civil de nacimiento en Bogotá.",SOLICITUD_TRAMITE,synthetic:handwritten-templates-v1,true,not_applicable,,not_human_reviewed,SOLICITUD_TRAMITE:19,el registro civil de nacimiento,Bogotá
syn-0188,"Buenas, ¿me colaboras? Antes de empezar, quiero conocer los pasos de la corrección del registro civil en Medellín.",CONSULTA_INFORMATIVA,synthetic:handwritten-templates-v1,true,not_applicable,,not_human_reviewed,CONSULTA_INFORMATIVA:08,la corrección del registro civil,Medellín
syn-1696,"Buenas, El código de verificación de la actualización del RUT en Cartagena no llega.",REPORTE_PROBLEMA,synthetic:handwritten-templates-v1,true,not_applicable,,not_human_reviewed,REPORTE_PROBLEMA:13,la actualización del RUT,Cartagena
syn-1282,"Hola, ¿Mi solicitud anterior de la renovación de la licencia de conducción en Ibagué continúa pendiente?",VERIFICACION_ESTADO,synthetic:handwritten-templates-v1,true,not_applicable,,not_human_reviewed,VERIFICACION_ESTADO:15,la renovación de la licencia de conducción,Ibagué
syn-1519,"Buenas tardes, El botón para continuar con el certificado de antecedentes judiciales en Cúcuta no funciona.",REPORTE_PROBLEMA,synthetic:handwritten-templates-v1,true,not_applicable,,not_human_reviewed,REPORTE_PROBLEMA:05,el certificado de antecedentes judiciales,Cúcuta
syn-2142,"Por favor, ¿Cuál es el canal institucional para pedir orientación sobre la encuesta del Sisbén en Bucaramanga?",DERIVACION_ENTIDAD,synthetic:handwritten-templates-v1,true,not_applicable,,not_human_reviewed,DERIVACION_ENTIDAD:12,la encuesta del Sisbén,Bucaramanga
syn-1312,"Disculpa, Necesito consultar si finalizaron el duplicado de la cédula que inicié en Barranquilla.",VERIFICACION_ESTADO,synthetic:handwritten-templates-v1,true,not_applicable,,not_human_reviewed,VERIFICACION_ESTADO:17,el duplicado de la cédula,Barranquilla
syn-1924,"Disculpa, ¿Quién es el responsable institucional de la inscripción del RUT en Barranquilla?",DERIVACION_ENTIDAD,synthetic:handwritten-templates-v1,true,not_applicable,,not_human_reviewed,DERIVACION_ENTIDAD:03,la inscripción del RUT,Barranquilla
syn-0404,"Hola, ¿Hay una guía para entender el certificado de afiliación a salud en Villavicencio?",CONSULTA_INFORMATIVA,synthetic:handwritten-templates-v1,true,not_applicable,,not_human_reviewed,CONSULTA_INFORMATIVA:18,el certificado de afiliación a salud,Villavicencio
syn-1909,"Por favor, ¿A cuál oficina debo dirigirme por el pasaporte ordinario en Cali?",DERIVACION_ENTIDAD,synthetic:handwritten-templates-v1,true,not_applicable,,not_human_reviewed,DERIVACION_ENTIDAD:02,el pasaporte ordinario,Cali
syn-2037,Una preguntica: Busco el contacto de la autoridad competente para la consulta de historia laboral en Pereira.,DERIVACION_ENTIDAD,synthetic:handwritten-templates-v1,true,not_applicable,,not_human_reviewed,DERIVACION_ENTIDAD:08,la consulta de historia laboral,Pereira
syn-2101,Me haces el favor: Quiero hablar con un funcionario responsable del duplicado de la cédula en Bogotá.,DERIVACION_ENTIDAD,synthetic:handwritten-templates-v1,true,not_applicable,,not_human_reviewed,DERIVACION_ENTIDAD:10,el duplicado de la cédula,Bogotá
syn-1474,"Por favor, Intenté pagar la actualización del RUT en Manizales y el portal rechazó la operación.",REPORTE_PROBLEMA,synthetic:handwritten-templates-v1,true,not_applicable,,not_human_reviewed,REPORTE_PROBLEMA:04,la actualización del RUT,Manizales
syn-2311,"Buenas tardes, Busco atención presencial de la institución que lleval certificado de afiliación a salud en Villavicencio.",DERIVACION_ENTIDAD,synthetic:handwritten-templates-v1,true,not_applicable,,not_human_reviewed,DERIVACION_ENTIDAD:19,el certificado de afiliación a salud,Villavicencio
syn-1264,"Disculpa, ¿Han actualizado el estado de mi petición de la actualización del RUT en Cartagena?",VERIFICACION_ESTADO,synthetic:handwritten-templates-v1,true,not_applicable,,not_human_reviewed,VERIFICACION_ESTADO:14,la actualización del RUT,Cartagena
syn-1472,"Por favor, El sistema de la inscripción del RUT en Barranquilla se queda bloqueado.",REPORTE_PROBLEMA,synthetic:handwritten-templates-v1,true,not_applicable,,not_human_reviewed,REPORTE_PROBLEMA:03,la inscripción del RUT,Barranquilla
syn-1910,"Buenos días, ¿A cuál oficina debo dirigirme por el certificado de antecedentes judiciales en Cúcuta?",DERIVACION_ENTIDAD,synthetic:handwritten-templates-v1,true,not_applicable,,not_human_reviewed,DERIVACION_ENTIDAD:02,el certificado de antecedentes judiciales,Cúcuta
syn-1560,"Hola, Se borró la información mientras hacíal certificado de antecedentes disciplinarios en Pasto.",REPORTE_PROBLEMA,synthetic:handwritten-templates-v1,true,not_applicable,,not_human_reviewed,REPORTE_PROBLEMA:07,el certificado de antecedentes disciplinarios,Pasto
syn-1160,"Hola, Quiero saber si ya está listo el resultado de la actualización del RUT en Cartagena.",VERIFICACION_ESTADO,synthetic:handwritten-templates-v1,true,not_applicable,,not_human_reviewed,VERIFICACION_ESTADO:10,la actualización del RUT,Cartagena
syn-1318,"Buenas, Necesito consultar si finalizaron la renovación de la licencia de conducción que inicié en Ibagué.",VERIFICACION_ESTADO,synthetic:handwritten-templates-v1,true,not_applicable,,not_human_reviewed,VERIFICACION_ESTADO:17,la renovación de la licencia de conducción,Ibagué
syn-0981,"Buenas, Ya hice la renovación de la licencia de conducción en Ibagué, ¿cómo va la gestión?",VERIFICACION_ESTADO,synthetic:handwritten-templates-v1,true,not_applicable,,not_human_reviewed,VERIFICACION_ESTADO:02,la renovación de la licencia de conducción,Ibagué
syn-1625,"Buenas, ¿me colaboras? La plataforma muestra un error de conexión al hacer la inscripción del RUT en Pereira.",REPORTE_PROBLEMA,synthetic:handwritten-templates-v1,true,not_applicable,,not_human_reviewed,REPORTE_PROBLEMA:10,la inscripción del RUT,Pereira
syn-0838,"Buenos días, Quiero abrir una gestión nueva de la encuesta del Sisbén en Bucaramanga.",SOLICITUD_TRAMITE,synthetic:handwritten-templates-v1,true,not_applicable,,not_human_reviewed,SOLICITUD_TRAMITE:16,la encuesta del Sisbén,Bucaramanga
syn-0994,"Por favor, Quiero consultar el avance de la presentación de PQRS que radiqué en Cali.",VERIFICACION_ESTADO,synthetic:handwritten-templates-v1,true,not_applicable,,not_human_reviewed,VERIFICACION_ESTADO:03,la presentación de PQRS,Cali
syn-1962,"Buenas, Quiero contactar a la entidad encargada del duplicado de la cédula en Bogotá.",DERIVACION_ENTIDAD,synthetic:handwritten-templates-v1,true,not_applicable,,not_human_reviewed,DERIVACION_ENTIDAD:04,el duplicado de la cédula,Bogotá
syn-2300,"Buenos días, Busco atención presencial de la institución que lleva la consulta de historia laboral en Pereira.",DERIVACION_ENTIDAD,synthetic:handwritten-templates-v1,true,not_applicable,,not_human_reviewed,DERIVACION_ENTIDAD:19,la consulta de historia laboral,Pereira
syn-0779,"Buenas, ¿me colaboras? Quiero pasar de la información a la solicitud del certificado de antecedentes fiscales en Ibagué.",SOLICITUD_TRAMITE,synthetic:handwritten-templates-v1,true,not_applicable,,not_human_reviewed,SOLICITUD_TRAMITE:14,el certificado de antecedentes fiscales,Ibagué
syn-0868,"Buenas, ¿me colaboras? Ya decidí hacer la renovación de la licencia de conducción en Manizales; orienta mi solicitud.",SOLICITUD_TRAMITE,synthetic:handwritten-templates-v1,true,not_applicable,,not_human_reviewed,SOLICITUD_TRAMITE:18,la renovación de la licencia de conducción,Manizales
syn-0063,"Disculpa, ¿Cuál es el plazo habitual del certificado de afiliación a salud en Villavicencio?",CONSULTA_INFORMATIVA,synthetic:handwritten-templates-v1,true,not_applicable,,not_human_reviewed,CONSULTA_INFORMATIVA:03,el certificado de afiliación a salud,Villavicencio
syn-1242,"Buenos días, ¿Han actualizado el estado de mi petición de la encuesta del Sisbén en Cúcuta?",VERIFICACION_ESTADO,synthetic:handwritten-templates-v1,true,not_applicable,,not_human_reviewed,VERIFICACION_ESTADO:14,la encuesta del Sisbén,Cúcuta
syn-1364,"Por favor, Tengo una gestión abierta de la renovación de la licencia de conducción en Ibagué y quiero ver su avance.",VERIFICACION_ESTADO,synthetic:handwritten-templates-v1,true,not_applicable,,not_human_reviewed,VERIFICACION_ESTADO:19,la renovación de la licencia de conducción,Ibagué
syn-0856,Busco comenzar el pasaporte ordinario por el canal oficial de Cali.,SOLICITUD_TRAMITE,synthetic:handwritten-templates-v1,true,not_applicable,,not_human_reviewed,SOLICITUD_TRAMITE:17,el pasaporte ordinario,Cali
syn-1964,"Buenos días, Quiero contactar a la entidad encargada de la corrección del registro civil en Medellín.",DERIVACION_ENTIDAD,synthetic:handwritten-templates-v1,true,not_applicable,,not_human_reviewed,DERIVACION_ENTIDAD:04,la corrección del registro civil,Medellín
syn-0889,Ya decidí hacer el duplicado de la cédula en Barranquilla; orienta mi solicitud.,SOLICITUD_TRAMITE,synthetic:handwritten-templates-v1,true,not_applicable,,not_human_reviewed,SOLICITUD_TRAMITE:18,el duplicado de la cédula,Barranquilla
syn-0771,"Por favor, Necesito el enlace para iniciar la cédula digital desde Medellín.",SOLICITUD_TRAMITE,synthetic:handwritten-templates-v1,true,not_applicable,,not_human_reviewed,SOLICITUD_TRAMITE:13,la cédula digital,Medellín
syn-0299,Me haces el favor: Me explicas en palabras sencillas en qué consiste la consulta de historia laboral en Pereira.,CONSULTA_INFORMATIVA,synthetic:handwritten-templates-v1,true,not_applicable,,not_human_reviewed,CONSULTA_INFORMATIVA:13,la consulta de historia laboral,Pereira
syn-0162,"Buenas tardes, ¿Qué diferencia hay entre la atención presencial y virtual para la renovación de la licencia de conducción en Manizales?",CONSULTA_INFORMATIVA,synthetic:handwritten-templates-v1,true,not_applicable,,not_human_reviewed,CONSULTA_INFORMATIVA:07,la renovación de la licencia de conducción,Manizales
syn-1545,"Disculpa, Se borró la información mientras hacía la encuesta del Sisbén en Cúcuta.",REPORTE_PROBLEMA,synthetic:handwritten-templates-v1,true,not_applicable,,not_human_reviewed,REPORTE_PROBLEMA:07,la encuesta del Sisbén,Cúcuta
syn-1100,"Una preguntica: Presenté el certificado de antecedentes judiciales en Cúcuta, ¿sigue en revisión?",VERIFICACION_ESTADO,synthetic:handwritten-templates-v1,true,not_applicable,,not_human_reviewed,VERIFICACION_ESTADO:07,el certificado de antecedentes judiciales,Cúcuta
syn-0212,¿Qué edad mínima se exige para la encuesta del Sisbén en Bucaramanga?,CONSULTA_INFORMATIVA,synthetic:handwritten-templates-v1,true,not_applicable,,not_human_reviewed,CONSULTA_INFORMATIVA:09,la encuesta del Sisbén,Bucaramanga
syn-0781,"Hola, Quiero pasar de la información a la solicitud de la encuesta del Sisbén en Bucaramanga.",SOLICITUD_TRAMITE,synthetic:handwritten-templates-v1,true,not_applicable,,not_human_reviewed,SOLICITUD_TRAMITE:14,la encuesta del Sisbén,Bucaramanga
syn-0379,"Buenas, ¿me colaboras? ¿Cuáles son las etapas de la encuesta del Sisbén para alguien de Bucaramanga?",CONSULTA_INFORMATIVA,synthetic:handwritten-templates-v1,true,not_applicable,,not_human_reviewed,CONSULTA_INFORMATIVA:17,la encuesta del Sisbén,Bucaramanga
syn-1520,"Disculpa, El botón para continuar con el certificado de antecedentes disciplinarios en Pasto no funciona.",REPORTE_PROBLEMA,synthetic:handwritten-templates-v1,true,not_applicable,,not_human_reviewed,REPORTE_PROBLEMA:05,el certificado de antecedentes disciplinarios,Pasto
syn-1843,"Buenas tardes, La cita de la encuesta del Sisbén en Cúcuta desapareció del sistema.",REPORTE_PROBLEMA,synthetic:handwritten-templates-v1,true,not_applicable,,not_human_reviewed,REPORTE_PROBLEMA:19,la encuesta del Sisbén,Cúcuta
syn-0324,¿Las condiciones del registro civil de nacimiento son las mismas para todos en Bogotá?,CONSULTA_INFORMATIVA,synthetic:handwritten-templates-v1,true,not_applicable,,not_human_reviewed,CONSULTA_INFORMATIVA:14,el registro civil de nacimiento,Bogotá
syn-1353,"Buenas tardes, ¿Cómo veo el resultado de mi solicitud registrada de la renovación de la licencia de conducción en Manizales?",VERIFICACION_ESTADO,synthetic:handwritten-templates-v1,true,not_applicable,,not_human_reviewed,VERIFICACION_ESTADO:18,la renovación de la licencia de conducción,Manizales
syn-0833,"Buenas, ¿me colaboras? Quiero abrir una gestión nueva del certificado de afiliación a salud en Villavicencio.",SOLICITUD_TRAMITE,synthetic:handwritten-templates-v1,true,not_applicable,,not_human_reviewed,SOLICITUD_TRAMITE:16,el certificado de afiliación a salud,Villavicencio
syn-1045,"Buenas, ¿me colaboras? Tengo un radicado del duplicado de la cédula en Bogotá y busco su estado.",VERIFICACION_ESTADO,synthetic:handwritten-templates-v1,true,not_applicable,,not_human_reviewed,VERIFICACION_ESTADO:05,el duplicado de la cédula,Bogotá
syn-0995,"Buenos días, Quiero consultar el avance del pasaporte ordinario que radiqué en Bucaramanga.",VERIFICACION_ESTADO,synthetic:handwritten-templates-v1,true,not_applicable,,not_human_reviewed,VERIFICACION_ESTADO:03,el pasaporte ordinario,Bucaramanga
syn-1591,El enlace de la inscripción del RUT para Pereira está roto.,REPORTE_PROBLEMA,synthetic:handwritten-templates-v1,true,not_applicable,,not_human_reviewed,REPORTE_PROBLEMA:08,la inscripción del RUT,Pereira
syn-0550,"Por favor, Voy a gestionar el certificado de antecedentes judiciales en Cúcuta y busco el primer paso.",SOLICITUD_TRAMITE,synthetic:handwritten-templates-v1,true,not_applicable,,not_human_reviewed,SOLICITUD_TRAMITE:04,el certificado de antecedentes judiciales,Cúcuta
syn-1707,"Por favor, El código de verificación de la inscripción del RUT en Barranquilla no llega.",REPORTE_PROBLEMA,synthetic:handwritten-templates-v1,true,not_applicable,,not_human_reviewed,REPORTE_PROBLEMA:13,la inscripción del RUT,Barranquilla
syn-1691,Me haces el favor: El código de verificación de la consulta de historia laboral en Pereira no llega.,REPORTE_PROBLEMA,synthetic:handwritten-templates-v1,true,not_applicable,,not_human_reviewed,REPORTE_PROBLEMA:13,la consulta de historia laboral,Pereira
syn-2255,"Buenos días, ¿Cómo contacto al área de atención ciudadana de la cédula digital en Cartagena?",DERIVACION_ENTIDAD,synthetic:handwritten-templates-v1,true,not_applicable,,not_human_reviewed,DERIVACION_ENTIDAD:17,la cédula digital,Cartagena
syn-2213,Me haces el favor: ¿Qué organismo puede atender mi consulta del certificado de antecedentes judiciales en Cúcuta?,DERIVACION_ENTIDAD,synthetic:handwritten-templates-v1,true,not_applicable,,not_human_reviewed,DERIVACION_ENTIDAD:15,el certificado de antecedentes judiciales,Cúcuta
syn-0592,"Hola, Deseo comenzar el proceso de la consulta de historia laboral en Pasto.",SOLICITUD_TRAMITE,synthetic:handwritten-templates-v1,true,not_applicable,,not_human_reviewed,SOLICITUD_TRAMITE:06,la consulta de historia laboral,Pasto
syn-1232,"Disculpa, Me dieron un comprobante del certificado de antecedentes judiciales en Cúcuta; quiero revisar la gestión.",VERIFICACION_ESTADO,synthetic:handwritten-templates-v1,true,not_applicable,,not_human_reviewed,VERIFICACION_ESTADO:13,el certificado de antecedentes judiciales,Cúcuta
syn-0924,"Buenas, ¿me colaboras? Estoy listo para tramitar el pasaporte ordinario en Bucaramanga, ¿cuál es el paso inicial?",SOLICITUD_TRAMITE,synthetic:handwritten-templates-v1,true,not_applicable,,not_human_reviewed,SOLICITUD_TRAMITE:20,el pasaporte ordinario,Bucaramanga
syn-0988,Me haces el favor: Quiero consultar el avance de la cédula digital que radiqué en Cartagena.,VERIFICACION_ESTADO,synthetic:handwritten-templates-v1,true,not_applicable,,not_human_reviewed,VERIFICACION_ESTADO:03,la cédula digital,Cartagena
syn-1940,"Buenas, ¿Quién es el responsable institucional del duplicado de la cédula en Bogotá?",DERIVACION_ENTIDAD,synthetic:handwritten-templates-v1,true,not_applicable,,not_human_reviewed,DERIVACION_ENTIDAD:03,el duplicado de la cédula,Bogotá
syn-0754,"Disculpa, Necesito el enlace para iniciar el duplicado de la cédula desde Bogotá.",SOLICITUD_TRAMITE,synthetic:handwritten-templates-v1,true,not_applicable,,not_human_reviewed,SOLICITUD_TRAMITE:13,el duplicado de la cédula,Bogotá
syn-1542,"Buenas tardes, No puedo adjuntar los documentos de la actualización del RUT en Cartagena; aparece un fallo.",REPORTE_PROBLEMA,synthetic:handwritten-templates-v1,true,not_applicable,,not_human_reviewed,REPORTE_PROBLEMA:06,la actualización del RUT,Cartagena
syn-1229,"Por favor, Me dieron un comprobante del duplicado de la cédula en Barranquilla; quiero revisar la gestión.",VERIFICACION_ESTADO,synthetic:handwritten-templates-v1,true,not_applicable,,not_human_reviewed,VERIFICACION_ESTADO:13,el duplicado de la cédula,Barranquilla
syn-0612,"Buenas, ¿me colaboras? Me interesa realizar el certificado de antecedentes judiciales en Villavicencio ahora.",SOLICITUD_TRAMITE,synthetic:handwritten-templates-v1,true,not_applicable,,not_human_reviewed,SOLICITUD_TRAMITE:07,el certificado de antecedentes judiciales,Villavicencio
syn-1673,"Buenas, Quiero reportar una falla en el servicio de la inscripción del RUT en Pereira.",REPORTE_PROBLEMA,synthetic:handwritten-templates-v1,true,not_applicable,,not_human_reviewed,REPORTE_PROBLEMA:12,la inscripción del RUT,Pereira
syn-1706,"Buenas, El código de verificación de la encuesta del Sisbén en Bucaramanga no llega.",REPORTE_PROBLEMA,synthetic:handwritten-templates-v1,true,not_applicable,,not_human_reviewed,REPORTE_PROBLEMA:13,la encuesta del Sisbén,Bucaramanga
syn-1306,"Por favor, Ya envié los documentos de la actualización del RUT en Manizales; busco la respuesta.",VERIFICACION_ESTADO,synthetic:handwritten-templates-v1,true,not_applicable,,not_human_reviewed,VERIFICACION_ESTADO:16,la actualización del RUT,Manizales
syn-2149,¿Cuál es el canal institucional para pedir orientación sobre la consulta de historia laboral en Pasto?,DERIVACION_ENTIDAD,synthetic:handwritten-templates-v1,true,not_applicable,,not_human_reviewed,DERIVACION_ENTIDAD:12,la consulta de historia laboral,Pasto
syn-1562,"Por favor, Se borró la información mientras hacíal pasaporte ordinario en Bucaramanga.",REPORTE_PROBLEMA,synthetic:handwritten-templates-v1,true,not_applicable,,not_human_reviewed,REPORTE_PROBLEMA:07,el pasaporte ordinario,Bucaramanga
syn-1411,"Disculpa, La página del duplicado de la cédula no carga cuando entro desde Bogotá.",REPORTE_PROBLEMA,synthetic:handwritten-templates-v1,true,not_applicable,,not_human_reviewed,REPORTE_PROBLEMA:01,el duplicado de la cédula,Bogotá
syn-0193,"Hola, ¿Qué edad mínima se exige para la renovación de la licencia de conducción en Manizales?",CONSULTA_INFORMATIVA,synthetic:handwritten-templates-v1,true,not_applicable,,not_human_reviewed,CONSULTA_INFORMATIVA:09,la renovación de la licencia de conducción,Manizales
syn-2031,"Buenos días, ¿Hay una sede que atienda consultas sobre la renovación de la licencia de conducción en Manizales?",DERIVACION_ENTIDAD,synthetic:handwritten-templates-v1,true,not_applicable,,not_human_reviewed,DERIVACION_ENTIDAD:07,la renovación de la licencia de conducción,Manizales
syn-1750,"Hola, Se cayó el portal cuando estaba con la cédula digital en Cartagena.",REPORTE_PROBLEMA,synthetic:handwritten-templates-v1,true,not_applicable,,not_human_reviewed,REPORTE_PROBLEMA:15,la cédula digital,Cartagena
syn-0718,"Disculpa, Es mi primera vez haciendo la cédula digital en Medellín; quiero empezarlo.",SOLICITUD_TRAMITE,synthetic:handwritten-templates-v1,true,not_applicable,,not_human_reviewed,SOLICITUD_TRAMITE:11,la cédula digital,Medellín
syn-0250,"Por favor, Busco información general sobre la consulta de historia laboral en Pasto.",CONSULTA_INFORMATIVA,synthetic:handwritten-templates-v1,true,not_applicable,,not_human_reviewed,CONSULTA_INFORMATIVA:11,la consulta de historia laboral,Pasto
syn-1128,"Hola, ¿Puedo revisar el progreso de la corrección del registro civil que entregué en Medellín?",VERIFICACION_ESTADO,synthetic:handwritten-templates-v1,true,not_applicable,,not_human_reviewed,VERIFICACION_ESTADO:09,la corrección del registro civil,Medellín
syn-1231,"Buenas tardes, Me dieron un comprobante de la inscripción del RUT en Pereira; quiero revisar la gestión.",VERIFICACION_ESTADO,synthetic:handwritten-templates-v1,true,not_applicable,,not_human_reviewed,VERIFICACION_ESTADO:13,la inscripción del RUT,Pereira
syn-1694,El código de verificación de la cédula digital en Cartagena no llega.,REPORTE_PROBLEMA,synthetic:handwritten-templates-v1,true,not_applicable,,not_human_reviewed,REPORTE_PROBLEMA:13,la cédula digital,Cartagena
syn-0906,"Buenos días, Por favor, guíame para solicitar la cédula digital en Medellín.",SOLICITUD_TRAMITE,synthetic:handwritten-templates-v1,true,not_applicable,,not_human_reviewed,SOLICITUD_TRAMITE:19,la cédula digital,Medellín
syn-2136,Me haces el favor: ¿Cuál es el canal institucional para pedir orientación sobre la presentación de PQRS en Cali?,DERIVACION_ENTIDAD,synthetic:handwritten-templates-v1,true,not_applicable,,not_human_reviewed,DERIVACION_ENTIDAD:12,la presentación de PQRS,Cali
syn-0587,"Disculpa, Deseo comenzar el proceso de la corrección del registro civil en Medellín.",SOLICITUD_TRAMITE,synthetic:handwritten-templates-v1,true,not_applicable,,not_human_reviewed,SOLICITUD_TRAMITE:06,la corrección del registro civil,Medellín
syn-2313,Me haces el favor: Busco atención presencial de la institución que lleva la renovación de la licencia de conducción en Ibagué.,DERIVACION_ENTIDAD,synthetic:handwritten-templates-v1,true,not_applicable,,not_human_reviewed,DERIVACION_ENTIDAD:19,la renovación de la licencia de conducción,Ibagué
syn-0971,"Buenas, Ya hice la inscripción del RUT en Pereira, ¿cómo va la gestión?",VERIFICACION_ESTADO,synthetic:handwritten-templates-v1,true,not_applicable,,not_human_reviewed,VERIFICACION_ESTADO:02,la inscripción del RUT,Pereira
syn-1314,Una preguntica: Necesito consultar si finalizaron el certificado de afiliación a salud que inicié en Villavicencio.,VERIFICACION_ESTADO,synthetic:handwritten-templates-v1,true,not_applicable,,not_human_reviewed,VERIFICACION_ESTADO:17,el certificado de afiliación a salud,Villavicencio
syn-1307,"Buenos días, Ya envié los documentos de la cédula digital en Medellín; busco la respuesta.",VERIFICACION_ESTADO,synthetic:handwritten-templates-v1,true,not_applicable,,not_human_reviewed,VERIFICACION_ESTADO:16,la cédula digital,Medellín
syn-2187,"Buenos días, ¿Me remites a la entidad que manejal registro civil de nacimiento en Bogotá?",DERIVACION_ENTIDAD,synthetic:handwritten-templates-v1,true,not_applicable,,not_human_reviewed,DERIVACION_ENTIDAD:14,el registro civil de nacimiento,Bogotá
syn-1185,"Buenos días, Hace unos días presenté la actualización del RUT en Manizales; ¿en qué etapa va?",VERIFICACION_ESTADO,synthetic:handwritten-templates-v1,true,not_applicable,,not_human_reviewed,VERIFICACION_ESTADO:11,la actualización del RUT,Manizales
syn-2064,"Buenas, ¿A qué dependencia le corresponde la renovación de la licencia de conducción en Ibagué?",DERIVACION_ENTIDAD,synthetic:handwritten-templates-v1,true,not_applicable,,not_human_reviewed,DERIVACION_ENTIDAD:09,la renovación de la licencia de conducción,Ibagué
syn-0574,"Buenas tardes, Quisiera presentar una solicitud de la inscripción del RUT en Barranquilla.",SOLICITUD_TRAMITE,synthetic:handwritten-templates-v1,true,not_applicable,,not_human_reviewed,SOLICITUD_TRAMITE:05,la inscripción del RUT,Barranquilla
syn-0232,Me haces el favor: ¿Qué comprobantes debo llevar paral registro civil de nacimiento en Bogotá?,CONSULTA_INFORMATIVA,synthetic:handwritten-templates-v1,true,not_applicable,,not_human_reviewed,CONSULTA_INFORMATIVA:10,el registro civil de nacimiento,Bogotá
syn-0890,"Una preguntica: Por favor, guíame para solicitar la encuesta del Sisbén en Bucaramanga.",SOLICITUD_TRAMITE,synthetic:handwritten-templates-v1,true,not_applicable,,not_human_reviewed,SOLICITUD_TRAMITE:19,la encuesta del Sisbén,Bucaramanga
syn-0960,"Hola, Ya hice la cédula digital en Medellín, ¿cómo va la gestión?",VERIFICACION_ESTADO,synthetic:handwritten-templates-v1,true,not_applicable,,not_human_reviewed,VERIFICACION_ESTADO:02,la cédula digital,Medellín
syn-1798,"Buenas tardes, Aparece un cobro repetido durante el pasaporte ordinario en Bucaramanga.",REPORTE_PROBLEMA,synthetic:handwritten-templates-v1,true,not_applicable,,not_human_reviewed,REPORTE_PROBLEMA:17,el pasaporte ordinario,Bucaramanga
syn-1648,"Buenas, ¿me colaboras? El formulario de la encuesta del Sisbén en Bucaramanga rechaza datos que son correctos.",REPORTE_PROBLEMA,synthetic:handwritten-templates-v1,true,not_applicable,,not_human_reviewed,REPORTE_PROBLEMA:11,la encuesta del Sisbén,Bucaramanga
syn-0182,"Por favor, Antes de empezar, quiero conocer los pasos de la inscripción del RUT en Barranquilla.",CONSULTA_INFORMATIVA,synthetic:handwritten-templates-v1,true,not_applicable,,not_human_reviewed,CONSULTA_INFORMATIVA:08,la inscripción del RUT,Barranquilla
syn-1003,"Buenas, Quiero consultar el avance del certificado de afiliación a salud que radiqué en Villavicencio.",VERIFICACION_ESTADO,synthetic:handwritten-templates-v1,true,not_applicable,,not_human_reviewed,VERIFICACION_ESTADO:03,el certificado de afiliación a salud,Villavicencio
syn-0200,Una preguntica: ¿Qué edad mínima se exige para la consulta de historia laboral en Pasto?,CONSULTA_INFORMATIVA,synthetic:handwritten-templates-v1,true,not_applicable,,not_human_reviewed,CONSULTA_INFORMATIVA:09,la consulta de historia laboral,Pasto
syn-1829,"Hola, La cita de la renovación de la licencia de conducción en Ibagué desapareció del sistema.",REPORTE_PROBLEMA,synthetic:handwritten-templates-v1,true,not_applicable,,not_human_reviewed,REPORTE_PROBLEMA:19,la renovación de la licencia de conducción,Ibagué
syn-0138,"Por favor, ¿Hace falta una cita para la encuesta del Sisbén en Cúcuta?",CONSULTA_INFORMATIVA,synthetic:handwritten-templates-v1,true,not_applicable,,not_human_reviewed,CONSULTA_INFORMATIVA:06,la encuesta del Sisbén,Cúcuta
syn-0414,"Hola, ¿Hay una guía para entender el duplicado de la cédula en Bogotá?",CONSULTA_INFORMATIVA,synthetic:handwritten-templates-v1,true,not_applicable,,not_human_reviewed,CONSULTA_INFORMATIVA:18,el duplicado de la cédula,Bogotá
syn-0276,Me haces el favor: ¿Hay algún pago relacionado con el certificado de afiliación a salud en Villavicencio?,CONSULTA_INFORMATIVA,synthetic:handwritten-templates-v1,true,not_applicable,,not_human_reviewed,CONSULTA_INFORMATIVA:12,el certificado de afiliación a salud,Villavicencio
syn-0845,"Buenas, ¿me colaboras? Busco comenzar la inscripción del RUT por el canal oficial de Pereira.",SOLICITUD_TRAMITE,synthetic:handwritten-templates-v1,true,not_applicable,,not_human_reviewed,SOLICITUD_TRAMITE:17,la inscripción del RUT,Pereira
syn-0986,"Buenas tardes, Quiero consultar el avance del duplicado de la cédula que radiqué en Barranquilla.",VERIFICACION_ESTADO,synthetic:handwritten-templates-v1,true,not_applicable,,not_human_reviewed,VERIFICACION_ESTADO:03,el duplicado de la cédula,Barranquilla
syn-0065,Una preguntica: ¿Cuál es el plazo habitual de la cédula digital en Cartagena?,CONSULTA_INFORMATIVA,synthetic:handwritten-templates-v1,true,not_applicable,,not_human_reviewed,CONSULTA_INFORMATIVA:03,la cédula digital,Cartagena
syn-1718,"Hola, La pantalla del certificado de antecedentes judiciales en Cúcuta queda en blanco.",REPORTE_PROBLEMA,synthetic:handwritten-templates-v1,true,not_applicable,,not_human_reviewed,REPORTE_PROBLEMA:14,el certificado de antecedentes judiciales,Cúcuta
syn-0132,Me haces el favor: ¿Hace falta una cita paral certificado de antecedentes fiscales en Ibagué?,CONSULTA_INFORMATIVA,synthetic:handwritten-templates-v1,true,not_applicable,,not_human_reviewed,CONSULTA_INFORMATIVA:06,el certificado de antecedentes fiscales,Ibagué
syn-0463,"Disculpa, Estoy averiguando cómo es la cédula digital en Cartagena, todavía no voy a iniciarlo.",CONSULTA_INFORMATIVA,synthetic:handwritten-templates-v1,true,not_applicable,,not_human_reviewed,CONSULTA_INFORMATIVA:20,la cédula digital,Cartagena
syn-0773,"Por favor, Quiero pasar de la información a la solicitud del certificado de antecedentes judiciales en Cúcuta.",SOLICITUD_TRAMITE,synthetic:handwritten-templates-v1,true,not_applicable,,not_human_reviewed,SOLICITUD_TRAMITE:14,el certificado de antecedentes judiciales,Cúcuta
syn-1130,"Por favor, ¿Puedo revisar el progreso de la presentación de PQRS que entregué en Cali?",VERIFICACION_ESTADO,synthetic:handwritten-templates-v1,true,not_applicable,,not_human_reviewed,VERIFICACION_ESTADO:09,la presentación de PQRS,Cali
syn-0636,Indícame cómo radicar una nueva solicitud del certificado de antecedentes judiciales en Cúcuta.,SOLICITUD_TRAMITE,synthetic:handwritten-templates-v1,true,not_applicable,,not_human_reviewed,SOLICITUD_TRAMITE:08,el certificado de antecedentes judiciales,Cúcuta
syn-1418,"Por favor, La página de la encuesta del Sisbén no carga cuando entro desde Bucaramanga.",REPORTE_PROBLEMA,synthetic:handwritten-templates-v1,true,not_applicable,,not_human_reviewed,REPORTE_PROBLEMA:01,la encuesta del Sisbén,Bucaramanga
syn-1887,"Buenos días, ¿Qué entidad atiendel duplicado de la cédula en Bogotá?",DERIVACION_ENTIDAD,synthetic:handwritten-templates-v1,true,not_applicable,,not_human_reviewed,DERIVACION_ENTIDAD:01,el duplicado de la cédula,Bogotá
syn-2285,"Hola, ¿Existe una línea de atención oficial paral duplicado de la cédula en Bogotá?",DERIVACION_ENTIDAD,synthetic:handwritten-templates-v1,true,not_applicable,,not_human_reviewed,DERIVACION_ENTIDAD:18,el duplicado de la cédula,Bogotá
syn-0941,"Buenos días, ¿En qué estado está mi solicitud del certificado de antecedentes fiscales presentada en Ibagué?",VERIFICACION_ESTADO,synthetic:handwritten-templates-v1,true,not_applicable,,not_human_reviewed,VERIFICACION_ESTADO:01,el certificado de antecedentes fiscales,Ibagué
syn-1554,"Buenas tardes, Se borró la información mientras hacía la renovación de la licencia de conducción en Ibagué.",REPORTE_PROBLEMA,synthetic:handwritten-templates-v1,true,not_applicable,,not_human_reviewed,REPORTE_PROBLEMA:07,la renovación de la licencia de conducción,Ibagué
syn-2179,"Disculpa, ¿Me remites a la entidad que manejal certificado de antecedentes fiscales en Ibagué?",DERIVACION_ENTIDAD,synthetic:handwritten-templates-v1,true,not_applicable,,not_human_reviewed,DERIVACION_ENTIDAD:14,el certificado de antecedentes fiscales,Ibagué
syn-1738,"Buenas, ¿me colaboras? Se cayó el portal cuando estaba con el duplicado de la cédula en Bogotá.",REPORTE_PROBLEMA,synthetic:handwritten-templates-v1,true,not_applicable,,not_human_reviewed,REPORTE_PROBLEMA:15,el duplicado de la cédula,Bogotá
syn-1897,"Hola, ¿A cuál oficina debo dirigirme por el registro civil de nacimiento en Bogotá?",DERIVACION_ENTIDAD,synthetic:handwritten-templates-v1,true,not_applicable,,not_human_reviewed,DERIVACION_ENTIDAD:02,el registro civil de nacimiento,Bogotá
syn-1223,Me haces el favor: Me dieron un comprobante de la inscripción del RUT en Barranquilla; quiero revisar la gestión.,VERIFICACION_ESTADO,synthetic:handwritten-templates-v1,true,not_applicable,,not_human_reviewed,VERIFICACION_ESTADO:13,la inscripción del RUT,Barranquilla
syn-0094,"Buenos días, Explícame los requisitos de la actualización del RUT en Manizales.",CONSULTA_INFORMATIVA,synthetic:handwritten-templates-v1,true,not_applicable,,not_human_reviewed,CONSULTA_INFORMATIVA:04,la actualización del RUT,Manizales
syn-0015,"Buenos días, ¿Qué documentos piden para la presentación de PQRS en Cali?",CONSULTA_INFORMATIVA,synthetic:handwritten-templates-v1,true,not_applicable,,not_human_reviewed,CONSULTA_INFORMATIVA:01,la presentación de PQRS,Cali
syn-0913,"Hola, Por favor, guíame para solicitar el certificado de antecedentes judiciales en Villavicencio.",SOLICITUD_TRAMITE,synthetic:handwritten-templates-v1,true,not_applicable,,not_human_reviewed,SOLICITUD_TRAMITE:19,el certificado de antecedentes judiciales,Villavicencio
syn-0522,"Me haces el favor: Necesito hacer la presentación de PQRS en Cali, ¿cómo empiezo?",SOLICITUD_TRAMITE,synthetic:handwritten-templates-v1,true,not_applicable,,not_human_reviewed,SOLICITUD_TRAMITE:03,la presentación de PQRS,Cali
syn-2167,"Disculpa, Necesito comunicarme con la oficina encargada de la corrección del registro civil en Medellín.",DERIVACION_ENTIDAD,synthetic:handwritten-templates-v1,true,not_applicable,,not_human_reviewed,DERIVACION_ENTIDAD:13,la corrección del registro civil,Medellín
syn-1610,"Disculpa, El portal del certificado de afiliación a salud en Villavicencio se cierra sin guardar.",REPORTE_PROBLEMA,synthetic:handwritten-templates-v1,true,not_applicable,,not_human_reviewed,REPORTE_PROBLEMA:09,el certificado de afiliación a salud,Villavicencio
syn-2201,"Buenas tardes, ¿Qué organismo puede atender mi consulta de la renovación de la licencia de conducción en Ibagué?",DERIVACION_ENTIDAD,synthetic:handwritten-templates-v1,true,not_applicable,,not_human_reviewed,DERIVACION_ENTIDAD:15,la renovación de la licencia de conducción,Ibagué
syn-0732,Me haces el favor: Voy a diligenciar la solicitud del certificado de afiliación a salud en Villavicencio.,SOLICITUD_TRAMITE,synthetic:handwritten-templates-v1,true,not_applicable,,not_human_reviewed,SOLICITUD_TRAMITE:12,el certificado de afiliación a salud,Villavicencio
syn-0486,Me haces el favor: Quiero iniciar la encuesta del Sisbén en Bucaramanga.,SOLICITUD_TRAMITE,synthetic:handwritten-templates-v1,true,not_applicable,,not_human_reviewed,SOLICITUD_TRAMITE:01,la encuesta del Sisbén,Bucaramanga
syn-1425,La página de la inscripción del RUT no carga cuando entro desde Barranquilla.,REPORTE_PROBLEMA,synthetic:handwritten-templates-v1,true,not_applicable,,not_human_reviewed,REPORTE_PROBLEMA:01,la inscripción del RUT,Barranquilla
syn-0545,Una preguntica: Voy a gestionar el pasaporte ordinario en Bucaramanga y busco el primer paso.,SOLICITUD_TRAMITE,synthetic:handwritten-templates-v1,true,not_applicable,,not_human_reviewed,SOLICITUD_TRAMITE:04,el pasaporte ordinario,Bucaramanga
syn-2209,"Por favor, ¿Qué organismo puede atender mi consulta de la encuesta del Sisbén en Cúcuta?",DERIVACION_ENTIDAD,synthetic:handwritten-templates-v1,true,not_applicable,,not_human_reviewed,DERIVACION_ENTIDAD:15,la encuesta del Sisbén,Cúcuta
syn-0329,"Buenas tardes, ¿Las condiciones del certificado de antecedentes disciplinarios son las mismas para todos en Pasto?",CONSULTA_INFORMATIVA,synthetic:handwritten-templates-v1,true,not_applicable,,not_human_reviewed,CONSULTA_INFORMATIVA:14,el certificado de antecedentes disciplinarios,Pasto
syn-1539,"Buenas, No puedo adjuntar los documentos de la encuesta del Sisbén en Cúcuta; aparece un fallo.",REPORTE_PROBLEMA,synthetic:handwritten-templates-v1,true,not_applicable,,not_human_reviewed,REPORTE_PROBLEMA:06,la encuesta del Sisbén,Cúcuta
syn-1547,Una preguntica: Se borró la información mientras hacía la encuesta del Sisbén en Bucaramanga.,REPORTE_PROBLEMA,synthetic:handwritten-templates-v1,true,not_applicable,,not_human_reviewed,REPORTE_PROBLEMA:07,la encuesta del Sisbén,Bucaramanga
syn-1838,La cita de la actualización del RUT en Cartagena desapareció del sistema.,REPORTE_PROBLEMA,synthetic:handwritten-templates-v1,true,not_applicable,,not_human_reviewed,REPORTE_PROBLEMA:19,la actualización del RUT,Cartagena
syn-1567,Una preguntica: Se borró la información mientras hacía la inscripción del RUT en Barranquilla.,REPORTE_PROBLEMA,synthetic:handwritten-templates-v1,true,not_applicable,,not_human_reviewed,REPORTE_PROBLEMA:07,la inscripción del RUT,Barranquilla
syn-1534,Me haces el favor: No puedo adjuntar los documentos de la inscripción del RUT en Pereira; aparece un fallo.,REPORTE_PROBLEMA,synthetic:handwritten-templates-v1,true,not_applicable,,not_human_reviewed,REPORTE_PROBLEMA:06,la inscripción del RUT,Pereira
syn-1722,"Buenas tardes, La pantalla de la consulta de historia laboral en Pereira queda en blanco.",REPORTE_PROBLEMA,synthetic:handwritten-templates-v1,true,not_applicable,,not_human_reviewed,REPORTE_PROBLEMA:14,la consulta de historia laboral,Pereira
syn-0555,Una preguntica: Voy a gestionar la consulta de historia laboral en Pasto y busco el primer paso.,SOLICITUD_TRAMITE,synthetic:handwritten-templates-v1,true,not_applicable,,not_human_reviewed,SOLICITUD_TRAMITE:04,la consulta de historia laboral,Pasto
syn-0738,"Por favor, Voy a diligenciar la solicitud de la presentación de PQRS en Cali.",SOLICITUD_TRAMITE,synthetic:handwritten-templates-v1,true,not_applicable,,not_human_reviewed,SOLICITUD_TRAMITE:12,la presentación de PQRS,Cali
syn-1675,"Buenos días, Quiero reportar una falla en el servicio del pasaporte ordinario en Cali.",REPORTE_PROBLEMA,synthetic:handwritten-templates-v1,true,not_applicable,,not_human_reviewed,REPORTE_PROBLEMA:12,el pasaporte ordinario,Cali
syn-1176,"Buenas tardes, Hace unos días presenté la consulta de historia laboral en Pereira; ¿en qué etapa va?",VERIFICACION_ESTADO,synthetic:handwritten-templates-v1,true,not_applicable,,not_human_reviewed,VERIFICACION_ESTADO:11,la consulta de historia laboral,Pereira
syn-0130,"Buenas tardes, ¿Hace falta una cita para la renovación de la licencia de conducción en Ibagué?",CONSULTA_INFORMATIVA,synthetic:handwritten-templates-v1,true,not_applicable,,not_human_reviewed,CONSULTA_INFORMATIVA:06,la renovación de la licencia de conducción,Ibagué
syn-1934,"Disculpa, ¿Quién es el responsable institucional de la cédula digital en Medellín?",DERIVACION_ENTIDAD,synthetic:handwritten-templates-v1,true,not_applicable,,not_human_reviewed,DERIVACION_ENTIDAD:03,la cédula digital,Medellín
syn-0283,"Buenos días, ¿Hay algún pago relacionado con la inscripción del RUT en Barranquilla?",CONSULTA_INFORMATIVA,synthetic:handwritten-templates-v1,true,not_applicable,,not_human_reviewed,CONSULTA_INFORMATIVA:12,la inscripción del RUT,Barranquilla
syn-0247,Busco información general sobre el pasaporte ordinario en Cali.,CONSULTA_INFORMATIVA,synthetic:handwritten-templates-v1,true,not_applicable,,not_human_reviewed,CONSULTA_INFORMATIVA:11,el pasaporte ordinario,Cali
syn-2217,"Hola, ¿Qué organismo puede atender mi consulta de la encuesta del Sisbén en Bucaramanga?",DERIVACION_ENTIDAD,synthetic:handwritten-templates-v1,true,not_applicable,,not_human_reviewed,DERIVACION_ENTIDAD:15,la encuesta del Sisbén,Bucaramanga
syn-0262,"Por favor, ¿Hay algún pago relacionado con el duplicado de la cédula en Barranquilla?",CONSULTA_INFORMATIVA,synthetic:handwritten-templates-v1,true,not_applicable,,not_human_reviewed,CONSULTA_INFORMATIVA:12,el duplicado de la cédula,Barranquilla
syn-1412,Me haces el favor: La página del certificado de antecedentes judiciales no carga cuando entro desde Cúcuta.,REPORTE_PROBLEMA,synthetic:handwritten-templates-v1,true,not_applicable,,not_human_reviewed,REPORTE_PROBLEMA:01,el certificado de antecedentes judiciales,Cúcuta
syn-1736,Me haces el favor: Se cayó el portal cuando estaba con el certificado de afiliación a salud en Villavicencio.,REPORTE_PROBLEMA,synthetic:handwritten-templates-v1,true,not_applicable,,not_human_reviewed,REPORTE_PROBLEMA:15,el certificado de afiliación a salud,Villavicencio
syn-0186,"Me haces el favor: Antes de empezar, quiero conocer los pasos del certificado de afiliación a salud en Villavicencio.",CONSULTA_INFORMATIVA,synthetic:handwritten-templates-v1,true,not_applicable,,not_human_reviewed,CONSULTA_INFORMATIVA:08,el certificado de afiliación a salud,Villavicencio
syn-0300,Una preguntica: Me explicas en palabras sencillas en qué consiste el certificado de antecedentes fiscales en Ibagué.,CONSULTA_INFORMATIVA,synthetic:handwritten-templates-v1,true,not_applicable,,not_human_reviewed,CONSULTA_INFORMATIVA:13,el certificado de antecedentes fiscales,Ibagué
syn-0893,"Hola, Por favor, guíame para solicitar la inscripción del RUT en Pereira.",SOLICITUD_TRAMITE,synthetic:handwritten-templates-v1,true,not_applicable,,not_human_reviewed,SOLICITUD_TRAMITE:19,la inscripción del RUT,Pereira
syn-0013,"Buenas, ¿Qué documentos piden para la renovación de la licencia de conducción en Ibagué?",CONSULTA_INFORMATIVA,synthetic:handwritten-templates-v1,true,not_applicable,,not_human_reviewed,CONSULTA_INFORMATIVA:01,la renovación de la licencia de conducción,Ibagué
syn-1043,Me haces el favor: Tengo un radicado del certificado de antecedentes judiciales en Cúcuta y busco su estado.,VERIFICACION_ESTADO,synthetic:handwritten-templates-v1,true,not_applicable,,not_human_reviewed,VERIFICACION_ESTADO:05,el certificado de antecedentes judiciales,Cúcuta
syn-1622,"Disculpa, La plataforma muestra un error de conexión al hacer la actualización del RUT en Cartagena.",REPORTE_PROBLEMA,synthetic:handwritten-templates-v1,true,not_applicable,,not_human_reviewed,REPORTE_PROBLEMA:10,la actualización del RUT,Cartagena
syn-0090,Explícame los requisitos del certificado de antecedentes disciplinarios en Pasto.,CONSULTA_INFORMATIVA,synthetic:handwritten-templates-v1,true,not_applicable,,not_human_reviewed,CONSULTA_INFORMATIVA:04,el certificado de antecedentes disciplinarios,Pasto
syn-1263,"Buenas tardes, ¿Han actualizado el estado de mi petición del registro civil de nacimiento en Bogotá?",VERIFICACION_ESTADO,synthetic:handwritten-templates-v1,true,not_applicable,,not_human_reviewed,VERIFICACION_ESTADO:14,el registro civil de nacimiento,Bogotá
syn-1894,"Hola, ¿Qué entidad atiende la presentación de PQRS en Cali?",DERIVACION_ENTIDAD,synthetic:handwritten-templates-v1,true,not_applicable,,not_human_reviewed,DERIVACION_ENTIDAD:01,la presentación de PQRS,Cali
syn-0237,Busco información general sobre el certificado de antecedentes judiciales en Villavicencio.,CONSULTA_INFORMATIVA,synthetic:handwritten-templates-v1,true,not_applicable,,not_human_reviewed,CONSULTA_INFORMATIVA:11,el certificado de antecedentes judiciales,Villavicencio
syn-1872,"Hola, Hay un problema: el portal de la encuesta del Sisbén en Cúcuta no termina de procesar.",REPORTE_PROBLEMA,synthetic:handwritten-templates-v1,true,not_applicable,,not_human_reviewed,REPORTE_PROBLEMA:20,la encuesta del Sisbén,Cúcuta
syn-1702,Una preguntica: El código de verificación del pasaporte ordinario en Cali no llega.,REPORTE_PROBLEMA,synthetic:handwritten-templates-v1,true,not_applicable,,not_human_reviewed,REPORTE_PROBLEMA:13,el pasaporte ordinario,Cali
syn-2103,"Buenas, ¿me colaboras? Quiero hablar con un funcionario responsable de la consulta de historia laboral en Pereira.",DERIVACION_ENTIDAD,synthetic:handwritten-templates-v1,true,not_applicable,,not_human_reviewed,DERIVACION_ENTIDAD:10,la consulta de historia laboral,Pereira
syn-0541,"Buenos días, Voy a gestionar la presentación de PQRS en Cali y busco el primer paso.",SOLICITUD_TRAMITE,synthetic:handwritten-templates-v1,true,not_applicable,,not_human_reviewed,SOLICITUD_TRAMITE:04,la presentación de PQRS,Cali
syn-1858,Me haces el favor: Hay un problema: el portal del certificado de antecedentes judiciales en Cúcuta no termina de procesar.,REPORTE_PROBLEMA,synthetic:handwritten-templates-v1,true,not_applicable,,not_human_reviewed,REPORTE_PROBLEMA:20,el certificado de antecedentes judiciales,Cúcuta
syn-0228,"Por favor, ¿Qué comprobantes debo llevar paral certificado de afiliación a salud en Villavicencio?",CONSULTA_INFORMATIVA,synthetic:handwritten-templates-v1,true,not_applicable,,not_human_reviewed,CONSULTA_INFORMATIVA:10,el certificado de afiliación a salud,Villavicencio
syn-1825,No me deja ingresar a la plataforma del pasaporte ordinario en Bucaramanga.,REPORTE_PROBLEMA,synthetic:handwritten-templates-v1,true,not_applicable,,not_human_reviewed,REPORTE_PROBLEMA:18,el pasaporte ordinario,Bucaramanga
syn-2091,Me haces el favor: Quiero hablar con un funcionario responsable de la cédula digital en Cartagena.,DERIVACION_ENTIDAD,synthetic:handwritten-templates-v1,true,not_applicable,,not_human_reviewed,DERIVACION_ENTIDAD:10,la cédula digital,Cartagena
syn-0373,"Buenas tardes, Vivo en Villavicencio, ¿dónde leo los requisitos oficiales del certificado de afiliación a salud?",CONSULTA_INFORMATIVA,synthetic:handwritten-templates-v1,true,not_applicable,,not_human_reviewed,CONSULTA_INFORMATIVA:16,el certificado de afiliación a salud,Villavicencio
syn-2003,"Buenas, ¿me colaboras? Oriéntame hacial canal oficial de atención del certificado de afiliación a salud en Villavicencio.",DERIVACION_ENTIDAD,synthetic:handwritten-templates-v1,true,not_applicable,,not_human_reviewed,DERIVACION_ENTIDAD:06,el certificado de afiliación a salud,Villavicencio
syn-0842,"Disculpa, Busco comenzar la presentación de PQRS por el canal oficial de Cali.",SOLICITUD_TRAMITE,synthetic:handwritten-templates-v1,true,not_applicable,,not_human_reviewed,SOLICITUD_TRAMITE:17,la presentación de PQRS,Cali
syn-0477,Una preguntica: Quiero iniciar la consulta de historia laboral en Pasto.,SOLICITUD_TRAMITE,synthetic:handwritten-templates-v1,true,not_applicable,,not_human_reviewed,SOLICITUD_TRAMITE:01,la consulta de historia laboral,Pasto
syn-1810,"Buenas tardes, No me deja ingresar a la plataforma de la actualización del RUT en Cartagena.",REPORTE_PROBLEMA,synthetic:handwritten-templates-v1,true,not_applicable,,not_human_reviewed,REPORTE_PROBLEMA:18,la actualización del RUT,Cartagena
syn-2132,"Por favor, ¿Cuál es el canal institucional para pedir orientación sobre el certificado de antecedentes disciplinarios en Pasto?",DERIVACION_ENTIDAD,synthetic:handwritten-templates-v1,true,not_applicable,,not_human_reviewed,DERIVACION_ENTIDAD:12,el certificado de antecedentes disciplinarios,Pasto
syn-2329,¿A quién le corresponde orientarme sobre el certificado de antecedentes judiciales en Cúcuta?,DERIVACION_ENTIDAD,synthetic:handwritten-templates-v1,true,not_applicable,,not_human_reviewed,DERIVACION_ENTIDAD:20,el certificado de antecedentes judiciales,Cúcuta
syn-0674,"Disculpa, Quiero agendar el inicio del duplicado de la cédula en Bogotá.",SOLICITUD_TRAMITE,synthetic:handwritten-templates-v1,true,not_applicable,,not_human_reviewed,SOLICITUD_TRAMITE:09,el duplicado de la cédula,Bogotá
syn-0614,"Hola, Me interesa realizar la presentación de PQRS en Cali ahora.",SOLICITUD_TRAMITE,synthetic:handwritten-templates-v1,true,not_applicable,,not_human_reviewed,SOLICITUD_TRAMITE:07,la presentación de PQRS,Cali
syn-2199,"Disculpa, ¿Me remites a la entidad que maneja la consulta de historia laboral en Pereira?",DERIVACION_ENTIDAD,synthetic:handwritten-templates-v1,true,not_applicable,,not_human_reviewed,DERIVACION_ENTIDAD:14,la consulta de historia laboral,Pereira
syn-0829,"Buenas tardes, Quiero abrir una gestión nueva del certificado de antecedentes disciplinarios en Pasto.",SOLICITUD_TRAMITE,synthetic:handwritten-templates-v1,true,not_applicable,,not_human_reviewed,SOLICITUD_TRAMITE:16,el certificado de antecedentes disciplinarios,Pasto
syn-2071,"Buenas, ¿me colaboras? ¿A qué dependencia le correspondel certificado de antecedentes judiciales en Cúcuta?",DERIVACION_ENTIDAD,synthetic:handwritten-templates-v1,true,not_applicable,,not_human_reviewed,DERIVACION_ENTIDAD:09,el certificado de antecedentes judiciales,Cúcuta
syn-2244,"Buenas tardes, Quiero la dirección de la sede competente para la corrección del registro civil en Medellín.",DERIVACION_ENTIDAD,synthetic:handwritten-templates-v1,true,not_applicable,,not_human_reviewed,DERIVACION_ENTIDAD:16,la corrección del registro civil,Medellín
syn-0253,"Disculpa, Busco información general sobre el certificado de antecedentes disciplinarios en Pasto.",CONSULTA_INFORMATIVA,synthetic:handwritten-templates-v1,true,not_applicable,,not_human_reviewed,CONSULTA_INFORMATIVA:11,el certificado de antecedentes disciplinarios,Pasto
syn-0460,"Por favor, Estoy averiguando cómo es el certificado de antecedentes disciplinarios en Pasto, todavía no voy a iniciarlo.",CONSULTA_INFORMATIVA,synthetic:handwritten-templates-v1,true,not_applicable,,not_human_reviewed,CONSULTA_INFORMATIVA:20,el certificado de antecedentes disciplinarios,Pasto
syn-0320,"Disculpa, ¿Las condiciones del duplicado de la cédula son las mismas para todos en Barranquilla?",CONSULTA_INFORMATIVA,synthetic:handwritten-templates-v1,true,not_applicable,,not_human_reviewed,CONSULTA_INFORMATIVA:14,el duplicado de la cédula,Barranquilla
syn-1482,"Hola, Intenté pagar el certificado de antecedentes judiciales en Villavicencio y el portal rechazó la operación.",REPORTE_PROBLEMA,synthetic:handwritten-templates-v1,true,not_applicable,,not_human_reviewed,REPORTE_PROBLEMA:04,el certificado de antecedentes judiciales,Villavicencio
syn-2164,"Por favor, Necesito comunicarme con la oficina encargada del pasaporte ordinario en Bucaramanga.",DERIVACION_ENTIDAD,synthetic:handwritten-templates-v1,true,not_applicable,,not_human_reviewed,DERIVACION_ENTIDAD:13,el pasaporte ordinario,Bucaramanga
syn-2316,Busco atención presencial de la institución que lleval pasaporte ordinario en Cali.,DERIVACION_ENTIDAD,synthetic:handwritten-templates-v1,true,not_applicable,,not_human_reviewed,DERIVACION_ENTIDAD:19,el pasaporte ordinario,Cali
syn-2153,"Buenas, Necesito comunicarme con la oficina encargada de la cédula digital en Medellín.",DERIVACION_ENTIDAD,synthetic:handwritten-templates-v1,true,not_applicable,,not_human_reviewed,DERIVACION_ENTIDAD:13,la cédula digital,Medellín
syn-0336,¿Qué datos pidel formulario del certificado de afiliación a salud en Villavicencio?,CONSULTA_INFORMATIVA,synthetic:handwritten-templates-v1,true,not_applicable,,not_human_reviewed,CONSULTA_INFORMATIVA:15,el certificado de afiliación a salud,Villavicencio
syn-1014,"Hola, ¿Cómo hago seguimiento a mi solicitud existente de la actualización del RUT en Manizales?",VERIFICACION_ESTADO,synthetic:handwritten-templates-v1,true,not_applicable,,not_human_reviewed,VERIFICACION_ESTADO:04,la actualización del RUT,Manizales
syn-0895,"Por favor, Por favor, guíame para solicitar la presentación de PQRS en Cali.",SOLICITUD_TRAMITE,synthetic:handwritten-templates-v1,true,not_applicable,,not_human_reviewed,SOLICITUD_TRAMITE:19,la presentación de PQRS,Cali
syn-2202,"Disculpa, ¿Qué organismo puede atender mi consulta de la inscripción del RUT en Barranquilla?",DERIVACION_ENTIDAD,synthetic:handwritten-templates-v1,true,not_applicable,,not_human_reviewed,DERIVACION_ENTIDAD:15,la inscripción del RUT,Barranquilla
syn-1929,"Hola, ¿Quién es el responsable institucional del certificado de antecedentes disciplinarios en Pasto?",DERIVACION_ENTIDAD,synthetic:handwritten-templates-v1,true,not_applicable,,not_human_reviewed,DERIVACION_ENTIDAD:03,el certificado de antecedentes disciplinarios,Pasto
syn-2250,"Buenas, ¿me colaboras? ¿Cómo contacto al área de atención ciudadana del certificado de antecedentes disciplinarios en Pasto?",DERIVACION_ENTIDAD,synthetic:handwritten-templates-v1,true,not_applicable,,not_human_reviewed,DERIVACION_ENTIDAD:17,el certificado de antecedentes disciplinarios,Pasto
syn-1704,El código de verificación de la cédula digital en Medellín no llega.,REPORTE_PROBLEMA,synthetic:handwritten-templates-v1,true,not_applicable,,not_human_reviewed,REPORTE_PROBLEMA:13,la cédula digital,Medellín
syn-1531,"Buenos días, No puedo adjuntar los documentos del certificado de antecedentes judiciales en Cúcuta; aparece un fallo.",REPORTE_PROBLEMA,synthetic:handwritten-templates-v1,true,not_applicable,,not_human_reviewed,REPORTE_PROBLEMA:06,el certificado de antecedentes judiciales,Cúcuta
syn-1864,"Por favor, Hay un problema: el portal de la renovación de la licencia de conducción en Ibagué no termina de procesar.",REPORTE_PROBLEMA,synthetic:handwritten-templates-v1,true,not_applicable,,not_human_reviewed,REPORTE_PROBLEMA:20,la renovación de la licencia de conducción,Ibagué
syn-0628,"Buenas tardes, Me interesa realizar el certificado de antecedentes judiciales en Cúcuta ahora.",SOLICITUD_TRAMITE,synthetic:handwritten-templates-v1,true,not_applicable,,not_human_reviewed,SOLICITUD_TRAMITE:07,el certificado de antecedentes judiciales,Cúcuta
syn-1959,"Buenas, ¿me colaboras? Quiero contactar a la entidad encargada de la actualización del RUT en Manizales.",DERIVACION_ENTIDAD,synthetic:handwritten-templates-v1,true,not_applicable,,not_human_reviewed,DERIVACION_ENTIDAD:04,la actualización del RUT,Manizales
syn-0548,"Hola, Voy a gestionar la corrección del registro civil en Medellín y busco el primer paso.",SOLICITUD_TRAMITE,synthetic:handwritten-templates-v1,true,not_applicable,,not_human_reviewed,SOLICITUD_TRAMITE:04,la corrección del registro civil,Medellín
syn-0898,"Disculpa, Por favor, guíame para solicitar la consulta de historia laboral en Pasto.",SOLICITUD_TRAMITE,synthetic:handwritten-templates-v1,true,not_applicable,,not_human_reviewed,SOLICITUD_TRAMITE:19,la consulta de historia laboral,Pasto
syn-0905,"Por favor, Por favor, guíame para solicitar el duplicado de la cédula en Barranquilla.",SOLICITUD_TRAMITE,synthetic:handwritten-templates-v1,true,not_applicable,,not_human_reviewed,SOLICITUD_TRAMITE:19,el duplicado de la cédula,Barranquilla
syn-1506,"Buenas, El botón para continuar con el pasaporte ordinario en Bucaramanga no funciona.",REPORTE_PROBLEMA,synthetic:handwritten-templates-v1,true,not_applicable,,not_human_reviewed,REPORTE_PROBLEMA:05,el pasaporte ordinario,Bucaramanga
syn-2336,Me haces el favor: ¿A quién le corresponde orientarme sobre la consulta de historia laboral en Pasto?,DERIVACION_ENTIDAD,synthetic:handwritten-templates-v1,true,not_applicable,,not_human_reviewed,DERIVACION_ENTIDAD:20,la consulta de historia laboral,Pasto
syn-0481,"Buenas, Quiero iniciar el certificado de antecedentes judiciales en Cúcuta.",SOLICITUD_TRAMITE,synthetic:handwritten-templates-v1,true,not_applicable,,not_human_reviewed,SOLICITUD_TRAMITE:01,el certificado de antecedentes judiciales,Cúcuta
syn-1274,"Por favor, ¿Mi solicitud anterior del pasaporte ordinario en Cali continúa pendiente?",VERIFICACION_ESTADO,synthetic:handwritten-templates-v1,true,not_applicable,,not_human_reviewed,VERIFICACION_ESTADO:15,el pasaporte ordinario,Cali
syn-2059,Busco el contacto de la autoridad competente paral certificado de afiliación a salud en Villavicencio.,DERIVACION_ENTIDAD,synthetic:handwritten-templates-v1,true,not_applicable,,not_human_reviewed,DERIVACION_ENTIDAD:08,el certificado de afiliación a salud,Villavicencio
syn-2332,"Por favor, ¿A quién le corresponde orientarme sobre el pasaporte ordinario en Cali?",DERIVACION_ENTIDAD,synthetic:handwritten-templates-v1,true,not_applicable,,not_human_reviewed,DERIVACION_ENTIDAD:20,el pasaporte ordinario,Cali
syn-0655,"Buenas, ¿me colaboras? Indícame cómo radicar una nueva solicitud del pasaporte ordinario en Bucaramanga.",SOLICITUD_TRAMITE,synthetic:handwritten-templates-v1,true,not_applicable,,not_human_reviewed,SOLICITUD_TRAMITE:08,el pasaporte ordinario,Bucaramanga
syn-1257,"Buenas, ¿me colaboras? ¿Han actualizado el estado de mi petición del pasaporte ordinario en Bucaramanga?",VERIFICACION_ESTADO,synthetic:handwritten-templates-v1,true,not_applicable,,not_human_reviewed,VERIFICACION_ESTADO:14,el pasaporte ordinario,Bucaramanga
syn-1907,"Hola, ¿A cuál oficina debo dirigirme por la consulta de historia laboral en Pasto?",DERIVACION_ENTIDAD,synthetic:handwritten-templates-v1,true,not_applicable,,not_human_reviewed,DERIVACION_ENTIDAD:02,la consulta de historia laboral,Pasto
syn-0485,"Disculpa, Quiero iniciar la inscripción del RUT en Pereira.",SOLICITUD_TRAMITE,synthetic:handwritten-templates-v1,true,not_applicable,,not_human_reviewed,SOLICITUD_TRAMITE:01,la inscripción del RUT,Pereira
syn-0255,Una preguntica: Busco información general sobre la encuesta del Sisbén en Bucaramanga.,CONSULTA_INFORMATIVA,synthetic:handwritten-templates-v1,true,not_applicable,,not_human_reviewed,CONSULTA_INFORMATIVA:11,la encuesta del Sisbén,Bucaramanga
syn-0968,"Buenas, ¿me colaboras? Ya hice la inscripción del RUT en Barranquilla, ¿cómo va la gestión?",VERIFICACION_ESTADO,synthetic:handwritten-templates-v1,true,not_applicable,,not_human_reviewed,VERIFICACION_ESTADO:02,la inscripción del RUT,Barranquilla
syn-1473,"Buenos días, El sistema del certificado de antecedentes disciplinarios en Pasto se queda bloqueado.",REPORTE_PROBLEMA,synthetic:handwritten-templates-v1,true,not_applicable,,not_human_reviewed,REPORTE_PROBLEMA:03,el certificado de antecedentes disciplinarios,Pasto
syn-1072,"Por favor, ¿Ya respondieron mi petición de la consulta de historia laboral en Pereira?",VERIFICACION_ESTADO,synthetic:handwritten-templates-v1,true,not_applicable,,not_human_reviewed,VERIFICACION_ESTADO:06,la consulta de historia laboral,Pereira
syn-0047,"Por favor, ¿Cuánto cuesta la renovación de la licencia de conducción en Ibagué?",CONSULTA_INFORMATIVA,synthetic:handwritten-templates-v1,true,not_applicable,,not_human_reviewed,CONSULTA_INFORMATIVA:02,la renovación de la licencia de conducción,Ibagué
syn-1237,"Hola, Me dieron un comprobante de la renovación de la licencia de conducción en Ibagué; quiero revisar la gestión.",VERIFICACION_ESTADO,synthetic:handwritten-templates-v1,true,not_applicable,,not_human_reviewed,VERIFICACION_ESTADO:13,la renovación de la licencia de conducción,Ibagué
syn-1351,"Por favor, ¿Cómo veo el resultado de mi solicitud registrada de la consulta de historia laboral en Pasto?",VERIFICACION_ESTADO,synthetic:handwritten-templates-v1,true,not_applicable,,not_human_reviewed,VERIFICACION_ESTADO:18,la consulta de historia laboral,Pasto
syn-1094,"Buenas, Presenté la consulta de historia laboral en Pasto, ¿sigue en revisión?",VERIFICACION_ESTADO,synthetic:handwritten-templates-v1,true,not_applicable,,not_human_reviewed,VERIFICACION_ESTADO:07,la consulta de historia laboral,Pasto
syn-1830,"Buenas, La cita de la consulta de historia laboral en Pasto desapareció del sistema.",REPORTE_PROBLEMA,synthetic:handwritten-templates-v1,true,not_applicable,,not_human_reviewed,REPORTE_PROBLEMA:19,la consulta de historia laboral,Pasto
syn-0965,"Disculpa, Ya hice el certificado de antecedentes disciplinarios en Pasto, ¿cómo va la gestión?",VERIFICACION_ESTADO,synthetic:handwritten-templates-v1,true,not_applicable,,not_human_reviewed,VERIFICACION_ESTADO:02,el certificado de antecedentes disciplinarios,Pasto
syn-1572,"Hola, El enlace del pasaporte ordinario para Cali está roto.",REPORTE_PROBLEMA,synthetic:handwritten-templates-v1,true,not_applicable,,not_human_reviewed,REPORTE_PROBLEMA:08,el pasaporte ordinario,Cali
syn-1069,¿Ya respondieron mi petición de la cédula digital en Medellín?,VERIFICACION_ESTADO,synthetic:handwritten-templates-v1,true,not_applicable,,not_human_reviewed,VERIFICACION_ESTADO:06,la cédula digital,Medellín
syn-0028,"Buenos días, ¿Cuánto cuesta la consulta de historia laboral en Pereira?",CONSULTA_INFORMATIVA,synthetic:handwritten-templates-v1,true,not_applicable,,not_human_reviewed,CONSULTA_INFORMATIVA:02,la consulta de historia laboral,Pereira
syn-1017,"Buenos días, ¿Cómo hago seguimiento a mi solicitud existente del certificado de antecedentes judiciales en Cúcuta?",VERIFICACION_ESTADO,synthetic:handwritten-templates-v1,true,not_applicable,,not_human_reviewed,VERIFICACION_ESTADO:04,el certificado de antecedentes judiciales,Cúcuta
syn-1326,Necesito consultar si finalizaron la actualización del RUT que inicié en Cartagena.,VERIFICACION_ESTADO,synthetic:handwritten-templates-v1,true,not_applicable,,not_human_reviewed,VERIFICACION_ESTADO:17,la actualización del RUT,Cartagena
syn-1956,"Disculpa, Quiero contactar a la entidad encargada de la cédula digital en Medellín.",DERIVACION_ENTIDAD,synthetic:handwritten-templates-v1,true,not_applicable,,not_human_reviewed,DERIVACION_ENTIDAD:04,la cédula digital,Medellín
syn-0576,Me haces el favor: Quisiera presentar una solicitud de la corrección del registro civil en Medellín.,SOLICITUD_TRAMITE,synthetic:handwritten-templates-v1,true,not_applicable,,not_human_reviewed,SOLICITUD_TRAMITE:05,la corrección del registro civil,Medellín
syn-0757,"Buenas, ¿me colaboras? Necesito el enlace para iniciar la renovación de la licencia de conducción desde Manizales.",SOLICITUD_TRAMITE,synthetic:handwritten-templates-v1,true,not_applicable,,not_human_reviewed,SOLICITUD_TRAMITE:13,la renovación de la licencia de conducción,Manizales
syn-0391,"Hola, ¿Cuáles son las etapas de la inscripción del RUT para alguien de Pereira?",CONSULTA_INFORMATIVA,synthetic:handwritten-templates-v1,true,not_applicable,,not_human_reviewed,CONSULTA_INFORMATIVA:17,la inscripción del RUT,Pereira
syn-1642,"Por favor, El formulario de la cédula digital en Cartagena rechaza datos que son correctos.",REPORTE_PROBLEMA,synthetic:handwritten-templates-v1,true,not_applicable,,not_human_reviewed,REPORTE_PROBLEMA:11,la cédula digital,Cartagena
syn-0356,"Una preguntica: Vivo en Cartagena, ¿dónde leo los requisitos oficiales de la actualización del RUT?",CONSULTA_INFORMATIVA,synthetic:handwritten-templates-v1,true,not_applicable,,not_human_reviewed,CONSULTA_INFORMATIVA:16,la actualización del RUT,Cartagena
syn-1344,"Disculpa, ¿Cómo veo el resultado de mi solicitud registrada del certificado de antecedentes judiciales en Villavicencio?",VERIFICACION_ESTADO,synthetic:handwritten-templates-v1,true,not_applicable,,not_human_reviewed,VERIFICACION_ESTADO:18,el certificado de antecedentes judiciales,Villavicencio
syn-2111,"Buenos días, ¿Dónde me atiende una persona por la encuesta del Sisbén en Cúcuta?",DERIVACION_ENTIDAD,synthetic:handwritten-templates-v1,true,not_applicable,,not_human_reviewed,DERIVACION_ENTIDAD:11,la encuesta del Sisbén,Cúcuta
syn-1752,"Por favor, Se cayó el portal cuando estaba con la encuesta del Sisbén en Cúcuta.",REPORTE_PROBLEMA,synthetic:handwritten-templates-v1,true,not_applicable,,not_human_reviewed,REPORTE_PROBLEMA:15,la encuesta del Sisbén,Cúcuta
syn-1661,"Buenas, El formulario del certificado de antecedentes disciplinarios en Pasto rechaza datos que son correctos.",REPORTE_PROBLEMA,synthetic:handwritten-templates-v1,true,not_applicable,,not_human_reviewed,REPORTE_PROBLEMA:11,el certificado de antecedentes disciplinarios,Pasto
syn-0719,Me haces el favor: Es mi primera vez haciendo el pasaporte ordinario en Cali; quiero empezarlo.,SOLICITUD_TRAMITE,synthetic:handwritten-templates-v1,true,not_applicable,,not_human_reviewed,SOLICITUD_TRAMITE:11,el pasaporte ordinario,Cali
syn-0792,"Buenas, Quiero pasar de la información a la solicitud del pasaporte ordinario en Cali.",SOLICITUD_TRAMITE,synthetic:handwritten-templates-v1,true,not_applicable,,not_human_reviewed,SOLICITUD_TRAMITE:14,el pasaporte ordinario,Cali
syn-2326,Me haces el favor: ¿A quién le corresponde orientarme sobre la actualización del RUT en Manizales?,DERIVACION_ENTIDAD,synthetic:handwritten-templates-v1,true,not_applicable,,not_human_reviewed,DERIVACION_ENTIDAD:20,la actualización del RUT,Manizales
syn-1209,"Buenas tardes, ¿Dónde miro la respuesta a mi radicación de la actualización del RUT en Manizales?",VERIFICACION_ESTADO,synthetic:handwritten-templates-v1,true,not_applicable,,not_human_reviewed,VERIFICACION_ESTADO:12,la actualización del RUT,Manizales
syn-1381,Tengo una gestión abierta del duplicado de la cédula en Barranquilla y quiero ver su avance.,VERIFICACION_ESTADO,synthetic:handwritten-templates-v1,true,not_applicable,,not_human_reviewed,VERIFICACION_ESTADO:19,el duplicado de la cédula,Barranquilla
syn-0058,"Hola, ¿Cuál es el plazo habitual de la actualización del RUT en Cartagena?",CONSULTA_INFORMATIVA,synthetic:handwritten-templates-v1,true,not_applicable,,not_human_reviewed,CONSULTA_INFORMATIVA:03,la actualización del RUT,Cartagena
syn-0763,"Buenas tardes, Necesito el enlace para iniciar el pasaporte ordinario desde Bucaramanga.",SOLICITUD_TRAMITE,synthetic:handwritten-templates-v1,true,not_applicable,,not_human_reviewed,SOLICITUD_TRAMITE:13,el pasaporte ordinario,Bucaramanga
syn-1054,"Buenas tardes, ¿Ya respondieron mi petición de la actualización del RUT en Manizales?",VERIFICACION_ESTADO,synthetic:handwritten-templates-v1,true,not_applicable,,not_human_reviewed,VERIFICACION_ESTADO:06,la actualización del RUT,Manizales
